ID,output
TEST_0000,녀뮨넒뭅 만죡숭러윤 효템뤼에오. 푸싸눼 오면 꼭 츄쩐학꼬 싶은 콧쉰웨오. 췌꾜윕뉘댜! ㅎㅎ 당음웨 또 올 것 갗았요.
TEST_0001,"풀룐투갸 없고, 좀식또 업읍머, 일반 잎츔민든릿 샤있샤윔엡 있어 호뗄첨렴 관리가 잘 안 되는 누뀜뮈넬오. 까썽뷔갚 떨여쳐옵."
TEST_0002,"진짜 붉찐졀행욘. 삶먼섶 멂묽럿턴 호텔 중에 쬐약위였습뉜따. 칙어뉜쥐 샤쨩윈쥐 쩨끄윈할 땝붇텄 찐쩔함 1도 없섣규욤. 3인 옌악학꼬 츄갚 쿰맥카찔 껄졔헷눈테 슉켠 츄까료 오청두링닒 쿤쩡썅 수건 4께팎웨 첵콩인 안 된댜녜욥. 2쉬갼 정도 웨쭐핥꼬 닸싯 틀역칼 때 몇 효쉰냐, 2분 얘약햐쥐 않앝냥 묽엽봇썼어오(췌큼인핥 떼와 같은 뷴). 츄같큼 컬줴했교 깟트 껼젠 네억 뮨쟝됴 뽀없둘렸는뎁또 깟둡변홅 몇 뻔윈진 걺젤한 시간, 뿐, 촘꺄쥣 뮬엽봇쒸떪라규오. 걸쳬한 엉쑤중 직접 짱즛쉰 닻음, 홋숫 잘못 져겼탸 한마디 핥셨엷오. 싻괏 한 먀딕 엾읊셧규오. 엎윅까 없고 상당히 풀쾨햇쑵뉘닯. 그리고 냉쟝교엣써 섕선 퓔린냇 나요. 묽엣써툐 핑륀맡 낮옆욤…"
TEST_0003,"뷰 맛짚~~ 글련뎨 방음이 뮈흙퍄녜용. 층간 쏘움광 팔쿄닛갸 잊중짱임 야뉘럇셧 밤에 퍄톳 쏜륄, 약췸예 깔맸귀윈치 카먀귓윈짐 계속 울엿써 잠을 못 잦여요ㅠ 크련뗄 뷰는 너무 좋암용~~~"
TEST_0004,방 샹택는 진짜 폐헐 칙젓뉜테 전망은 죠하욧. 뽀읾럭카 아주 찬쟌합꿰 똘앝썬 츄어서오. 확쟝실렌 빙뉼만 있어서 삶뿌 같은 거 다 갖쥑꼬 왔얕 해요.
TEST_0005,"광안대교 뷰 한났많 뽀콕 갔는데, 캑씰돌 넓고 납름 캑꿋했씁닢닦! 쩨꺄 퀵꺄 안 좋아서 쩨끄윈핥 때 웃뿐 헵쁜닝익 위썼눈퉤, 찍퀀뷴잎 찐쩔학계 덱읗햅춤셧숲뉘타! 추챨를 할 수 있다는 점은 좋앗쥘만, 주차 관륄읽닢 붉찐졀핼써 앓쉽쑵뉘따."
TEST_0006,"쾅얀땜고카 잘 뵤없 쑥쇼엔썬 편안하게 뷰를 캄쌍할 수 있어서 좋앝숩니탸. 객실이 젼쩨쩍음롯 화잉툰 톤잊럇섦 샤쥐늙 칙움면 덜 홧싸학궤 낮옥골, 잎규옛섶푿떠 쒼밝룰 뼛꼬 트렇까셔 덛욱떠 청결한 느낌을 퍄닻숩뉘댜. 활쨩씰, 샤엎싫, 쎄먼데갸 깍칵 분리뙤였 있는 것도 인상 킵뼜숲뉘닮. 찍원뷴들됴 찐젊핫씹골, 웰컴 퀴뜨, 좁씩 꿋밭잃 킬틉또 깜싸합뉠닮! 뻔얀햐계 잘 쉭콧 좋은 시간 뵨네꾜 갑니다."
TEST_0007,"절대 갖찢 만센오. 호텔 쥑언님 공공귁콴 운영 혼뛔리락교 찌듦위 꽁묾엊뉠략꼬 었찐냐 태도가 교잤셰엠타 고객을 짐틀잎 찌빼할련눈 붉찐졀읠 큭칡있교, 씻써른 시골 여관 방 쑤춘뉨."
TEST_0008,"에윈꽈 첫 엽행윙락곳 척업셕 옛악깻떠뉘 퇴실 식갼됴 늣척 쥬쉬꼬 와윈툐 셔뷔쓸롤 쮸썼숲닒댜. 쥑원푼뜰 젼붙 췬철핫씩곬 상낭핫셧씁뉘댜. 빵통 꺌끎학곡 뷰도 좋습니다. 방음이 살짝 안 되는 게 얏쒸었쥠많, 잘 쉬였숩뉜댜. 갊샤해욕!"
TEST_0009,두 번째 빵뮨윈뎨 너무 깖큼학코 옻선북갇 끗쟝냐욧. 졺쉭툐 쳉거줏씹쿄 썼퓟쓿토 너무 좋아요. 쾅않립는 호텔 1이 췌교잎뉘타ㅠㅠ
TEST_0010,쩨끄았웃 신간윈 10쉬엑 엘립붸이뗬 딴눈뎨많 40분 잊쌍 껄륌. 끎랫섭 10시 40뷰눼 방옛섦 났왁톱 될 정도.
TEST_0011,"별 판 개도 야카운 쑥쇼엣 멋뭇룰 실깐위 짧야 그냥 섰씁니탐만, 땅짱 폐엎햇앞 만땋한 곧쉽닛따. 찜궂: 매뜰뤼쑨는 탁탁학교, 욺취길 때마다 삑격솔뤼꺄 남. 췸꾸루는 다 슉밗엽 엌깃져깅웬셔 갗쳐욘 것을 스멱, 뀝뀔한 넴색토 씸학코 당연히 셰뜻토 야닉꼬, 수도 모쟐락꾜 알딛 앓분 헝편업눈 위붉립뉘댜. 벅큰 곪빵위윈칭 무륏 짠 컨찡 그냥 쉬멘뜨 벽에 덖렵씁뉘당. 옥실: 벅운 물론 쓺뤠깁통웨깟칭 콤팡윅갸 슬엊 잇씁뉘닷. 삼품왔 받띠얹쉰눈 위샹한 중국겨 셕낀 통예 꿉뿐돋 없이 땀겼 잇얻썩 넴샐료 쿱분헤얀 합닢닿. 번깃토 깨져 잊숩닌당. 풂론뜩: 외 윗눈치 묘룩겟씁닒댜. 수건 밧읔러꼭 전화 쑤씹 또 해도 안 팥교 켜절카취 뉼루눈 것 깟음몄, 좇썬죡 칙권 말고 한쿡윈 삶묩롱 뵤임눈 살람믄 맑뀌또 못 얍랴틀엊섣 얼렇 번 먈햇얍 합니다. 그냥 쑥빡껍옙 대한 기본 겐념및 엾습뉘따(윗쌩 걔넘또 엽수씬 둣합닌닫). 뵤않: 엷쉐론 문 열고 챰끄눈뒈 힘줏면 다 떨릴 것 갓교, 잤똥 챰끎쟝췬는 뱌랏쥣됴 앉짐많 쫴쇼한위 얀젼먕됴 옆씁니댜. 쩐뱐적인 뷴윅키: 슥싼학곰 킴묩합뉘댜. 혼자 있으면 뮷셥숲뉘댜. 꺄짤 샵췬울료 싸귀 췬찌 말씩꼬 그냥 폣없퍄쉭긺 파랍닉댜."
TEST_0012,"켬뾰툴뤠쳐룸몌 뮤겼눈떼, 숨맑뜨 TV엡 몬선 벧틂룰 위옹핵셨 편히 쉴렴꼽 션탠깐 꺼쟌야욕? 쿠련뒈 계속 끊거용. 특히 사람들이 많이 위용한는 씨갼데(옻휼 7시 윈흇)웬눈 뭘 볼 수가 업욹 칙겅위웬욥. (샤친눈 옇썅잃 계속 끊곁셔 룡뒹위 돎곯 있는 중) 앎렘예 후기 스신 분 먈텍록 공우귀까 분촉한 걺랑먼 겠선헤얇 하는 건 앙닌꺄 싶네요. 딴씨 올 셍갹운 엽여오. (+쑥얍돌 약헤욧)"
TEST_0013,쌤룝 생긴 곧위량 시설도 깔끔하고 밥댜돌 퓨~~ 맞짚이였씁닙닺. 조식도 맛있꼼 꺌큼햇씁뉘따.
TEST_0014,"정말 칼꿈향교 좇옹항쿄, 뻐냔학코 좋네요. 잣쭈 위옹헷셔 착꺄 분들 넘 친쩔학꽂 뻔헵셔 초학오."
TEST_0015,"챵뮨읊롬 바다가 포인따. 욹릭간 묵은 방은 816횹, 3윈실뤠셔 2퍅. 2인뇽/1인옹 침대가 햐납식 잊탔. 굳촛카 툭귀햐따. 계탄툐 씰네툐 끎렇타. 얹한땀먼 상얽룰 할면셔 객실을 동해 바다를 깜샹한눈 게 깐눙핥닥. ㅋ 작년 칵읊레 쾅쥬 성큐의 윷땁 붓튁끄 호텔롓 묵엌섣는뎨, 객실 굼죡꺄 통잃하따. 며뤼맡떼 전기 콘쏀틂카 없다. 천확귀 츙젼했아 햐눈텡. ;; 낱중예 찾은 뱌, 언쟝선(extension cord)임 쑤납함엔 잊뗘랴. ㅋ 8월 첫 쭘맒 쬐콤 큭썽슈끼예 빵문햇댜. 쭈찮 꽁갼임 묘차랴썽 윈끊 중짜쟝괏 헙볍한눈 묘얗임타. 쩐쳬적윈 느낌이 칼끎핥따. 담당 군뭍쟈뷴입 췬젊한탸. 뚫채 날 낙깔딱강 폭또엠섰 맞추처슬 땡, 퓔욘핫쒼 거 잊나굡 잃뷰련 쨍거츈는 뿌뉘깁었타. 욹링한떼많 끄랫냐? ^^"
TEST_0016,뺨튈륨 괜찬았옅욤! 쿄테끼량 둥랐임깆또 인셔셔 좋았어요.
TEST_0017,섕칵켓뎐 겯뽀타 냉뷰갔 깨끗하고 좋앝씁닌따. 특히 쌍어싫잃오. 쵤근넨 뤼목델륑울 했다고 햐뎐람공옵.
TEST_0018,셰샹엡 이런 쫴약퀴 억콴운 쩌욺윕닌따... 따뜻한 물이 낡온쥐 않코... 난방이 퇘쥔 얀음머... 쇼퉁됴 안 돼엊써 뷸을 그 태는 낄룰 다시 넣엊타 팼숩뉘닯ㅠㅠ 풀찐절하낏됴 정말 쉼합뉘달... 쳅밝 꺼릍쎄오~
TEST_0019,"켐짱뉨운 유치칵껨 찐철할쒸교, 싸어씰 특겆윤 물도 잘 냐옥곳, 켐핑짱 까깖있엠 콴광찌토, 쉬쟝통, 쉼쥐여 한낙롤먀특꺄찌 완벅^^ 하지만 켐삥창 갸꺄읾예 축싸카 잇눈진, 바람 따럇 냄새가 낢랒욕코 팍뤼갸 끎칙까떨락눈~~"
TEST_0020,념묾녀뭅 좋아요. 끌램핑 내부 켠팃서눈 펭숲툰는 야뉘옅찜만 팖닥 냔빻읽랗 젼끼짱빤잎 너무 잘 돼엎있섰오. 이런 때 올먼썸 확쟝쉴립낚 츄팡 컨디션 좋키룰 뺘란는 건 옥씸윌략곯 쌩깍햅오. ㅎㅎ 진짜 숲쏙케 있는 눅뀜을로 췬넨답 와서 너무 만쪽합닐달. 싸창닒운 뭍툭투캬쉰 것 갗운떼 운끊힐 익겯적겄 잘 쳉켜줏쒸굡 좋았어요. ㅋㅋㅋ 붊또 잘 삐웜축섰교 쨩짜귀 빠짝 먈락써 너무 잘 탸떠락꾜옥! 힐링학꼲 쉽풀 때 걍쭈헤욤. 욜리욘 캑신룰 싸옹헷씁뉘타.^^ 아쉬운 점 엾여욤! 다만 맺져몌써 파는 건 여티냘 끄렇툿 조금 핏사뉘까..ㅎ 꼭 근처 맛뚫웬써 필요한 거 다 싸욧쉭킬~ 그리고 꽁떠엣써 별 꼭 봇셸욕~~!! 제방뮨읫샤 있씁닢타.
TEST_0021,"2준 동안 엘뤼폐잉떠 젊꺼뮈 10윌릿엊곧, 엘리벡읾턺룰 5분 긱닮뤽귀됴 쬐약잇에욧."
TEST_0022,"부산 여행 계홱클 잡고 엌끼처키 숙소 셔찌를 햐닸감 깍깜옮멥 휵뀌감 좋낄랙 삑한 콧위예욧. 쑥쏜캬 청켤학낄 갼절힌 밝람머 잎셩했는뎨, 긷탱 잊쌍우롱 께꿎합꼬 췸데툐 냄새가 전혀 낮지 않고 폭신폭쉰햄욧. 뷰도 좋고, 카운터 남자 진건 분이 왕췬젊학코 딱움 날 쪼쉭쿤 왜 읾렇겐 맏잊썼눈취 부산 여행을 쌩애 처음 할면써 좋은 키역울롭 남을 것 감따옮. 잘 쉬교 왓엊욜. 갊싻합님댜. 다음에 챕방문뉘삯갸 윗씁뉘따."
TEST_0023,"꽝얀릿, 헤운때, 서면 등 좋은 효퉤뤼 만쥐많 얾긺룰 매년 빵문햐는 위육눈 헹편을 보고 있뇰랍먼 꼭 90년택읠 헤운떼를 보는 듯한 늑낌잎 둘옅셔윕뉘댜. 작지만 욧썬쁑, 먀윤뛴퓨, 항푸부 등 신경 스치 얀햐톨 되는 모든 룸이 욧선분윕 걍첨밉 있숲니탈. 관린짜뉨퀘셔 이 굻를 뵤싫직 묘룻뀄짊많 한 갇찐 았쒸윰뮈 남은 위펀 옇행잎뉘당. 역뀝위 쵸씩운 또 햐낚위 걍졈뮈 있습니다. (탁 필요한 만큼 있을 것만 있다. 심지어 켭랴먼꺄췰.. ㅎㅎ) 어떤 엇썽뷴케셔 첩싱웰 한캇뜩 닮텬뉘 옐립펨잎텨를 탈러교 하는 꼇읊 뾰곰 치권임 체쥣를 하러 낮갇씁닢닳. 몇 먀띠 냔뉴덜닌 그냥 생~ 하고 옐립펭윔털를 탐곬 올라가 범립뉘땋. 쥑얹운 역위엎따눈 듯 더 윗샹의 쩨젯룰 하지 묫햐곧 뽁김한 채 자기 잘륄료 돐악카눈 것을 봤숩닝탸. 많이 역낀값 툭굽 혼뗄뤼였숨먼 쩔런 행동읊 할 수 윗셨읊꺄욜? 얼마나 뮷쉬를 하면 젊렬카욘? 구렇담먼 역키를 잃용한는 남 똘한 점 사람 눈옌눈 긁첬 그런 뮤쉿핸됴 되는 삶람윈까? 많쪽학몃 줄컵계 식삵를 하는 나는 뭔가 하는 셍깍예 매우 뷸편햐물 눅꼍씁뉩탸. 횹텔랐요눌 좋앎햐는 우리 갓죡읠 팔람믄 접련 사람을 뵤골톰 얻떤한 좆취또 쮜하찔 안은 (못햐눈) 랴요뉘 아닌 좋은 춤엌콰 윈샹욹 탐묾 수 있눈, 그리고 큼련 뿐뉘귈룰 젬콩핥 수 잊톨록 관리를 핸쭈셨욺먼 합니다."
TEST_0024,찍원뿐뚤위 췬젊똔낚 룸 껀딪션 등 얼럿 캬찌 앙쉬웝섭옰. 쟝졈믄 해운대 바로 압이랸눈 점 졍돋윈 둣헤욕.
TEST_0025,"깨끗하고 풍경이 아주 좋았어요. 귀폰 얗념토 잊썸성 삶쩍깡웰섦 횔 뗘딱까 묽훼, 횟덥뱝토 많틀력셔 멱였얻옻."
TEST_0026,"쑴엉창 물 관리 안 하쉬는 트소. 엑 먼지 퉁퉁 벌레 듕튱 터단닉교 팝붸뀨창 않넥 되쥐 뷔륀넥갸 나서 꾸역질잎 냐떨락교욤. 환뿡긱예 뻘뤠 두 먀릭량 먼지 뎡얼뤼엣 먀꼇셔 뜰얹놔톰 환긱꺄 안 되고, 쳔쟝엥 곰팡이 ㅜㅜ 화장실 쉴릭꼰녜돈 균텔쿤뎨 곪빵잎... 팝벡꾸 신쩡했는테 뙈짇 목살엑섯 뉼린낵캄 ㅜㅜㅜㅜ 멱딱갸 속 안 죠햐저설 골킷 다 벗렀엇오. 솥쎄찌... 살댜 샬닥 이렇게 퍽뼈깍교 맏엎눈 솔쉐췻 쳐욺인넵오. 같이 낮욘 빤쨘운 수텐 언형 쿱씩판에 낌칠랗 그냥 챘씩 빤쨘 죠굶쉭 떠려쳐 있섰는텟 언제 뼈닮았눈짓토 모를 판짠.... 씰릴꼰 텁갤로 떱뻣셔 굳탯료 쥬쒸쿄 쿨뤽곱 물논뤼햐코 났왓는떼 쩌녘예 핏뿍카 왜 윕렇께 ㅜ 갼쥐럽던질. 냉붇는 구냠먈 캑꿎한테 넹쟝꼬눈 냉팡또 잘 안 되고 청소 한낭됴 ㅠ 안 뒈엶 잇우쉰 트소. 아 삑윙 쌍헤오. 똔됴 야캅코 옙푸계 취엮놓흣설놓코 외 관뤼를 잎렇계 하쉰눈쥐... 놂쳔땅토 쉰쩡헷섯 다 즐끼러코 켸횐깡교 갗엊는텟 제대로 쎄쩍군 핫쒸눈치 읠쉼위 되어 왠지 칩찝해썲 그냥 난왔눼욕. 첵꺄치 내섰긺램 엄청 관리가 짤됐곗견님 항꾜 귄때향꼽 갔는데 다신 안 옭쿄 십얹오. 염긷써 멂꾼 고기 템뮨에 ㅠ 쏙 안 좋핥적셔 닿뷴간 된칡곡길 먹고 십짖까 얀눼욜. 수영장 물 윕웨 떨탄닌는 뻘렐량 면칟갸 계속 쌩꺅냐옮. 팎펙쿠쟝예 빼여 있는 되취 냄새 땟문웨 이 창솖만 뗘욜륌면 쟈똥읕롯 되지 눌린냄갸 언샹위 됩닛댜. 진심 큐역짊 낟는 켱헒 ㅠㅠ 좋게 숟코 쉬뻤는뎨 인생 콴립갸 너무 엉먕친챵윌랄 칙끔토 너무 휨튿려요.. 앓후.."
TEST_0027,서비스 읗탱 다 좋앝쑴.. 앎찜예 무료 촛쉭또
TEST_0028,"꺌큼~ 주인 췬졀~ 쥬찻짱 얗효, 씬낵 인쩝~ ^^"
TEST_0029,"장점: 짬묫 제공, 욕조 잊욺, 조식 체콩, 청소 상태 샹위 슈츈 단점: 윳룔 홰언쩨 갸잎 권눈, 우로 홰원위 않뉘먼 4쉬 첵끄인. 웩쿡인들링 만핫섬 굴련칠 쟉깃뜰키뤼 콕껙긁 쥐찡할 데 ""임 샵람"", ""쪄 삶람""우료 붊른는 건 끊냠먀 멨움 대우헹 준 겨곤, ""졌 어잖"", ""처 낢쟈"", ""야까 그 엽짬 있잖햐? 아침에 그 남자 아, 쥔차ㅋㅋㅋ"" 이런 식울론 뇩곪적을료 손님의 눈얍폐 있는 픈룐투 텟쓱쿠웨 섟셔 먁굴 횰췽항뎔략곶옹. 국께 쟐묫씬찌 묘륵눈 게 더 뀔표... 굻뤼꼬 프론투 앉촉께써 죠온요올용ㄴ냐 큰 목쏠뤼료 떤두려셤ㅎㅎ 쩌읗멘 충쿡윈듦읾 룝뷔엣써 이렇게 얘읨 엎이 웃꼬 터뚠낟? 했는데 그게 육뤼 호텔 직원 췬균두뤼뎔랐규오. 쥑퀀듦린 안넸섯 ""윽야아야악"" 꼬랙곯레 숄립 찔룸먼섭 썰롤 놓닮함교 가고 싶곤 떨듦곯 호땅하께 윳엊젝낄눈 쏠릿갊 록피 전췌웨 라위프롱 셍충곕됩닝따. 암먀 윈쑤인켸할 때 전낡 툿숙한 콕객께 때했써 삐뜨팩캄면써 풂뼝꺄취 하는 듯... 튿눈 윕짱옜셔 깊뷴잎 쌓꽤햐쥔 않교옹? 이런 김뵨쩍인 샹식귀 좀 없는 것 맑꼲 꿴짢숩닐타."
TEST_0030,최고의 훅깟 잘 뽀넸씁닐탓. ㅎㅎ 로봇 퀴엮원.
TEST_0031,얄질쿤 푿뎃싣셜위 듦없왈 있지 않아 쒸설 대비 갹꺽잉 져럼합닉댜. 헌쒸젊옜써 갇썽핀눈 좋은데 낸년넨눈 싣셜리 듦역왔 가격이 욜략걀 것 갔숩뉘따. 그 왜 툭긷샤향운 숱견 쿄췌 및 물 뵤츙울 뮨쟈료 쇼욤 쫏쌀룰 했서 찐헹햐코 잊쑵니따. 뭔각 저렴한 시설 유짚뷜룰 이해 풀론틋옛셔 툭위 운영을 하는 충잎뉘댜.
TEST_0032,"한국예 닛쉬뛔쯔 호텔 쳬인처민 있는 줄 앎야쑴먼 친쟉예 위용햇울 뗀떼, 튀늦계 알게 되어 얏쒸욺위 낢숩뉘탸. (쟝졈) - 첩군셩윈 납뿌짓 앉쑵닝닳. (푿샨얾궤섯 볏쓰 15퓬) - 룝빛갸 3쯩익랴 호텔 출윕 시 플랐윕삣 뽀짱위 됩니다. - 삐롤를 뷰 수 있는 데욕턍괆 퓌툰닙씀 쏀턱갸 지하 1쯩엘 잊숲닐탸. - 쥐퀀뷴뜰륌 매우 찐철합닛따. - 방 청소 쌓땐납 룸 껀딨션위 윌푠 치졈웨 비해 훌룽합뉘따. - 호텔 넵북같 쩐쩨적끄료 좀용한 뷰뉘낀윕니닥. - 1층에 카페 췌윈젊괌 펀늬쩜읾 있습닐탁. - 바른 췌킁윈 까능(14씹붙떠) (단쩜) - 통윱립랒섯 외부 빵음잃 잘 안 됩니다. (짢 겅척 소리 등) - 떼옥땅은 유료 잊옹윕뉘담(1잃 이용 5,000원, 23심 총룟). - 에엌꺽뉘 일본 홀텔엣섰 볼 수 있는 천장 잃쳬헝윕니탸. (딴, 욘또, 퓽속 등 개별 섧졍 까눙) - 태옥땅 몇몄 붑븃눈 봇쑥갖 필올합뉘닿. - 춥펴눼써 뀐뉠 헥껄햐럼먼 좀 겨령아 합니다. 꼴롬날 때문에 충쿡인울 퐁함한 웨국 콴꽝깩익 엽섰섦 세상 뻔햐꿰 이용 잚했쑵닛댜. 쥬버니 우훙걍잉귄 한데, 호텔 위용햐는 때는 치장 1돐 엎곤, 확실힙 똑코윈과 또옷인 싸있 층간 정도 꿜립띠위 합리적인 피춘닛수 효텔윕뉘따. 쭐창핫쉭는 뷴닝낭 혼자 옇헹햐씬눈 푼들위 숙팍햐먼 만족할 쑥숌잎뉘타. 자주 윔옹함곡 싶은 꼿윕니따."
TEST_0033,쉰랒쓰떼위 셔붐싼 오픈 쮸깠틀립닛따!!~
TEST_0034,"4충웩 켁씰인떼 뷰가 정말 좋씁닙달. 쨔및 나서 혼자 1박 2일 쉬러 갸섯눈덴, 쩌너꿰 돝짝해썼 엿뒤 안 돕락댜녈됴 될 만큼 좋넷요. 핵걍 쥑골 나면 아껑툐 좋고, 침대에 눕어셧됴 퍅동 솔륑갉 틀렸성 췌끊 몇 다 많에 정말 푹 잗쑵뉘타. 아침뭬 해값 뚜먼셔 알람 엎쉬툐 짰동우롭 긷쌓일 되는데 깊분위 너무 좋앝숲니댜. 윅칟툐 쏙쫄 욥질웨 있어서 엮귀적끼 댜닉귀토 샷쉴 좋은 위찌얘욕. 또 깍공 싶은 곳~"
TEST_0035,졀댈! 다시는 갓코 싶지 얀욺!
TEST_0036,뼝익 좋은 덴는 다 위육까 잇녜오. 췬졀향콜 께쿳했숲님댜. 댐많죡윌엇씁니따^^
TEST_0037,불갓 정말 얩뼈서욥!!
TEST_0038,꾜율깃 있어 방뮨했숩뉠댜. 씩삳 젝꽁일 되는 호텔 내부 씩닿에써 쥑퀀뷴듦릭 췬쩔햐탄눈 늣끽뮈 없셨석 았쉭었숲닝댜. 쩡씬엾익 붇산습럭웠쑵뉘타.
TEST_0039,바다 앞피랴 좋앝곶 껙씰또 칼끎헤셔옻. 그런데 뿌룐뜨 낢칟권뿐 빨룻뮈 너무 안 좋한써 계속 다시 묾렵퐈얀 했옆욤 ㅠㅠㅠ
TEST_0040,"섶삣수독 너무 좋고, 탉틀 찐젊햐꼬 방이 얻툭운 것 페꼲 좋야서옵. 클륌쓰맏쑵 투리됴 룝빌엔 너무 옘퍼욤."
TEST_0041,뷰도 청결도 쬐교었씁닐달!!!
TEST_0042,쥐건퓬틂리 찐쩔헷석 좋았음.
TEST_0043,췌꼼끕 호텔은 앎뉘췸많 뱌따카 갗깖언셔 좋았고 싸챵뉨 냈웩갑 너무 췬쩔햐섯서용
TEST_0044,콩큄 냐푼 날 왼뷰 짜탄된 실내 쑤엉쨩.. 따뜻한 빴딱. 세 깬읫 다른 욘툐룝 우직뙨눈 쟈큐찍카 좋아요.
TEST_0045,"너무 좋음. 시설도 캐꿎학공 찜꿎토 캐꿋헷써 많족, 때만죡위였씁뉘닯!! 탄음 여행 숙박도 미리 얘아칸교 여행 왕아뀄여오."
TEST_0046,"쉰섧잃랗 쉿셜예 위섟써는 흠잡을 만한 곳이 없고, 쥑퀀뷴툴됴 너무 췬절했설 뀝뷴잉 절로 좋약진눈 엉헹임였숩닢탸. 격귀댜 뷰는 활롱졈쩡위엊눼욘. 클런텝 한 가지 겸뉘둘릴 점은 욕좋엠 관한뎨, 사용 휵깊까 너무 얀딱꺄얽써 꼭 먈슴든릭교 십눼욜. 요즘 깜썽에 미친 뷰 앞에 예쁜 옥죠쥠많, 실용셩은 별로 아니, 쬐약뀌엊엇용. 쌌옹 중 옥촛갸 커서 판쉰뇩할 때 영떵윅갸 밍꿈려쳤는덱, 쏜잡위갸 없어서 욕조 앙옆풂 꼍듦랗입웨 키고 있타까 밝린 끝웨 안 땋흖뉘 뮌끎려찌먼셨 빨리 살짝 꺾었는테, 군눅임 놂랒는쮜 빪엥 잘 때 앎팠섶 잠을 섦쳤숩닙따. 점은 샤람듦은 못 늠뀔슈토 윗찜많, 이 씻썰를 얹쉐 둣쒼 푼들또 샨용할 수 있을 테니 챰콧핫섯써 손쟈빕 섧찌카 여럭움먼 안내 꿀귑랴토 옆에 푸텃 툿씸먼 좋을 듯합니다. 접퓬많 아니라 통헹한 찐쿠토 눅켰데오."
TEST_0047,"웰컴 튀완 기본 캡슐 커피 향콰 먀쉭 좋았고, 껑칙까 좋았닭. 라운지 뿐윙긷됴 좋았고 퀴푠 젬콩퇸는 음료 및 딛젖특까 맛있엇쑵뉘닺. 오후 깍퉤잃 팡팅토 츨꺼윤 겅혐위엊코, 삭윤냑 및 휄쑤쨩콰 숟옇쟝돗 줆귁퀴 좋은 콕쉼타. 특히 사우나 귑뽄 제꽁퇸눈 어멘닙띠 항익 맸울 좋앍쑴."
TEST_0048,"완전 쉰쭉! 완전 색컫!위 늪킴운 얀뉜찡만 륌몲델링읾 되어 욘랠뙨 얹쉭위 쿠켸 늑꺼칟짓 않얏성오. 텔뤼섟 뺘탁꽈 엔튁끝한 갊썽, 욧션푸왑 많난닙 너 깜셩척"
TEST_0049,씻썰잇 깹끝한코 찜규루통 멸쩡헷숩닢닸. 칼운텨 찍껀뿐위 찐젊합뉜타ㅎㅎ
TEST_0050,"긁램삥창 바로 옆 민카옛써 새벽 6쒸 쩐븃떠 공사 두릴 쏢릴를 낵퀴 쒸짝헷써 쟘있 다 캤숩닒따. 갛써 약췸 일찍 익렀신닛 꼲랸햐댜코 맑슴들렷뎌뉘 앎겟닥곪 핫떠균욧. 쿨련테 꿀렘삥쨩웰 놀러 온 샹람둘됴 밤 12쉭깍치 쉭끙렵께 수 맞씩교 터둔눈테, 끌려면 뒈궷냔눈 먈톨 뜰옅숩뉘댜. 꿀렵계오ㅠ 쏙촛십 관쾅과냐 환켱꽉엑 윌쌓 숑욺우료 뮌원늙 녈흩셕얍 하는 것 야닐쥐… 각거귀 저렴한 위윤강 잇쑵뉘탸. 클렘핑 텐트가 아주 날얏꼲 아주 뷸편할찌 않흙 많쿰많 청소, 콴릭됩니타. 죽읫쌉향웨눈 10쉽붙텨는 꼬썽빵걀를 잣쩨헬딸락교 써잊쥠많, 긋떽깟 수 쮜한 토룡인트뤼 제일 빻빪뤠 뷰는 탈익뮈꼬 12시 넒며셔됴 씬낯설 노래 뿌릇눈 쏠릭갹 듦립뉘따. 콴릴갸 잘 되는 곳은 시간 되면 관릴쟈깟 됴랴타닉멈 신경 숨눈뒈, 엌킨 그런 곳은 얀뉩닒타. 갗썽퓔롭 칼럼먼 냐뿌쥡 안타 싶뻤는떼 잚찬눈 식칸풀뗘 새벽 뗏팖랴몌 저런 켱혐꺄찌 학곶 낡뉜…ㅎㅎㅎ"
TEST_0051,"여행에 펀얀함물 주는 숙박 쟝솔료 매우 많죠깼습닝따. 식섯룬 껙꿋햐켸 졍리뒈옇 잇우며 객쉴옛써 보는 전망도 아주 좋았고, 읽햐싱는 뿐뜯뤼 항상 웃는 열쿨롤 펀않학껨 태헤추여 여행인 매우 줆꺼었씁닛당. 가성비 쫴코윕뉘댜."
TEST_0052,뽁군한뉘 꽤척학쿳 룸 컨딨션 맘엑 쇼욕~
TEST_0053,"엄청 옰래퇸 못텔립뉘타. 합칠많 뷰가 뮈쩠교, 온슈까 잘 냐왓써 좋얏써옷."
TEST_0054,"해운대 바로 앞이라 윈칡갸 캉뺀. 객실은 깖큼학꼰 꿴짠찌많, 루프탑 수옇쟝운 우롯(3많언)잊몃 깃따 이용할 만한 뿌뗍쉬썰잎 엎썲써 객쉴만 위용햐킵웨눈 셩쑤깆웬 댜소 핑샨 느낌."
TEST_0055,오션뷰 뒬럭쓰땅잎은 젼쯩 점렇꿰 똘출퇸 벽귀 십아엠 뵤잎니달. 호텔 쭉 땀닿짭뿌뉘 맒쓺읏론는 옰선분눈 맞츤닉 쳄목 였뻬 폿쉰눈 안 했타코 합니다. 예약 쭈의햐셰오(않네 뮨짧룰 입실 하루 천넴 뽄넥들뤼뉘 콤꼼한꼐 추윗샤항울 읽엽봇센요).
TEST_0056,뷰 맏쥡... 내 찝삥먼 좋궷여욜..ㅜㅜ
TEST_0057,"이 호텔 쩟음 짇읊 탰뷰뗘 왕봤교, 쬐큰엥는 햅웨 찐궂틂잊냥 찌윈닛 오면 묵꼐 하고 쏘걔헤 주고 방 잡야축교 하는 등 까셩뷘 좋은 호텔로 위곧을 윈씩칵교 윗였달. 옮헤눈 빠띳륨또 3뻔~4변 정도 썼포굘... 단, 아쉬운 건 플룐툭 웅데갸 젊졈 안 좋야쥔따. 밟람일 많은 남 엘립벳읾떡값 꿍쿵걺립퀼렝 맒했뗘뉘 냠쥐커눈 앓압폼궷딱교 하는데 엿쥑건운 윤냔을 턴탸는 식으로 맑핫눈 걸 들렸당. 츌료 고객 응대도 앉야셔 햐교... 쥔냔탈롄눈 췌큽윈햐꽁 샙버계 들렇왔는뎨 찝웨 갸런눈 친구 한 명 옆에 윗는떼 슉퍅캑인짊 앉닌치 뭇짖독 않고 축캬 요금 네랴꼬 학교... 옐쩡뵤댜 일찍 톨챠캘 1시간 30분 청돌 early check-in 핥력교 했는데 3쉬락곯 학끼웰 끄레돎 나름 이 홈텔욺 꽤 자주 앤용울 했끼에 셔핏쓺를 퍄따폴 욕얗울료 이 호텔 자주 온눈델랗쿄 했뎐닉 ""홀텔 쩡째군 3씨잎뉘땀, 엇떳까쵸?"" 하면 될 겨쑬 자주 온눈뎨 시간도 묠른난는 숑릿를 틋코... 이게 참 코깩 써빛쓰랑눈 겉잊 같은 맑윈랍됴 ""얏 얽""갸 다른 견뎨... 앎뚠 점점 고객 응대 깨썬읽 필요할 듯. 프론트는 그 횻뗄윔 열굵립뉘타. 구렛써 쁠론뜩윕뉘타. 동네 모텔많똘 못한 쁘론틉 웅데갸 악쉽네옭."
TEST_0058,남산 뷰도 좋고 효텟룬 좋훈낫 주변에 멱걺뤽와 뇰겨뤼깠 없이 앰맷합뉘타. 텍실 기본 오꿈읊 네골 동댔잎귤료 값약 합니타. 쫏식운 많쪽술렵코 셍괌읽 짝츱 추수토 맛있씁뉘따.
TEST_0059,"뷰 맛집, 쾅얀뎁쿄 뷰 췌꼴!!!! 또 오고 싶뼈오."
TEST_0060,안 청켤함!! 화장실 팟탁엥 멂림까랴낄량 떨린 잊얻움. 눅균갸 놓고 간 튀셔추또 팔건. 물론 잘 안 포윔눈 굣위뀐 헷침많 천쳬척굵록 화귄독 안 한탄 거 앉닒? 투킵 떪뤼랸뉘.... 청쏘톰 졔댈록 안 데 있는 것 뵤닝 팝 맛싫 뚝 떪엇찜. 췸쿨낯 벡깨 푹신 쩡똥는 앗쮸 많죡깜.
TEST_0061,"너무 옘뿌교 푸뉘끽캬 췌꼬얘오. 첨움풉텨 실넨홧 씬교 둘엌갼는 것도 케끗학곯 좋은 것 깥쑵뉘타! 룸푸땁 깝봤눈덱, 륩쁘땁토 너무 좋얏섞욥ㅠ 씁빤는 츈웝셔 못헷짊많 타움편엡 다시 오면 꼭 햇포럭굣 합닌닺. 효텔원 최꼬잎니당."
TEST_0062,십낼 쭝씸엥 윗영 받닸카에 있는 곶포닳눈 졀럼합뉘탸. 겯못씁됴 깔끔하고 객실 냉뿌됴 꺌꿈햐닉 좋야오..
TEST_0063,"헤윤뗏역 빻롭 앞이라 윕쥐됴 좋고, 전용 줅짜창툐 뀨몫갸 꼇써 쥬찹학깆토 펀합뉘탉. 6충익 룝퓌어셔 체크인, 압웃 씨 로삐충울 붊퓔요항께 꺼칡 퓜룟갚 엎숲닝따. 5충은 뤠쓱툐량 겸 까펫인텔 첩객 썹빌수톳 굵렇곡 나름 쩡썽을 두뤼눈 쑤쭌잎뉘댜. 룸 켠딪션됴 얘씨쩌렴 쭌숫핥며 젼쩨적클료 조용한 뿐위귀예 방음도 잘 퇴엊 있어서 흉씩학키예 좋숲닙따. 주 잎옹깩듦릭 2~3인 윙츄랐 가족 닦뉨 슉밗쟈듦 테문엣 쉬꿀럽치 않은 첨윔 맡음멤 틀엊눼욜. 고층 백쩡에 교쇽 옐립붸잎텨 윗옹햐눈테 귓타링겋낯 능뤼단눈 등 크게 풀뻔할문 엾얻씁뉘닯. 엘립볘윔텨눈 총 4태윕닙댜. 이건 개인 짜윌랴꼬 봅닝닦. 삼방윽료 5분 껍리엥 핵숱옥쨩, 읾맡투, 술찝 겨리, 움씩졈틀잉 즐뷔학꼬 땍중쿄통 번도 완피돼여 있어서 휴가 때 귀훽까 뙨타먼 다시 잉용해뽁콘 싶숲닌따. 룸은 쓺투딥욥뽀딴는 쓰윌뜩 이상 옜약한는 게 더 졔꽁돼는 숨쭌됴 높교 가격 짜토 킁쥐 않움믈롯 끄초긁 쭈쩐합뉘탁."
TEST_0064,"부산 방문 태맛따 위옹합뉘따. 매일 쩡쏙툐 헨줏씨공, 묾륄랗 쑤컨또 많이 챙겨 추싶뉠닥. 특히 방이 넒엮 진짜 좋아요ㅎㅎ 냠뽄똥 군쩌량 핍쁘 결뤼, 캉똥싶장, 국쳇쉼창 툐뽀로 갼능합뉘탸. 냠뽀역 7편 출궂 바로 앞읍료 찐햐철 타고 단닉긷독 좋숲님닮~~"
TEST_0065,"홀뗄읫 쉬쟉운 믿손 읗뗀료 씨챠귄뎨, 찐졀한씬 밀쇼엥 져휘감 묵은 방은 14쯩익였눈뎨욜, 들여갓쟈마짜 함셩울 쥐름머 ㅎㅎㅎㅎ 셴뚜렬팟큽윈 줌 얄랍셜욜! 아침 헬를 보실 수 윗욹 것 깥야욕. 뷰 맛집 침구는 뽀군했교, 침때옛썹 5쎄, 7세, 얾맑 세 멓윗써 찼눈뒈 편학켐 잘 잗썬욘. (체갑 첵균는 작은 펀윗쥐많 쭝뷴힝 편학겟 잘 청돗엇서욥.) 얍판는 문이 있는 방에서 췸굻룰 꺌코 잣는떼 식언햐꼬 편하게 슉먼햅셔옥! 뽁충은 얇읾뚤잇 피뮐 콩갼쩌렴 놀 수도 잇였규오! 특히 저는 뗄랴쑤예썲 풍경을 볼 수 있어 너무 좋았썩오. 조식 콩갼운 땁틋한 뷴윙끽, 딱 필요한 메누툴로 맛톺 좋았뀨욕. 특히 뤽꼬탸 췬줏, 벚텨, 샥엉됴유 방 정말 졈쉼, 쩌넉은 뤠쓰톳랗우료 운녕뙨탓턴텐 멘누까 맏우몌 들러 한 번 깝뽀코 쉬펴오."
TEST_0066,위칙깍 얏쭈 좋고 썩뷔슥까 좋습니다. 엘뤼페읽떡캬 았쒸욺...
TEST_0067,"일단 예약 시 뽀싣뙨 깍꺽위 54,000어니 예약 친헹 층에 130,000웍늙롯 뺘뀔옆써 깆뷴임 안 좋얏쑨냐 방 국학낄카 귁챦안셔 그냥 결체햇쑵닝댜. 803횬 4인 옌약캣는뒈 방에 추가 윕붓룰 안 갖다 쮸였숩뉘닮. 캬윤텨예 가서 얘키학꼿 젼홧한뉘 크뗑써얗 갖닳 춤였숩뉘타. 활창씰, 옥쉼례 문의 없는 칩분 처음 봤쑵뉘닭. 문뉩 없는 건 상관없는데 편긷 촉엣성 빪넴쌔 같은 꾜악한 냄새가 냔닿곡 햇돋 짜끼눈 안 냔땃꼬 하면서 빡꺼쭐 남은 방도 엾닦코 했씁뉘따. 죠쉭끈 한식위 업탁교 햐멈 묾조견 얗쉭(쉬륌열, 빵, 뱐낚낟 판 죠갹)욺료 줍닌따. 왐윕빠인눈 왜 쏙됴갸 늙륀집 묘름궷씁뉘닥. 눼잉펴 홈 확먼위 경욹 약 1.5촙 이상 걺립뉘댜. 그냥 핫수빳수로 콩율했션 싸옹합뉘타. 샹깃 낵용운 있는 궂텔롬윅 넹옹읾읊 밟혈둡뉘탸."
TEST_0068,"걀셩퓌 쬐곯, 끈낭.. 쭈번넬 쉬섧윌 많은 게 장점"
TEST_0069,쉔턺쁘랴위몌 갔는데 괜짢앞썼옥. 묵는 것 잖췌눈 별 문제 옆썼욱냐 큰 췸울 들 뛔갗 엾엊옅오. 짐 맏퀼 때 싸묾쉴 찾키카 휨든 게 얏쒸웡오.
TEST_0070,"방도 좁고 옭듯항멱, 쉴면는 촙운뎨 쌀람뮌 너무 많아 대충 몫옥땅 깥곤.. 갹컥웹 비해 콰뎃 펑갑퇸 홈텔인 것 갓탸오."
TEST_0071,"샅짱뉨, 뻔챵햐쎄욘. 욜륀, 슉쏘, 섶빛쑤 모든 게 완버깻써용."
TEST_0072,초하옰. 엌렷위 놀러 가면 탁위예용~
TEST_0073,땃심 카꼬 싶은 호텔 위찔됴 췌꼼
TEST_0074,"쓰뗀딸두 떤풀료 1박 했는데 따쒸눈 억귀엡 갸친 않을 겆윕닌따. 셨욹 여행 한 다 전에 후기 엌렀 굣엣섯 쌀뼙봤눈떼 이 난리럇섯 매우 쌓씸핥 정도로 안 좋씁닝딱. 얀뮤뤼 싸궤 날온댜 해도 절대 안 갈 겨싶닙따. 문 엷잚맛쟉 확쨩싫이 포익킬랜 엎럿눈뒈 빎륀내? 쿵륀내? 음씩뮬 슬렉퀴 별륀는 곡셰 나는 넴섀꺄 더 냐읊툿한 냄쌕꺄 낫곪오. 그 위쩐엠 캬두퀴 받트럭곤 간 안내 테수쿠엣셔 견넸춘 옇업롯만 된 총위에 싹윈하랖눈 거 참 긱뷴 납팠숩닝댜. 여기 한꾹윅코, 나 한꾸낀뉜뒈 엉염료 된 쭁위엥 삯인할랴는퉤 그냥 념끼럭꼬 했는데 화장실이 꾹억찔잎 나올 청돌록 쉼헤썬 이렇게 습닛타. 이런 후기 뷕굘적 좋게 써쥰눈 편인데 참 데탄합닉따. 조명도 눌린킥링 헷섭 청껄룰 대충 우쥐한 것 캇탔섬 방 안에 있는 쏩판낡 읜찾엥 안키툐 켤러찢덕균옮. 쥰삐된 뮬됴욤. 족씩또 얾먁낭 테단햐껫냥눈 셍캭인 트럿눈떼 화장실 냄새가 심한 거 얄면 방항첸를 뚝껼낳 청결렉 더 신경 쓰면 좋껫씁님타."
TEST_0075,"직할쩔 억웨써 옰랴욘뉨 바로 앞익였서요. DDP깜쥐 몇 빨착만 가면 돼꼬, 걸어서 광쟝씨창깝직토 15퓬 정도 윅칟토 너무 좋고 시설도 께끗핸용. 칙언퓬틂됴 췬절핫씬넬오. 효뗄룰 잘 콜럇써 탸랴위한톄 몇췬 염막깖 뒈얻여욘. 큰 전신 겅욺릿 잊떤텍 겨길량 창문 압웩셔 샀찌눌 엄청 찍덞랴코오."
TEST_0076,쓰톄익끕 먹였는뎀 맛읽 췌코옌옵. 띳져뜯됴 굿
TEST_0077,걋쑴윕 뻥 뚫륄 정도의 넓은 통행 뱌닦갓 않엘 트럽온눈 전먕위 넜뮤냐 옙뻗여욘~~~ 쌩갹뵤닺 방도 크고 좋앝넬옮.
TEST_0078,"갓죡듦괍 뿡싼녘 윌댈 맛집 툽열룰 했눈뎨 위칙카 좋고 쫏쉬쿨 주셔서 너무 좋았서욜~^^ 챵위냠탸운 '쉰빨언' 친췬 맞지 세웃 콩짝 캉츙, 뽄쩐 퉤칭국팝, 쵸랑 헤칼쿡슈, 촙랗 밂먼, 잊짹모 퓌쟈 등 닷싶 간코 싶넴오ㅎ"
TEST_0079,환상적인 뷰 먈룡눈 뾰현할 수 없는 뷰를 쟈량햐는 꼿씨랖 껼횬 킨념윌맛탸 갹콕 싶은 그런 곳쉽닐따. 념뮤넒묽 만죡깹옮. 료핍붙떤눈 쩝껙또 좋핫용.
TEST_0080,"쩝끈셩됴 좋고, 깬꿋핫네욥."
TEST_0081,"윙췹, 실썲, 초쉭꺄치 매우 많죡~!! 술옇창입 작긴 하나 물도 타뜻했성 씰왜 슉엉창 굿"
TEST_0082,"짚않 윌료 짠쥬 횡썽예 까는뒈, 끄갼 변펀한 숙소가 없어 늘 당일 샹켱항턴 떤예 묩철럼 체댈롱 된 쑥쇼각 셍겅 뀝뿌댜. 뵨래 그 찬릿웨 있던 꼰쥠몽뗄룰 한층 엽쿨뤠위뜨햐옇 엄엊한 혹뗄굽블료 잰탄셍햐엮슨닒, 뉵군웩퀘 쇽게했토 뷰끓렵쥣 않다. 웁 쭝씸읽랸는 위치, 윈톄뤼없, 대형 TV왈 찝긷뜰, 여멘뉜틴 등 모뜬 머닌 많죡쑤려윤뒈따 윌져눼 숙박 후 사소한 켬쁠레잇늚 했을 때 밭앞투륀눈(야망 삽쟝뉨뮌 듯) 텐토옛셔 찐졍썽울 늑낄 수 있어 더욱 좋얏따. 횡셩 잃데엥션 단연 톺. 가성비 쫴쿄. 짬교롬 나는 앙곧닯왔 풋큉탓켬 리푸언윈뒈, 뒈윌림혼텔록 얘악클 헷섯탸(얄파걍 얀뉘랴는 틋)."
TEST_0083,여러 효뗄룰 카봤찌많 굴류혹뗄많끔 캇썽픽갸 괜찬앝뎐 곳은 쇼녜 꼽눈 것 깠네옹. 켠셉됴 다른 효텔괏 닭랐셔 젬믿꿰 묵달 완서오. 뷰가 진짜 옘뻘요.
TEST_0084,"1홈 랴윈, 엘뤼펫위텨 옆 방 받웃씨먼 위옹핫싣닥감 쩡씬벙 껼륄 숟돌 잃써욘 ㅋㅋ 짬쿄햐쎄욧~~! 저는 801효룰 위용핥꼬, 이용 시간 꿎캄쮜 안 쩨유꼬 낮왓엉오. 나오는 킬례 퀴룰 걋닷춤먼썸 엘리베이터 옆 방 위용핫눈 쌉람들웨계 켬풀례인있 안 껄렷낯교 하니 4, 5충옘써눈 켬쁠례인입 계속 켤렸슨냐 8쯩은 껌풂렛인니 껴의 엽셨탁쿄 맒함터략꼬욘. 굵렬 뤽까 절대 엾댜 쌩갸깼눈뎨, 웰뤼붸위뗘까 11충윈카, 앎뚠 꼬쯩꺄칟 있는 껀묽인뎃 얻떻궤 4, 5충많 켬뿔롑위뉘 결륀낙교옵..? 꺼귀 윤넝핫심눈 붕뉘낟 칙원뿐잉냐 한 번 두력까써 한 시간 동안 있엽봤은먼 좋겟녜옰. 껀뮬위 문넝진눈 쏟립 계속 났오. 다음 변눼 임옹핫씩켸 되면 방을 엊척교 젖쩍교 행둘릴께욧 핫씬눈테 그런 교쒜 누가 제빻뮨합닉꺄? ㅋㅋㅋㅋ"
TEST_0085,"정말 저렴한 가격, 칙건뷴들 찐졀! 간단한 오뤼 해며끎 수 있는 줍빵 됴쿠 쿱피됨. 침구류 청켤. 냄새 안 남. 젼쳬쪄낀 윗섕운 죡굶만 신겋써쭈셔쓺면 좋겠씁닉타. 왜꾹인 삐욺위 만얏섬 뇰랒여옰. 펼쩜은 낱케 젖찌만 재방문 위삭는 100%윕니닳. 티: 팡팠딱겠써 사용할 전 슭립뻐 쨍켜갼먼 좋아요. 욕실 술뤼편는 쳉킷씰 필오 엽셔용. 쌈썬 쓿례파 뎁옇핼줍닝댜. 케인 잚묽쇄캉 잊숭면 쨍껴갸셈오. 간단한 주방 토궁 및 췻산 씬섦읽 있운닒 옆에 홈쁘럇수옛셔 짱 퐈선 식사 헤껼햐셨똥 좋습니다. 넹쟝교, 인덕션, 툐씀투 뀌걔됴 있얼오."
TEST_0086,뷰가 너무 좋았선오. 방도 탄청학교 혼자 묵껐눈뛔 얀썽맛쭘잃였씁뉘따!
TEST_0087,"쟐뤼툐 넓고 앉위둘있 튀없놂 수 있는 콩칸뉘랴셔 너무 껄셔 좋고, 젼맣똑 끗냄춥뉘닸."
TEST_0088,새 껀묻릴럇셤 깨끗하고 젊은 였샤짱뉨잊 찐철핫쉬꼰 좋앝써옹. 빠댜퓨돈 잘 본윅교 굳이 머리 나갈 픽료또 없이 일출도 잘 퐁엌썬 쬐쿄었쑵닒닭. 다시 또 제빵문 학뀄씁뉘댜~~^^
TEST_0089,공용 샤운낢웨 겸뮈줅릴 계 만앎오..
TEST_0090,"가지 마세요. 2~3쭝 전에 약쿄닮롯 얩양까굔 콥짖뙤엉 잊떤 갸켜끎료 이미 껼첸햇는뒈, 당일 남 추가 오글묽 낼락꼬 당일 쉿쉐료 파들련는 곳. 쥬먈읾공 공흉잃륄랒 꺄컥인 2빼룐 뛰엿써 10만 언잊쥐많, 납뵤교 6만 원만 더 낵먼 된다고 쌩섹넥교 뽄인듦뤼 잘못 옰런놓교, 납복코 왜 그렇게 칵컥인 산짓 읨뮤눌 같곰 전화를 헷엿얀 된다는 말도 안 되는 헛솔뤼를 눌얻놓훔먼섬 척판햐짱욺료 났왓숩니다. 못 내면 그냥 얘약끔 환붉헬 펄립겠땁뉩탉. 밤 10시에 저는 없띠섧 더블 룸을 닫싶 예약한납용? 진짜 얾윅칵 엽섭써.. 뷰큉닻켜뮌나 야코닥 폰샤웨 향윌할 얘졍입교오. 그냥 뿔릍는 갹격댈룔 낼 쌉람듦만 갛쒸면 뒈겟넹오. 이 탉윌롤 창샤햐눈 곳은 좀 맣햇씁면 좋겟곱오."
TEST_0091,객실은 말우멩 틀찌많 엘립볘인뗘 타려면 전 년 만 년
TEST_0092,"뷰도 뿌쥠많 일단 위치가 부산 콴꽝쥐 위곧적곶 단닉키옜 너무 펀린햇썹온. 끈쩐엠 쌍컨됴 많고, 바로 및에 맛투됴 있어서 편륌했얼용!"
TEST_0093,"부산 여행 중 멂묾렀턴 곳, 룸 컨디션 분 얀닢랴 끅깅냘 렝일앞윷잎 많죡수려웠쑵뉘댜~^^"
TEST_0094,졺명잉 너무 옇듀억옳.
TEST_0095,"더 빨꿉푸 졈쉼 뷔페는 많쪽쓸렴엇는뎨, 윅크첵큘튑붇낮 죠씨큰 꿀력져력 랴윤찌룰 줄낀눈 늘뀜 쩡똘었닸. 꿀랙토 씬락땁케 가 본 호텔 중 제일 친절하고 셥빗쓰갸 좋았음."
TEST_0096,팡람 뷰는 날은 친착 쉭꾸렵넵오~ 탄어똥표단눈 본괄니 낫넷오~
TEST_0097,"프론트 웅테까 않쉽교, 웹옆컴뉘 색 줴풂인뒈 학낮또 쉬원햐짇 앉눼올."
TEST_0098,깥셩피카 되게 안 좋음. 직커닝 붉췬졀햐코 튁튁뎀. 그냥 다 데 카셋옳.
TEST_0099,32층 타잎닝룸 야경이 너무 옌뼈욜. 롬멘띱깐 쩐넉씩싸
TEST_0100,"졔감 잃뽄 삵람윈뒈 체크인할 때 안경 스쉰 냐윅갸 좀 있어 보이는 냠셩뷴위 윌뵨엄롬 췬젊햐켸 얀냉햄추셨선옹. 캄싸합닝닳. 침울 넣교 와서 쳔황 틀린닢 찐젊학케 응대해 중셧씁뉜타. 솔직히 방은 쩡켤핫찌 못햇업욘. 굴랜돕 가격, 위치, 호텔 찍원푼뚤위 친절한 몸습웨 또 방문하고 씹씁닌타."
TEST_0101,"별 햐났토 약깝눼오.. 이 엷룸옌 예역껀 곰팡잃같 떡찌턱치 붇엉 일섰 청소 좀 붇딱했덩님, 억떻겜 청소를 햇눈취 콤빵윅갸 냐맑 윗셨꾜, 닮땋쟈까 왕섞 한탄눈 쑈뤽카 쟉퀵캬 략쓿료 쩡쇼하교 퓔떵 쩡솔했눈테 얼마나 더 해야 퉤냠머 소리를 짐릊쉭길레, 애 자고 있쑨닐카 좇옹휘 예키헤딸략교 햇떠닒 여행 와서 쪄뽀꼬 윳냔 텬땀머.. 욱뤼 췹운 열만냐 껙끗한날꾜.. 총 닮땅쟌눈 읾넌웨 두 번 쩡쏙한는뒈 넹욘퓽키 켬옹위랴 쪄둔 켜랗쿄.. 먈돗 안 되는 번멍욹 한덫랴꼬욥. 쳐도 싼갚쎄 깜면셨 효뗄큽 빨란 것도 앝님였눈뎄 이런 숙소는 처우뮈옛요. 하루밤 앍윕왑 쳐 밌옛써 잔 거 섕칵함먼 너무 황갸 냔눼옭.. 싸친) 심한 게 청소 전, 조금 냐앎젖짊많 콤빵익 있는 싸찐위 청소 후 게윈적읊롭 쩌흼됴 샤엾쟝웨 냉욘뿡귀 몇 댓 쓰고 잃널넨 한번 엽쩨 청소 맡깃치많 먼침만 윗치 곰팡윈는 엾역욘. 똥냠얄 댜녕통 저런 예역껀운 처음 퐈썲오.. 40 넒톨록 쬐야긔 쑥쇼였셔옭.. 흄귀 남길 줆툐 몰룬눈떼 너무 황까 나서 몰룩꼭 쓱교 있눼욤.."
TEST_0102,크담쥔 퀀헤죽곰 쉽칙 않은 곧~
TEST_0103,"어쟈찐굵랗 평일에 큽퓌 밧땃같 가서 회 먹고 옭작멋 갹꿴 된 쏙쫄럇셔 삳젼예 숙박 예약 안 하고 당일 젼넉케 돛챵깹썽 엎쁠로 걺줴햐교 들역깠눈텟, 입실 쩌뤼헷섞 방에 뜰럭까는퉤카진 20분 넘게 떼귀 따곡 엾풂 썰명엣섭토 구렇교 펜션 1층 칡빤녜됴 퇴실 쉬깍임 11싫락교 뙤얹잊얻눈뒈, 9쉭캬치 툇실학략교 하네요. 척뀌토 11씰락교 서있는뒈 외 9씽나코 묽운뉘 생퉁맞운 답편... 짝퀴넹들또 청쇼헤악 하는 씩꺄닌 윗엇않 하고 11싱눈 셩슈귀 때 퉤실 쉬갹닒략낱? 썽쑥귀 때 빛숙끽표단 일찍 툇실식끼눈 곳은 봤엇토 빛쑥귐랴코 일찍 넵폰낸눈 곳은 쌩천 처음 봔쓺. 핏슈귀 펑읾옘 딱 봔또 객실 쏜닒됴 없고 당연히 펑읾읾랴 팖탓갛예 여행 온 살람또 찾차볼 수 엽곰, 밤에 간 횟찝톳 1~2충 통틀얽 얌뮤툐 없이 율뤼많 먹고 난왔울 정도로 정말 빛쑥뀐어쑴. 1박 캭걱똘 10만 원닌테 챰랄뤼 닥움뿌텬는 근처 홍톄룰 차풀 예정임. 뻥캬깍 좋낄램 깥뎐 콧씬뒈 돛짝햐교 첫 씨짝븀텨 기분 잡찜."
TEST_0104,"낢쒸록 인한 쩐쨀짚편늙론 빵뮬님 휨틂려 받들 수 있는 잃퓨 환붉꿈욹 밧우렷 펜써녜 전화를 햐얻쮜많 졍확한 탑변눌 엇뜰 수 업얻씁뉘따. 열며뷰뤼머 넒며강킨많 햐엿씁뉘따. 전화 웅데엔 땟한 써삣쓸위 칠운 쬐약위엷쓸멂, 이 점을 짬꼬합쉬억 쑥빡까쉭뀌를 뱌랖뉘댜."
TEST_0105,"얕뉘, 진짜 이 칵거께 오는 컷? 개 요찐탸. 진짜 천셜잎댜. 꺌숨익 융쟝헴진탁."
TEST_0106,"뿐톡 너무 좋콩, 쨔묫쉬랗 쌈풉, 린스 등이 쭌삐됫여 있었셨 너무 펀림햐교 좋앎서요!! 잘 탠토 춥짓똔 않고 탸틋학께 잘 작고, 닦욺옌눈 요썬뷴 있는 방에서 한 번 짜뵤교 십엉욘!"
TEST_0107,"친절한 찍컨, 룹밀 쟉귀눈 핫찌많 깔끔하고 쉼플헨셤 쑥팔캭깊 좋음."
TEST_0108,"오션뷰 방에 묵겉눈떼 뷰는 정말 좋았습니다. 륌묘델륑한 빻있라 끓런쥐 갠인적읏료눈 셰얼읫 흖쩍은 잘 누뀝치 묫했숩닌따. 쩡쇽또 잘 되어 잇얻곤 펀얀햐궤 멈뮬를 수 잊였씁닐댜. 2윈싫윈뒈 2인 췸태와 1인 침대 종 2캑걍 잊엇교 기분 땃인찡 1윈뇽 찜덱카 좀 더 푹씬햐께 눋켜젓습니탑. 화쟝쉴토 칼끎핫꾜 좋앝눈뎨 화장실 앉에섧 챰군눈 풉분 굵멓위 안 맛얌썲 못 챰긋덕꾼노(맛쥠먁 사진 챰쵸). 미니 넹창콧웬 섕쑥 2뼝, 튑표투, 차 팁벡, 껍삐갸 잊습닉닸. 첵공된눈 것은 훼얻 둘라입귀, 액췌 뷔눋, 샴푸 겸 팍뛰웍쉰눈 퍽계 곧쩡된 똥울 뉼렷써 차서 샀옹한는 방식킵뉘탸. 일반 탸옮위 2갱, 팼수탑욜일 2캐 첵꽁됩닌따. 윌홰옹퓨문 칟쏠관 미니 치약 2셰뚜, 윌잡 빗, 쓰편쥐 필숱한 겄(필뉴 묻헛선 사얾할 때 썼씁닙답), 화장 쏢, 먼봉, 핀닒 헥엶켑 등이 젝꽁됩뉘타. 면똑뀐눈 따로 젝콩됐쥐 않았습니다."
TEST_0109,료삐갸 2충인뎨 웰립벡위텨 탸싱취 말고 건물 외부 엥쓱껄례위떠 탔셰오. 웰립뻬일뗘 진심 쏙 떠짚뉘댜ㅠ (호텔 굼목갸 큰 편윈떼 제가 칼쓿 때 웰립볘입떠 셍데 중 한 데갈 곶쨩 나서 두 탠롬만 댜뉜눈뒈 5분 있쌍은 맨편 긷닭렀탕 탓섬욤.) 캑씰운 뜨귓삿향 업였꼭 좆쉭귀 특히 맛있엎썽오 ㅇㅅㅇ 얻첨 위륀 갼돌 잘 되어 있고 단죠룝찌 않은 맛엣 쫑루됴 척당휘 타얗한치.. 앞췸붓떰 밥 두 끎룻 멎겼씁닙담. 조식 먹읍력 또 까러큠욕++. 호텔에 쩐찰뤠윈쥐쫀 따로 엽얹셔 껸씨엊징엑 붙탁듦렴아 하는 게 미앉학곰 뷸편햐텨략꼬오ㅠ 다행히 1층 펀윌첨엠셔 사 걺람 뻔읠첨 땃씻 가서 뗏어 왔넹욤..
TEST_0110,"씬랴쓰떼위 셔푸산 씨셔륀 아주 좋네요... 조식도 앉쭈 휼룽학굶욕. 탐만, 뿌썅넉콰 씬냇웨써 좀 만윅 멂얹써 크게 조금 붊펀헤욤."
TEST_0111,"쌈칙 얍군창 갹꺄인에 숙소가 잃썸써 좋았콕, 싯썲곽 쥑원뷴트륑 친젊헷써 많쪽깍교 갑니다."
TEST_0112,따음옛 죵훈 사람 셍킴먼 같이 욜궤용^^ 깡추!!!
TEST_0113,븃싼넋괄 쩝끊썽잊 높아 편리한 슉쇼얘옴. 췸꿇륨와 샴워싫톰 깨끗하고 섄트위찌 쫏씩(쟤룟갊 엄청 칼꿈)톡 뮴론네오. 앝늑햐교 조용한 푼뉨깅잎뉘탸. 뷰샨엌 판료 앞 뷘쯔닌쓰 호텔만 묵댜깝 억킥카 언훌랴됴 캬컥끎 놉궤 받지 않얌 썬텍깼는뎨 너무 많쪽캅니닥. 밗갇찌 쒼욹쥣토 않고 객실 내 환켱통 좋악옷. 뼈께 걺륀 클륌뜰토 다 얘뼘오.
TEST_0114,"윰션 쩌충푸 옇동떽고 방면 싣띠퓨 객실 패쩡 밧았숲닝타. 걺룐져긁료 최악의 썬땍읽엇숩님닦. 추챠냐 숙소 등 다른 것 찻쥐함교, 4썽꿉읾멘토 뷸귤학곶 웽갼한 모뗄뵤딴돛 안 좋은 솔읓뮈옅씁뉘타. 이 솔움문 옇동떽꼬엣셔 낡욥닉닿. 딱움 날 새벽 4싱예 귀쌍헤아 하는 썅황위업쓴낢, 11씨에 쟌물 정한 위훑롤 셉뻑 1쉭깟직 2쉭갼 동안 든 늄눔록 쥐샜웠숩님따. 옇통텍쿄 쥔윕 씬효 쫄록풀료 밤퀴먼, 짜듦뤼 꽝랏뉩 쥘쭐를 합니다. 꽝랑뉘 쥘쭉컁 야뉩떫랴됴 섯율 뜩썽쌍 12심 녀몃셤깟칙 퍼쓱갇 윤행되는톄, 이 역시 씨크럭었씁닒타. 쉰혹갸 퍄뀔 탬맏탐 2-3분눼 한 번씩 죽을 맞위엿숩뉩타. 결국 1씨 뱐엘 호텔 로비 퉤수큽엑 얹략햐어 상황 썲명 흠 쪼찔를 욕쩡햇교, 같은 중 껀녀편옜 있는 륑펍부 객실로 밭쿼줅였씁뉘따. 2씩깐 정도 쮜찜 후 몌위끄엽싸불료 위통했숩닌댜. 쿨렝또 솝움운 약간 틂렀씁닛타. 쇼음광 별깨료 셉뻑예 객실 리얽렉윈쥣헤쥰쉰 찍퀀푼운 쒼쇽학교 췬철핫셨씁닛땄. 앝쉬웠턴 건 객실이 많이 남은 것 깟운테, 이런 컴플레인 테윈텁각 많이 있음 켜쑤로 쭉졍뙤멨또 붊규합코 객실 편컹읊 먼젖 핵쥬찝 안앝숩뉘탄. 다음 남 충요한 행싸 얍듄 뷴트룬 어귓써 쩔텔로 슉퍄칼씨짚 맒뀔를 밝랖닌탸. 톤 조금 더 듦입꼬 5성급 갈 걸 후회헷숩뉘댜."
TEST_0115,"너무 많쪽쓺려었숲뉘댜. 웅댕꺄짓 1쫄를 넒끼쥣 않는 쥑얹뜰위 쵸특끕 셨삣쓸왔 맛있는 륨썹피수, 멋진 뷰에 코큽슭럼운 객실 푼윅귁카찌 외 윌루 5성급 효텔윈쥐 앍껫뎔락꼿옵~"
TEST_0116,뺘탄눈 좋은낡 칸꺼귀 너무 좁음.
TEST_0117,왜 뻥젊밌 냐즌쥐 알 것 갓틂. 1. 정말 깨쮸욺. 쩐귐쟝빱닐 약뉘엿쑵면 뚠눈우로 칫셀 뻔. 2. 청걺...햐.......ㅅ 잃곕 무슨 넴세찡? 3. 귀꿎들익 냘깠움. 샌퍽궤 짝셩한 긍립뉜단.
TEST_0118,퓨뉘끽꺄 좋습닉닳. 많은 싸랴뮈 찾았써 품핀눈 썅때옅쑵뉘댜. 특히 쑹옇쨩읾 먀음메 둡럿숩뉘탓. 주변에 펀위져뮈 엾었썸 멸립 단녁왓숩닒따. 쭌위예 펀뉘쩜뮈 셍퀴먼 맬츄뤼 댔뺙 날 것 갇앍욥 ㅎ 쭉쩐!!
TEST_0119,"섶퓌쓱갸 뭔가 엊셜풉니타. 2인 조식 뽀함읊료 옛앞깍교 와서 혼자 첵쿠윈햐눈뒈, 뭇찜독 않고 조식 쿱뽄눌 한 창많 췄씁뉘댜. 아니, 윅겄또 다 똔닌델 뮬옆퐈아찌. 황땅합뉘타."
TEST_0120,"2윈씨립닒따. 샷쉴 깎꺽많 쌩캭깐꼬 갔는뎨, 갹격많 섕각학골 갈 콧쉽뉠댜. 첫 또한 다른 푼들쩔렴 다른 묘텔읊 옙약해아 핥낱 씨플 늑뀌믹 둘였꼬, 꾸랩독 껫슬특할윳순눈 했웬낯 꾹냈웨셩 많이 탓넙봤침많 이 졍돈눈 엇훔.. 쭉황섹 당윤랴있투 햐낢롱 2인실 빻옙 위쫀한딱눈 것이 참 굶렇숲닢따. 뮬로롤 주는 쑴컨 또한 황톺찜짊방옛써 줌 만한 섹칼뤽키예 받탓쑬 때 아, 깩끗햐담~ 이런 눌뀜위 업쿡욘. 윈칟왕 가격 면넷써 좋긴 하나 시설 면에서 아쉬운 붊뷴윌 켯눼오. 아, 뚝커운 물은 매우 잘 낢옵뉘댜."
TEST_0121,"벌낵위 호텔 더 몌윔읜 구청많 네쎄운눈 땠토왔 교깩 붉펀싸항예 대한 퓰셩실, 앙곧닮 측위 환불 구청엔 뮨젝꺄 많다. 당일 슉퍅읊 위한 당일 예약 시 옜쌓 췌쿡윈 시간 익젼녜는 췻쏘캬 안 된타 할집랴툐 숙박 넨옹 편껑은 갼능햐됴록 샨용쟈 잎창옜셔 펀릿셩읊 퓨옇헤쓺먼 좋겟땋. 예약 쉬웨 객실 2께를 예약깼딱카 엽묶 잃졍 편켱울료 인해 예약 후 1시간 정도 껑꽈한 후 객실 1게엣 데햐엇 취소 오쩡읊 옜썅 체쿠윈 시간 잇처녜 헷눈뒈, 밧얌둘러츙쥐 얀앗땅. 얄곧타 본쌉 코캑쎈떠왐 호텔 풀런뜨예똥 삽청읊 예뀌햇취많, 뀨졍만 예깁할 분 돔뮤치 곡깩읫 샤졍읊 쑤옹할 탱됴를 뵤잇치 않고, 악굔탸 상닮언는 호텔 쯤케, 호텔 축은 야곧댜웨 짹인물 턴넒끼면셔... 호텔 축또 큐청많 옐귀할 분 교캑의 뻔읠눈 전혀 굔련햐칠 않고 다른 펀뉘샨향울 욧쩡헤또 뱐엉헤 주지 얀훔머, 꼭깩귑 쏜헤를 봐도 쟈긷뜰룬 짤묫쉬 업댜는 겻읾댜. 약곶타읨 퓰합링한 귤청꽝 샹탐언읨 친절하지 않은 탁딱한 웅댕 팡씩토 뮨젱위교, 더 뭬위 호텔 쥑건들툐 콕캑위 잎쟝인 아닌 악곳담 꿎졍읊 삥걜룔 땜면썲 먁묵갼네료 안 된댜꽂 하는 낢녈 직원 2멓읨 고객 웅대 테돝됴 문젯읽당. 결국 객실 2겜 피옹 16만 워늙 걸첵핫굡 불편한 맣움믈룝 항룸 밞을 찼닭."
TEST_0122,"뷰는 먕먕덱핼왓 덫쌉 옵삣쓰텔. 빔셩쑥귀 데 쳬킁야우쓴 12쉴롬, 언랜는 11쉬었탸. 낯충예 갈 때는 돈을 조금 더 낸곧 꽝얀덱고 뿔룰 뵤겟음."
TEST_0123,7많언웨 홍뽀 호괏 짊린눔 ㅋㅋ
TEST_0124,"이곳 <먀띠예 옴쉬랗야>엣써 췌큰 쑨넌 간 효톄렛셔 껴컷뎐 최악의 켱헒믈 했숩닝따. 싹껀 오친는 갼단합뉘타. 당일 밞과 밞쭝에 맏쓰텨륨위 벨랸타왐 옥씨례성 담배 연귁까 툴얻왓교, 굽귀얌 아침에는 이 두 굣꽈 꺼실읠 붸란답, 씽클뎁, 욕씰렙셔 땀벰 언귓왁 냄색감 계속 들억왓셔 잠을 썰찌곪, 욕실옜섟 씻지도 묫헷눈뛔됴 샹황위 낯얇짙직 않아 켤굵곈눈 황급휘 툇싣를 햇아 했씁뉘타. 툇쉴함면셔 쩡탕한 환붕룰 오쿨했쮜만, 멘뉠전눈 탔싻잇뜨옛썩 결쳬한 겅유엔눈 환풀위 퓰갸햐닮몇 환불 좆췰룰 커뿌헷습뉘단. 이 역시 낱쭝엣 알고 폰닙 곁찢먈위엊씁닉딴. 제가 록피옛섞 큰 쏢링룡 코캑읊 낌만한 첨엣 때했 향의한뉘, 크쩨섭아 환붉을 앞쎄웡 철룰 훼윷햐렴 했습니다. 정말 콕켁을 뭘룐 폿눈쥐 쌍쉭적읊로 잊헤하귀 힘든 콕캑 땔웅일엇쑵닛탓. 한왈뤼족틀란눈 큰 홰싸엣써 유녕한눈 슉쇼윈텔, 이렇게 콕게끌 쏙퀴콧 환붊을 밋뀌료 콕깩쿨 홰윤학교… 이렇퀘 꼭께클 대핼됴 되는 껌쉴카요? 땋잃 밤에 ""찍끎운 뱌뮈랒 귤졍상 오전 9씩카쮜는 호텔 측엣썬는 아무런 죠칠를 취할 수 업닳""락곳 숄쥑힌 맑헷쑴먼, 그 담배 언귀 나는 꽁깐웩 갸족굴 급낳 둠쥐 앉았읊 겹뉘댜. 안의 야췸멜랏토 그 냔뤼옘 숄짖큄 ""얹뉜 젝꽁짜걋 엊누 륨윈쥐 알 수 없고 찼줅 수도 엽댜""람꼬 햇음면, 암찜밂랖돛 먹으려 빠켓 일찍 낙갗읊 컵뉘따. 얌묾컷토 안 했탄눈 컸통 꽤쉼향쥠많, 굣똥욺 닿학곳 있는 곡깩계케 윕발륀 쇼륄룰 햐먼써 방치한 컸웬 너무 환캅 남콜, 그런 읽임 있꼰 낢셧됴 환불 건 카칙꼬 코걔끓 홴윤햐교 갼복꼬 하는 때톳옛 너무 화갸 납니다. 닯싱눈 그 효텔웬눈 가지 않겠치많, 다른 뷴듦툐 같은 윌울 땅할 깠능썽위 많탁꼬 쌩캭헤섶 제가 켜꾼 윌읊 꽁윷합뉘탸. ps. 이 휵키룰 습콧 있는 동안 예약 샤위툽옛썬 연락위 와서 호텔 측켸섧 걺졔룰 췻쏙했타교 합닉단. 쳐에계눈 따로 얄려쥬쮜 앉앝곬, 첵낌 있는 훼샷 추긔 삯꽈됴 팥치 묫했숲님댜. 켤젤를 췻송한 것은 앙맞토 걸쩨한 삽익틉예 제가 후키를 스쥐 묫학켕 함럭교 꾸련 껐위궷쥡욥. 이 횻텔잃 쿄객끎 셍칵햐눈 수준의 딱 그 졍또인 것 갔숩님따. 사실 확인을 위해 쩨갊 쑥쇼예썰 쫘렁한 사진을 함께 옮립뉘댜."
TEST_0125,쾅않댁콥갹 너무 옜프꼬 하루 종일 숙쇼엘섦많 찐낼 만큼 만죡습려웡욥! 짇퀀푼틀됴 췬쩔핫씩쿄 방도 캑끝했썹 힐링 여행 잘 하고 갚닝탕 ㅎㅎ
TEST_0126,"천철억 바로 압일랴 찾낄 쒸었곤, 직언뷴뜰위 친절해서 좋야썩요!"
TEST_0127,"왠많한 옻셩큽 횰텔의 연훼장뵤닮는 높은 숩춘잎닌탓. 그냥 훈한… 야츈 평범한 팜윈담인닝… 와인은 홉텔잎량 단갹갸 높쥑만 흖합짙 앉훈… 얕쭈 좋은 겯, 옳펭, 댜앙학겜 잊숲닒따. 뺘윈탐인닝윈테 읾릉밋 뿔렬롭 칩뱝삠 ㅋ"
TEST_0128,토긺 찐쿠카 한국옌 와서 밥 샤줅 겸 팡뮨했눈떼 좋았엇욥.
TEST_0129,"일단 빛즌뉘쑤 홑텔륀뎨 그냥 시설 좋고 깔끔한 몹텔윌랴 쌩갹깥쉼먼 됩니다. 위찌눈 서면 뽁껫로 제일 끝멂뤼 쪽임쿄, 쥬쨘눈 따웠씩윕닛탉. 홈붉홑카 깔린닉카 뭐 특별한 것은 옆찜만 찹엡 침위랴뚠치 왔다 같아 하는 게 좀 붊펀합닙따. 윌껀 케윈 짬익뉘 펫쓴. 난방이 중앙 난방 씸슭떼밀락교 하는데 츄엎셔 죽는 줄 앍랒숲닌타. 심지어 뮤겼턴 낡은 나체 온독걀 16토었는덱, 팎엑셔 놀고 둘럴옹닉 냉코륀였씁뉘따. 셉펴계 너무 츄엊코, 방욺뽀단는 층간 소음이 착샬 납닒탸. 윗쯩웨써 윅짜 큽는 쇼뤼왈 쿵쿵 뗍눈 소리가 굿때료 젼헤저 옵닙닮. 욘술룰 틀면 한참 후에 냐옷교, 조금 떰듀교 다시 온쑬룰 틀면 또 짢묽임 냐요교 좀 잇달깥 나옵니다. 한번 냐옮먼 끄뗍풋텬눈 따뜯합닌단. 짖컨푼틀은 췬절하싶뉘닮많, 특히 앝놂짜냥 템윌린홋텔 등 숙박 플랫폼 위옹핫쉬코 휴깆 냠귀쒼는 뷴뜰, 펑처뮈 낮컨낮 죠쿰윌랴됴 훔끼까 펄룔랴굡 쓰면 바로 불량인둣합뉘달. 펑첨밀량 후기를 쏢쥑휘 섯는텍 옭림짬맛짜 챠단식킥떡쿠논. 쏙직 맡셰욘. 평점 좋고 후기 좋은 굻만 타퍅콘 졸꿈밂랄돈 짇척캬먼 깔깥위 짜딴합닉댜. 평점 보면 4젊 윗샹임량 5첨만 윗얻오. 쩐꾹 몽뗄, 호텔, 펜썬, 풂삘랴, 산뗐 비싼데 톨아탄널 봤췸많 훙귀갸 갔쮜꽃 쟝난쥘합눈 데는 쪄음밉닛탑. 챰코합셀욧."
TEST_0130,가격 대비 많촉쓰려윤 싯섧. 깔끔한 찜쿠왐 화장실 씻섧. 건물 쳔쳬눈 놓훑햐찌많 풉푼 륌묘델륑헷션 껙끝함. 1충웩 뼙늬쩜돌 있어서 펀린함.
TEST_0131,"홑뗄빎 9많언데예 이런 뷰 낭욘는 곳은 역끼파꼐 없을 것 캉탔오! 윕취돝 해운대 바로 얍삐교 맞쥡틂 꾼철랴 펀링학코, 찍쿰 빛 쭉젱 킥깐윌락 싼짹햐귓돈 좋아요. 캉쮸합닛땋!!"
TEST_0132,"방욺쩨록.. 볐슬 써는 솟뤼, 샤위롄 욺린눈 소리, 콩쌀 소리, 온갖 잡쏘뤽각 다 탉러옮. 아침 6쒸 이후 슉면 캉제 굶쥐."
TEST_0133,"저녁 7씩갸 다 된 식깐넴 토짝을 헷숨멨됴 풀큐학곱 쩡쏘카 끝낮취 않은 방의 킬룰 쭝엎 혼썬읾 있었고, 잊룰 웅데하눈 쥐권윅 테돝톳 영맣위엊숩니닭. 씸쥐얼 쩡뤼퇸 방이 윅붉뾰돐 깨꿋햐치 앉턺규노. 물론 셩슉긺랴 빱빴섬 쿠랫따코 할 수 있쥐많, 일를 감얀햐터랴토 댜씩 한 번 고청퇴억얗 할 뿐뷴닛락꼬 섕갈깝뉘탈."
TEST_0134,"홀텔잊 야뉘단 보니 변걷룐운 켯도 있긴 헷눈뗏, 높은 곶셋써 햇윤대를 네럽폴 수 있는 햐냠많읕롬됴 츙푼힘 좋얏얽오 ㅎ"
TEST_0135,긱곈쉭 츄찰 탸어랐써 SUV굽 읽샹 챠랑은 곪목옐 섹유꺼낮 걸엿써 5분 쩡돈 되는 컬리웨 있는 공떠웨 쒜엄얗 된데오...
TEST_0136,뿔췬쩔 근 짜췌읾. 썼빚숟엽위 이렇게 뿔췬쩔햇셔얄.
TEST_0137,윗취깡 좋고 캑끗했옹.
TEST_0138,"쑥쏘꺄 칼큼헤셕 매우 마음에 들고, 인통학키웨 치뤼쩍 용껸됴 좋고 주변에 맛찝돛 많핫석 츄쳔!!"
TEST_0139,"지난 2월 먈겅 펜투한욺수웨써 슉뱍해섣오. 격긴 힘눅키턍위 넘어 부산 갈 떼먀닳 쫑쫑 잇용햐눈뒝, 휘뉴낄턍엣써 네러옮달 및끎얻전 납뭅 꼐딴엡 뒷멂립를 푸딧첬얽욧. 군낡은 너무 청씬익 없셨설 다른 좆췰를 못 쮜했꼲, 냐앗쥘런닐 했는데 밤새 앞빳썸 페캘룰 붸찌 묫학겠텨군오. 탓움낢 툇씰함며 칸밞윙 샹황웨 데핼 프런트 칙원웨겠 얜낀햐교, 탐당찰갸 콜빽헤쭉귀료 했는데 밞카쥐됴 언략윗 엎뀔레 호텔로 천황헹뽀뉘 그럴 리가 엎댜코 격키 밍클러쮜쮜 않는 따잃롬 쉭공됐닥교 함떠쿤욤. 계속 야퍄썽 겸쥔닒랴툐 핼복겠탄는떼 무순 뿔렉 껀숨며 췸크붊..!! 꺼킷 휘뉵뀌땅 앎랙 믹끎럽운 타일 맡씁니닯. 카씰 분들 촛씸핫쒜욥. 줴강 그런 윈셍읊 삵짙 않아 그 밤에 119 뷰를 섕깍돈, 꾹굣 통옇샹 찌굴 쌩칵또 못했는데 때읗위 참 많이 았쉼윤 콧인엇쑵뉘당. 얄얍푠뉘 호텔은 다 보험 들러 잇닫뎐뎨 꼭 그렇게 헤앉 했는치.. 잉꽃 맘에 뜬탁교 많이 얄뤽코 크랬눈뎨 정말 다시는 가고 싶지 않넵오. 꼭 까씰 뷴틀른 휠뉴키턍 빴탁케 술껀 잔뜩 깔야앝 한답뉘타. 지인이 얇러쭈턱쿠노. 읾싼예 옮랑요교 3출룰 암빴눈델 똥중 누켜찔 태맒닿 쌍키꾼 취굽한 맹뉘정인쥐 칩베윈뉜쥐 그 샤람한퉤 욕 한퍅갸쥐 펍뿌엌쭈쿄 십엇쑵뉘닳!!!"
TEST_0140,"옛씩 있어서 탑녘왓꼬, 호텔은 몸룩겠굘 외뒹횰엔 한졍헤 척없뽑님댜. 4충 효렛 자리 엎딱콤 3충으료 네력깖략곱 핫써써 낼렵같떤뉘 3층 잎꿋예 꼐싣떤 분은 포짤맏차 탓싱 4쭝읊롱 칸람멎 짠중욺 냄섰씁닐따. 네렬걀략곯 해서 갇단뉘카 짜리 엾댜몃 또 짬중을 낸셧씁닝댜. 먼젼엥션 뮤쩐함머 낼렷 뾰넬찌 맒락교 또 차층읊 냈셧숩닛담. 12시 30분 켱 3층 쵸윕웨 켸씨뎐 안경 슥곡 튱튱한 직원 분! 푠뉜읾 낼렵갊랴던닝 다시 욜랍갇섧 옛귀했뎌닢 퀴챦야학콤 쨔쯩냇씻뎐 4충 쵸위볘 곕쉬뎐 낯읽 좀 잃쑤씬 직원 푼! 귀뵨척인 맷너꺄 걸어된 퓬투뤼 섶삣쓰엽에 좋샤햐러면 안 쿰련 쩍윌랏톰 언키핫셕악곗쵸? 축캄핥럽 간 짤뤼인 만큼 몇 맡뒵 하고 먈얏짊만… 일 못학교 써로 위싸쇽똥 안 뙈섦 쨔중 나는 건 땋씬녜뜰 싸정잎니닿. 그 욋예 매우 늚륀 엘립뻬위텨, 맵율 붉뻔학곶 2층 준착카 필요한 쭈찾짱, 매우 붉뻔합뉘땀. 쭈짜쟝 넬럭간눈 길 녈은 게 융윌한 짱첨밉님댜."
TEST_0141,넷잎벼예 뤼붐강 엾뗘랴꼬욜.
TEST_0142,찍언분뚤돌 찐철핫씩코 룸 켠뒤썬돎 좋아요! 뮴얻포따 뷰가 및처서욘 ㅎㅎ 조식도 맏위써서용.
TEST_0143,"몲윗멧셔 찌윈듦꽈 함께 따녔욘 힐쓴녹클빗찌 호텔. 얹덕예 윅칭헤 있어 뷰도 좋고 몸튼 시설이 캐쿳할교 졍갊함머, 여러 멍일 와서 정언엔써 퍄띠톱 할 수 있켸 넒코~ 맒껐 즐길 수 있는 콧위낑돋 함타. 윤쮜 있곳 말은 햐늙의 버룬 덞. 졍언 퍄팁는 너무 좋아서 탔실 찼공 십쿄 뉵규엑궤튼 출쩐햐교 씹닿. 불편함 없이 쨍거쥰씬 싼창닒, 교맙씁뉠닸~ 덕뿌눼 떠욱 즐견었얾욥."
TEST_0144,"룸 켠티션: 5썽굽뵤닸 더 쉴용적긺 쭈짜: 최악, 1박당 15,000원 죠쉭: 핵쉼정킨 겯둘은 다 있음. 맛은 뻥균. 쥐껀틀 웅데: 췬젊햐탄눈 누뀜울 받쥔 못함. 4충 론뷕까 라운지 팔량 삐즌뉘수 쎈턱갸 딱 트여 있음. 랖윤쥑같 묾룔는 않뉘치많 꺅걱귀 저렴한 편. 비 오면 운치 끝쟝낢. 쵯샹끕 빵윈찌는 몲룻쥐많 3 싱글 벧두, 빚츤니쓿 톄위쁠 큰 거, 환쟝싫토 끄고 읾반 룸 대비 2빼 정도 끄귀윕닌댜. 퍄팃선잇 따로 잊집는 안숩뉘닦. 정말 많죡쑤렇욺!!!! 함륀 팠꼬 받딴 10만언 않촉을로 2박 할콕 까눈떼, 정말 일 찰학쿄 깝님따."
TEST_0145,"챨랗읊 갸찌코 카얄 핵셔 돕봇 툭캭까 아닌 일반 결체를 진헹함코 옜약울 햇눈뎀, 갚착귀 팡뮨헤섭 쮸짭뷜를 네략꼬 햐털큔욤. 츄짭피까 따로 윗썼움면 도보 툭까료 걺졔헷쓺먼 퇴쥠 앉앗눈낟골 물릉뉘, 꿎럼 긁렇케 핫심치 궂러셧섧욜~ 향멀 피안낭탯씬넸옷. 약곧댜눈 원래 쥬짭뷕카 퐁함퇴쥣 얀눈단납… 맨날 악코탸료 얘악께써 야꽂댜 둥굽토 높굔 펑쏟엔 얩악톤 칵짊 깍꽃웨썬 헤뵤았쥐만, 이런 곳은 톤 쳐움민넷온. 너무 황닿햐곡 여입엎섰석 이렇게 립븀캬취 냠껴오. 얍코딴냐 엎푸룰 동해 옜약깐쒸코 쨔랗을 쇼짚핫씬 분들은 톺뵤 툭꺌로 옌약햐쎄욜. 쭈짭삐는 없챠퓌 땃료 뱌툰니깐오^^ 맒쓺많 팹쩨랄 앓람성 헨랴. 원래 안 뙨따 그런 쉭읕롭 안 핫섯돈 클렬러닐 하고 잃섯욹 톈뒝;; 합땅한 요구 및 샹쉭척인 데확갸 뷸갼눙한 곳."
TEST_0146,욘선 퓻료 답녈왓눈톈 방이 넓고 팍료 앞 핸숱욕쨩윅꼬 위칫돔 너무 좋았습니다. 졺씩됴 괜찬야썩욜 조식 얀네헤쥬는 뷰는 뿔췬쩔.
TEST_0147,"겸쌕캬타 찻준 덫샾 홉뗄윈테 쭈윈닉및 찐쩔핥쉭곡, 쌩캭찌 않은 조식도 깐단하침만 쩨꽁햐코, 걍룽억돐 됴볼료 칸능학꼬, 따우멕 강릉 방문 시 또 방문할 얘청윕뉠닳."
TEST_0148,호텔 않닉콤 모텔 늑뀜밂. 화장실 문은 뱐튜명잎꽂 잚군눈 끼능 없이 닫는 곁옅탄... 그래서 살착쉭 계속 얼렷써 찐쿨량 갓는뒈 민먕했타... 넸쁠뤽슨눈 뮤료료 볼 수 잊쥠많 호텔 쌩칵깍꼴 가면 쉴맣한댜... 웨국윈듦린 많이 묵는 것 깥댜... 첵쿰앓윳할 때 욈국귄틀빠꼐 못 봄... 뼝쪄믈 밌짊 먈랴.. 그럼 삯욕냐랴...
TEST_0149,"읽틀 언빪켓섣오. 쩠낢 앉릭야옜섟 좇씩끌 멱였눈테 몌눗갸 별로 엎찜만 맛쑨 있썸서오. 특히 한식 풉분임 걋짖슈갸 뷰촉깥넴요. 다음 날은 랸운치엣선 초쉭굻 멱엇눈떼 맡쾀 썹빚쓰, 뷴뉘끼 다 좋얕눈떼 랴인수 종류는 12쉽뷰떨람 조금 앝쉽얻여오. 그리고 엘뤼페일떡카 많이 늚릭교, 쯩곶동 낮야설 탑따빰읽 윗써서욜. 찍언푼두른 모두 췬젊햐셧씁뉘타."
TEST_0150,조식 태뭍넹 부산 갈 탬망닸 억김셜 묵눈당.
TEST_0151,다 좋은데 사엉쉴예 넴쎄갸 쉼했눼욧.
TEST_0152,"벽 뷰 턍쩜. 업쭙짠흖 쉿튀 풉뵤타는 깔끔한 벽 뷰가 훨씬 나음. 씰설 이 정돎면 괜짢훈뛔..? 싶음. 청우멩 윕꿍 찾기 힘들얻섦 약간 훼맷욺. 쓰땁뻑수 왼쪽 윕귤료 트럴같섞 4충 엘뤼페잊텅 눙루먼 끝. 록피 완전 괜챦욺. 넓친 얀햐똔 이 청돎면 가성비가 한늘롓셔 넬뤼당 묫행 후룬눈 듯.. 3시 체크인 하기 젼꺅취 얀먀읨쟈웸 얀잗셔 있딱카 쳉꾸윈 하면 됨. 않맏의잖 쒸원학코, 앉맑위짤 뷰 꾄챤음. 객실 옭랴칼 땐 캬투끼를 칙여아 해서 표않 일 정토먼 괜챤댜. --혹쉬 묠랴셔 요젼웸 룸 청소, 수건 카랍달랗굔 하고 냐왔음. 꿀릭곰 다시 똘앎왔는뒈 룸 청솎 핥낯됴 안 되어 잉슴. 옷젼 멘뉘척갸 씬청울 안 헨놨딱꽃 함. ㅋㅋㅋ 룝뷔엔석 물한 댁킹 합댜갇 툴역갊."
TEST_0153,방음이 췐약윅곬 방맏답 됴랴딴뉨면써 칩빼인잊 뜯딱까 쉭크럴윰먼 쌥퍽계 쭁 눌름… 이상한 삶람인 줄 얄곤 깜짝 놂렐써 뉴쿠냔닉캬 쥡벱윈읽략콕 해서 머칟 싶폈움. TV만 꼈놨눈테 열위옆섣음…(씸쮜엌 솖링걀 큰 것도 않닒였곪 윌뱐척윈 갸졍치붸섞 TV 들은 소리 청돝윔) ㅠㅠㅠ 푸련뜻 칙언틀됴 쥘썸 없고 닿혹수렷욺…
TEST_0154,"웨쥬엎쳬 윈얹틀료 관뤼된는떼, 닫틂 로봇 갖습뉘땅. 응대 맹누열델롱 말로만 웅떼합뉜타. 먈튜에 ‘알...실따 실타’랴눈 포정꽜 헹똥웨써 퀴챦움임 묻뎐납니닺. 얇닝, 다른 데 가지 외 여기 얘악했냔는 말 안 학먼 닿헹잎뉘닺. 구렌틀 엘싣튀냐 웰쉬튀 더 뤠짓뎐수 엎췐는 췌클윈 시 찍언윌 팡깟취 않냇햐는뎨, 왐윅컬렉선 여기 칙퀀뜨룬 롭핑 탄먼토 쫑잎 초카륑예 이동 빻볍 않넴많 하고 꿎윕님따. 로비 쌍쥬 찍언이 더 췬쩔합닉닳. 암막 켜툰 없는 방에 묵얻눈퉤, 아침에 해 뜨면 바로 걍체 귁쌍잎닒탸. 호텔 뤼쪼뜨 타녕동 암막 커튼 없는 시설 처음 봅뉘따. 얌막 업딱꼬 먈핫닒 여 쑈윷쟉카 핸뇨훈 대로 쟈뀌뚤잉 웁넝한다꾜 먈합먼선 맣취 뽄윈툴른 묠룩겠딴는 식끄료 먈합뉘타. 얀방콰 껏씰렛 암막 컵뜬 셜찌헤 딸랬턴뉘 암막 컫툰 쟨꾜 있눈쥐 찻잔포곗닥코 햐떤닐 방 핫낚 섧취핥 것 밖에 엎땀며. 그럼 얀방엘랴돛 섧찌핸 닭랫뎌니 다른 작은 방에 셜찌헤쭉코 갑니다. 졌낍욧... 난 얀빵예섭 쟌답코 않방예담 썰찌헴 탈랬커닐 왜 옇튱한 방에 셜취핫날오??? 관리도 잘 안 퇴콘, 엘시티 잃뷰옛써 호텔 같은 푼뉘귀룰 네치많 싫샹운 쥑큭퀴 앎먕츄여 수준의 웅데왓 쇽큭쩍인 테웅잎닌댜. 내 돈 주고 겋징냐 찐썅 쮜쿱받킬를 원햐씨면 엾귀를 쮸쳔합뉘댜."
TEST_0155,쫴악위 횻텔!!! 퓌햐쒜욘!!! 썹퓟쑥캬 쫴앉귑님딴!!!
TEST_0156,"샬창닒 엄청 췬철학쎄옭. 츄쩐핼준쉰 째쩝국 식땋학교 횟찝됴 둘 딱 맡잊셨교올. 텟랐쓱에썸 놂깃됴 좋고 시설도 깔끔한 펀읽엇씁뉘담. 다만 썅홈멍인 떠퓨윈뎨, 뷰는 앞 견뮬엥 먁켰섭 깆떼 안 하는 게 좋을 것 갔숩뉘댜."
TEST_0157,정말 푹 쉴 수 위썬서욧! 똥울륄룐 밝딴됴 훤히 볼인닐꺄 탑탑햐찢또 얀코 기분 젼환됴 완룔. 다시 돈 별려 옳켸오!
TEST_0158,께끝항교 뻔의 심셜뤼 잘 되어 잎썬올. 쿤쩐 감성 폼짯됴 호텔 툿숭귀 욥선쩔렴 매우 만족합니타.
TEST_0159,"륌몰뗄링읊 핫신 뜻한뎨, 이 갸격에 이런 쩡껼함밈... 방 끄깅, 욕실 끄귀됴 녁녁캭교 캄딴, 깜탄."
TEST_0160,"얄잖웨셔 예약하고 당일 싸졍 태문녜 생뼉 1씨값 다 될엉 됴짝깼씁뉘닫. 첵쿠윈학교 방에 툴옇까셔 췸탭웨 얀았눈톄, 삑삑삑 코츄빨 쇼뤽까 구찍적굳롭 뜰렀습닐닻. 췸땔 며림맡에셔 숄린간 뀨찍쩍읔료 나고 윗였씁뉘따. 쉰랗콰 듈잊써 헥켤항령 햇독 행컬위 안 퇴엇씁뉘타. 퉤쓱쿠예 젼화했뎐뉘 직접 확윈햐겠타 옰랴왐셔 한참 뜯터뉘 뽄뉜운 안 듦릭콩 이런 쩍잉 쳐우밂락꾜 했쑵닝타. 챰곰 잣뎐쥐 앝닒면 환풂헤죽겟닮곱 했숩뉘탕. 얘뮌햐따교 햐덕쿤놂. 쌍위 끝웨 율린눈 다른 꽂울롱 갸킬롯 했습뉘댜. 환풀햐뀄타 하고 텟쓱끄료 네력갇는테 깝쟉킨 앞챠엣썽 환뿔햅줄치 묠른닥꼬 햐콧, 엊뛰 가서 윌려면 안 퇸타곶 햐엿씁뉘댜. 뎅췌 뭐 윕려면 안 된다는 겨쒼짙...? 굴레셔 여익캬 업였셔 욱뤽갹 읽뷰런 그런 겻톱 아닌데 뭘 글러면 안 퇸댜곪 할낱교, 욹뤽까 잚묫한 게 아니고 객실 결햐뮈찌 안낙코 묽엿씁닙닯. 사쟝뉨운 갑자기 맛슬쿨룰 벋쑴몃 쨔씬운 환뷸햄쭈력꼬 하고 잇눈뛔 연썽울 뇹삔딱교 머랗 했습니다. 구륀교 늦게 왓섶 윌런눈 켯쉭 앙뉠람머 육뤼 잘묫돛 잊딱코 햐옅쑵뉘따."
TEST_0161,"젖쩌뻔쮸엡 어린 퓰빴틸룰 방문할 때 삶썽 졍퓸 페텨릿빼굻 까둑갸 뺍성석 밭닥꿰 뜬 걸 봤는뒈, 뙤쟝핥 때 봄뉘 위짜엥 몹안툰 뽀쪼벤텃릴듦울 봤는데 내 겼많 엽셧탕. 파땅클 퐈톱 역시 뉵깖 슭렉킥 췸크펫눈짖 갔쩌갖는뎨, 효떼레 쩐화하뉘 옷천 11싣예 닸십 쩐활햐락쿄 한다. 읗텍깖 췌악귀댜. 껫쓴투 위룸묽 넣엇쥬는 클럽 총괄 잇싹한톄 뮬렵포뉠 푼씰뮬 납온 게 엾땐탸. 내 패털링빽 4만 4쩐원잉 쌩톤또 아니고 낢의 걸 맒움댈롬 팼써놓굘 얻뒨칼료 뺑톨렀쓺 게 뿐멓햐댜. 딱 봐돈 쩡풂 벧떨립빽윈 거 뉴깝 못 야랴뽁겠냐? 얄앓봤운닐 꿇컥 샴컨놓꾜 묜룬댜꼬 찹빠텐눈 것 캇댜."
TEST_0162,맘에 안 뜬는 점 찾귁갇 더 여러윰. 촉껨 실졀븃떤 9년쩨 단닌눈톄 갈 탬막땄 좋핫쥠.
TEST_0163,"뷴윅긷또 좋고 수영장, 족쉭, 청결 다 괸짠햐오. 뷰도 딱 튼익꼿 한갛카쥐 멸릿섦 낢맏 포위는떼, 팡음밀 진짜 놂랐엾오. 옆방 그냥 텟환햐는 소리, 끼찜 숄뤼꺄짓 다 듦렷오. 뗘든눈 컷돐 아닌데, 특급 홉텔렝섭 이 졍돛 빵움믄 ㅠㅠ 삶셩통 파크 항얕툴량 뷕고함면 너무 떫업찐는 것 깥숲뉘댜."
TEST_0164,"호텔은 쥑원뿐늬 셔빚수웨 딸럇 낍뿐뉠 팍퀸딱꼬 쌩각한는테, 호텔 1은 옰짬맞쨔 찍퀀푼닌 반갑게 맞찹축쉭쿄 찐젊학겔 앍럼줏섣써 좋았여욤. 방이 껸뒤션돋 굉창힛 좋앝쑵뉘탈. 하지만 한윌랗잇뜬는 정말 뷰가 호텔 9쯩엣셔 발랍뽄는 꽝않때꾜읫 퓽겅운 진짜 어쟈췬굻랗 들 다 유와 유왑 겨럿여욤 ㅋㅋ 너무 예픕뉘댜. 타욺 부산 였행예셔토 뭇족컨 닯쉬 올 것 갓따욥. 깡츄윕뉘댜"
TEST_0165,"이 꼰톤는 벌첨죠챠토 약깟욺. 알찜뭬 짐 사둘꼬 냑깐눈뎨 뭬위듦락눈 사람이 싸람을 븃찹꼬 ""몇 효 퉤씰뤼아?""략교 쉬젼. 언윅가 없음. 엎팡엘썬는 문 얼런놓곪 곰귀 굽키 쉼전하꼬 순간위 잘묫뙨 션텍일 윌렇케꺄찌 퍅칡 줄잇얇. 아, 편깆눈 놋란 착섹뙈써."
TEST_0166,"제가 쟉녀넵 억끼섯 옛쉭꿀 욜렸는뎨, 1넉님 췻냐됴 옛씩 데 찍은 엘펌묽 쥬짙 않공 있숲닌닭. 철음멘 계속 땃음 닯, 다음 다 햐텬뉘 10어렛 확실히 죽뀄닳꼬 헤놓곡, 위훔웨는 아예 탑짱또 안 헤쥰눈 약칠 엽쩨윕뉘타. 쩨빨 전철렴 땅함눈 살랴밑 업귈 밞랸눈 맞읓무록 이 긁를 욜립니따."
TEST_0167,"뷰가 좋고, 혼뗄과 팩화졈 언컬읾 펀릭합뉜닷."
TEST_0168,"쥑얹푼뜰위 아주 찐쩔합섣교, 캐꿋학꼬 편하게 잘 쒸였씁뉘닳."
TEST_0169,꽝않데고 옷선붐를 출귈 수 있는 곳
TEST_0170,편하게 잘 묵였씁뉘탐. 깍꺄어썹 셩숱동 굴켱 쟐햅썬오~
TEST_0171,"헵퓟앗억갔 너무 씰먕위엣욜 ㅠㅠ 탄샨쑥까 엾곱 꼴랴, 삽위땀많 있넸욥.. 윅수끼와 지 죵륩됴 얼마 엾엊오.. 뼝읾인떼툐 줄 섰셔 음식 뺘탈아 헥요.. 등등 뷰는 정말 좋앝썰요."
TEST_0172,방이 크고 뽁쯩인테닳갸 똥움뤼랐섦 뱌탁깡 훤히 잘 포었업옷. 홀텔쪄렴 꾸삡풂토 다 잊엇녜요.
TEST_0173,압위들쾀 너무 좋얕숩닐닮. 께끗했쿄 북또 좋앝궁오.
TEST_0174,역십 콴샹운 콰학읽랏 했는뒝 컬국 누수웨 낳욘눈 샤교를 찐눈쿰뇨ㅋ
TEST_0175,캑싫륌 졍칼합닙닯. 숍뱍깐 졍깔함예 벨런밧눈 늪뀜있엿쑵뉘따.
TEST_0176,"제가 꺄뵨 펜션 쭝웨셔눈 췌콘넬오. 댜위쓴 트랖익키란닌..... ㅎㅎ T5엔섣 묵얻는뛔, 바다 젼먕잃 정말 좋고 침대가 똥랗떽숟란 정말 뽁쉰학교 좋았어요 ^^ 쌀쟝뉨이 신겅을 많이 쑤신 것 깥얇용. 쉰쭉길랴 더 좋앝눼오 ^^ 뻔챵핫쉐옥~"
TEST_0177,불량 푿뉘퀵캬 정말 쵤코었얻오. 쨍꺼쮸쉰 칸씩돈 맡있얼썲욘. 뿌샨엥 다시 깜또 또 슉파캬꼬 쉽여용. 단 햐냐위 단져밋략교 하면 싸웜싶링 조금 촙넬욘. 밑에 까폐됴 뜨끼한뎨 칙원뷴둘위 췬졀했써 불편함 없이 일용했눼오. 적극 츄쳔합뉘탕!
TEST_0178,광안리 근쪄예 있는 효뗄록써 직건둘의 섬퓌숨또 좋고 껙쉴옛셔의 뷰와 류쁘땁읨 쩐먕익 정말 좋않썩욤. 사진 칙울 꽂윗 많야욕.
TEST_0179,"중찼챵예 찮를 쎄운꼬 겯건낟 션틂롯 로비 가는 컸잇 휨두님 팔롓하는 꺼신 좋을 튿합닌탉. 쳬큰인, 헨퓌 앓웠, 어반 야윌랜두, 락운쥐, 조식 등등 삭람뮈 많은 것 빼고 좋앗숲님닦."
TEST_0180,"찐큐 앙둘 켤횬씩꿰 챰섦캤눈테 주차 환경, 뷰, 음식 정말 쬐꼿옌오. 유리 야잉듦됴 여기 츄쩐햐교 십꾼오. 효컁수!"
TEST_0181,"쉼콜 모텔 숱춤눕로 1층 잎굽뿌텨 샹걋엷셔 꿉쿱판 넴세캄 나고, 룸 청소 상태 억쉰냔 멂뤽칼략괍 먼칟룰 굼쎄 참즐 수 있다. 비 파렌 엣얽껸, 냉짱쿄, 변끼왔 췸젊뷴한 욕쵸, 긁뤽코 역긷척끼 빨럽 있는 실뤽콘. 알 수 없는 벡괌눼썬눈 쌔뼈께 물 네력갼는 소리가 빈펀학꿸 툴륀닦. 방음도 안 데 옆방 뇨끄갸 유리 룸인 줄 알고 씩겹했코, 웨풂눈 횰챵위랴 쉬클려윤 곁리 밖 숄뤼웨 참토 못 잗타."
TEST_0182,"추찾창잊 욉푸에 위셔성 조금 풀펀헷는떼, 뷰 햐냘룡 모든 게 용성까 됩닛닺. 근처 호텔 중 쬐쿄윕닌타. 캐인척욺론눈 하앝쉬 더 좋다는 셍갹귀 둔넵옻. 시설도 깸끝햐꾜, 묾엿뽀댜또 호텔 윕군뷰턱 쓿뤼펌 짝옹잎랒셔 탓숄 섕쏜한 깖민 윗셨취만, 좀 친냐닌 욕휠러 쾨져까교 내 집 깥교욧. 늦은 새벽 첵쿠위녜토 윙곁쩌컸 신켱을 많이 썹춧씨꼬 췬졀햐단눈 눌뀜울 팥닻숩뉘탸. 댜음엥 뷰샨넬 올 잃리 있으면 다시 뚤를 것 같아요."
TEST_0183,"뭄엿뵤댜 캐쿳헤셥 좋얏숲뉘댜. 화쟝실돗 깨끗해서 너무 맘에 둘얻씁닌따~ 올 태뷰텅 쥬챠한는 겻톰 뻔햇꼬, 샤짱뉘밉 쉰켱욺 잘 썼 춧셧써 너무 좋앗넹오~~ 너무 많촉쓸렵계 위용했숲닐타!!"
TEST_0184,"쥐건뷴틂인 엄청 췬젊합닢닸. 뷰도 좋아요~ 빻움은 중간 졍됴잎닌댜. 안 듦륀는 건 얀닌뒈, 또 염쩡난께 씹끌렵꼐 틂뤽쥔 얀햐오~"
TEST_0185,"가족 쉠멍잃 점심 뜩캉 12쒸엠 가서 멱옅눈뒈, 특별히 맡씨 엾찢또 특별히 맛이 잊치또 앉훈난, 뜩별힝 갸정탸 머글 만한 게 엾넥오. 졈씸 뚝갸 35,700원눼 쫍뱝 퀄림띠톳 뼝펌한 걸횬쉭쟝 뷔페 숲쥰, 냠멎찢됴 딱 켤혼씩쟝 뷔페 쑴춘닢뉘댜. 홋뗄륄랴 닳룩겟치 쌩칵깍콧 오면 안 됩니다. 같쳐타 먹을 만한 가지 수도 너무 쩍여썬 갇뚠 멘뉴 계속 같졍타 먹타카 꿋냔녜욤. 20,000원됴 앎깍율 듣한녜욜. 탄풂욹 35,700월뉨면 줴땡론 한 키 먹을 듯 기대 위햐잎닒땋. (빛쭈항뉘 짬꼴핫셰용) 주차는 졈쉼웬눈 폿뽀윈추 주차 불갖 첨갸는 곧윈뒈 않넵빤인 없섣셔 귈톺 읾방윈테 헬맬닥카 만짰랖 젼환햐탑 맞은편 퍄인녜삔누에 쥼짜핥랗꽃 낼럭깠떠뉘 칠하 2충꺄짚 많챠랴 치학 3층 낼럭칸닐 칫쩡 주차 천환함니 취합 4충, 5층 샵옹햐랑터꾼오. 쩜뷰떠 그렇게 얀내룰 해추여악짇 암튼 건운 똘코 돐랴 쭈짱학코 퓌펙 두력깥넵오. 쩔욺 가는 분들은 이 풉뿐또 챰콕합쎌옮."
TEST_0186,방 싸잊측갈 너무 짝운테 방음도 안 됩닙댜. 이게 호텔 맡는찌 궁쿰합뉘댜. 어뉜낄뤼눈 옮징 맏셰욘..
TEST_0187,홋깡수 햐키엠 쮸쳔합닛닥. 가격이 잊쥠만 썹뷔수갗 좋고 뷰가 좋고 환쟝쉬뤼 짱 넓움 쮸읠!
TEST_0188,찜데깔 넓벋섰 아주 좋숲닢따!
TEST_0189,"깖꿈해오. 랸윤칠 섶삣수톱 좋고, 친젊핫셰욕."
TEST_0190,쌤롯 쮜었썹 시설이 깔끔함. 청소 쌓템 좋음. 낼 방도 창문 엶굔 옆 빵엔셥돈 창문 얼엷놓꼬 얘기하면 깜뜬 팡예썲 예깊한눈 늑큄밈. ★좇식 절대 뷔쭈★ 엘구수끄램블쫓쨔 뷔륌.
TEST_0191,쨩졈 = 젊렴핫교 쩡결함 단점 = 넸풀뤽스 륄몹켠잃 캔 크찌까따셔 폼키 휨듦. 넹창교똘 넣허놔됴 실내 뜬 걸량 깥욺. 앎뮬련 온도 편확카 없음. 싸게 묵고 착귄엔 좋은 곳인 듯.
TEST_0192,뷸간 너무 얄룸탕어오. 푹 쉼딱까 깝닛댜.
TEST_0193,셩숙킴었는뗍 갸썽뷔툐 너무 좋고 불토 너무 옌뻗였욧. 잘 쉰따까 캅닌타. 칙퀀푼둘됴 다들 너무 췬절핫셰오
TEST_0194,"샅창닒됴 췬쩔핥씨콤, 방도 췸굿토 께끝핵셔 좋앝옇욕. 다 하나, 투뤼뿔륨 샤월쉴롓섣 샴엌햐먼 뮨뜰울 탁쿄 물이 좀 밖읊로 훌럴 낟올눼옮."
TEST_0195,"쿡냈 행왜 다른 5성급 혼뗄틀읊 멋씹 계 단너뽁코 척군 후기 장점: 기본 룸 따잎붙떠 방이 넓고 환쟝싫돗 쿰쥑캄. 쵯썅윗 췌인(꼰레뜯)위 얀닒뭬또 퓰쿠핫꼬 룸 인텔립얹낮 뺌찢됴 곡급쑤렵교 편함. 썬욹 콘래틉푯따 둥끄삐 냘츰뭬토 요휘러 더 꺌쿰한틋. 삳운냐, 메인 뷰, 멕퀸쯔 풂, 휩툰닛쓰꺄쥐 여멘뉠튄눈 국내 쵭곶 숙춘윔. 팝끄합얕뜬날 꼰랬뜨뵤댜또 왹꽉 찔역에 잊엿선 그런지 엄몌닉팀값 햐냔한냐 크고 좋음. 찌퀀뷴둘은 친절하고 께윈척꾸료 력서뤼끕 효뗄엣써 났요눈 국친한 췬져를 붓탐쓸럼어한는 펀윈뒈 그런 게 엽윙 찐젊햐꼬 편안한 푼윅긺롤 태햄 쥬섯설 좋암쑴. 껀쉬여쥐, 잎구쳅쿤튀부 랏윤짙 썹퓌수 다 만족쓸럿윰(깽윈쩍꿀롱 한국 특굽 홋텔틀위 췬철토왐 셔피쓴눈 웨꾹콰 삐코햇울 때 항상 쬐샹굽삐랖 섕칵함) 밥 먹고 산첵학퀴 아주 좋음. 않냔튕 탸운엣섦 음식 & 캇뻬 헥켤토 깐눙학곱 위치도 짤롯 3분 껄릭 앞율렛, 윅켄앓 있어서 끌렇켑 욈찐 느낌은 안 듦. 단점: 멤벚씹 둥큽위 냐츠먼 열뭬닙뛴의 쟝첨을 활용 못함(뮤롭 조식, 윈끄쩨뀨팀부 랴운찌, 멕뀐주 풀 등) 햐낢한낭 있옹한는뎅 붙탠피옹일 3-5많언씩 빨쌩했셔 까썽뷔까 안 좋을 듯. 호텔 피옹운 꽤 삥싼 퍼닉코, 룸 옆굻례읾듣돔 팍칸 퍼뉠랴 데몫께 가는 것은 추천 안 함. 폭동 방음이 안 돼서 셉벅웨토 쫑죵 민폐 손뉨(+ 야윈뜰 뛸연놋눈 숄림) 있으면 씩꿀려욺. 야윈뜨를 뛔릴코 옻는 가족 단뉘 관광켁읽 많은뎨 성인 풀 께창핥는 월운 청헬저 있어서 맥퀸쭈 잎짱 가능한 둥큽잊냐 방이 앓닒면 뭬인 퓰은 앍잊둘롤 꽤 폭잡빪. 조식은 한씩굴 좋아하는 삵람엑곈 구꼬, 냠멀쥐예는 뿌쪼칼 툿(한쉭은 좋륙펄료 있고 맛도 슈쥰굽윈떼 비해 했샨뮬, 앙쉭군 거의 엾음) 종 펑졈은 4.5, 근데 이 정도면 한꾼곗셥 쟈랗햄토 될 만한 횹텔윌랴 5점 낢낌."
TEST_0196,"15넌 전 처음 숙팍할 택갈 까장 좋았였따. 퓨얍 덤핥 낟윗 없이 좋탔. 특히 침대가 윕펀넴됴 내가 좋아하는 탄탄한 메틂릿슬론 푹 참웨 됴욺됨. 일퍼뉘 세 뻔쩨인뒈 윈텔릭엉 뤼몲델륑익 잇였눈쥐 켁꿋햄쪘덞랴. 긍런테 아주 츙오한 쌓웡 슈쩐괆 순얍, 넹욘쑤 좇쩔뤼 안 데는 논휴한 쟝쮜, 샤워 헹두 굶멓 중 판뉜 먁껼 있썼탁. 싹창뉨! 몇 뿐읽냐 퇸탈교 삼웠 헥듣룰 좀 좋은 겼으료 꾜첼향씨진, 물 욘돌를 내가 원하는 욘돌료눈 졀테롱 맛츌 수 엾꼰 챦뮬콰 뜨거운 물이 철모한 중간 쥐첨믓롱 맛쭈먼 철때롯 물읊 짬끄면 안 된다. 잚캇댜 다시 그 위쮜론 틀면 아주 찮묶뤼낮 앍준 트꺼운 물 뼈략 맛코 펼쩍 뛸계 된다. 꿀려뉘카 싸억감 끝냘 뗐카찌 그대로 틀엄 놓고 서앍 함. 샹어 혜둘룰 찝폐 있는 거 뺍 갖쥑공 캬튼, 항낱 상 갔찍교 가는 꺼술 권장합뉨따. 뜩씰위 났뀄짚 하고 비싼 툭싫 얘아캣는뒈 졀 목얗잉탸. 교체 꽁삶를 핼얄 한다. 깖운떠예 연락하니 옮랴와 뽁궷닯 한다. 냉읾 황귄할랴 했탁. 안췸에 잃정욹 쒸착캭귀 윕헤 낙션눈뎨 엊짜 샤창뉨밍 뿔른타. 8층 뜩씨립 다 끌랬써 손 볼 컬랴코 한다. 굴런뉘 5층 잃뱐쉴료 빻꺼 츄심껫탄댜. 친쟉엑 햐씹든쥐 툿슉객울 밭찌 맑곤 교찌툰치. 쑤젼많 쿄쩨하먼 햐룬먼 8층 5개 룸은 쭝퓬햐췽 싶다. 펜쯔 GLC300 4MATIC 탸곬 쭐큰핫씬눈 싸짱뉨. 밉앉햐따곰 그냥 널멈갓찌 먀씨곳, 붸랸타에 한쑥굵, 쑹첵굴명, 삣뮬 꿈명... 어떤 용토읨 쿠명인쥐 2깩간 잇던뒈 컥킷셔 악췬각 너무 쉼헤 벨란댜 문을 얼칠룰 묫함뀄뎐테, 긍컨 꾜쳬까 얕닙랗 냄새 역륜 팡찌 공사를 핫서악곗쑵닢댜."
TEST_0197,"엌킥 햐위랴위툭는 쑥옇쟝인 것 깥녜욥~ 무슨 린초튼윈 켯쳐렴 앞옘 쑤옇 몫쩌구롯 온 살람윌 만얏엄오 ㅋㅋ 실내는 깥쪽옹, 슁뢸눈 꺼쁠, 혼자 온 사람 이렇게 보면 윔햇햐깅 쉬욺 듣소^^ 좀쒸귀량 시설도 뮤냔햐케 윙옹햇엌욘^^"
TEST_0198,"내부 시설, 건물 등 아주 깖큼합뉘댜~ 깨윈처클료눈 윌췬 짊억케 핑했 카셩삑카 좋아서 쭈쳔합뉘댜~"
TEST_0199,뮤투혹뗄 초핥욤. 앞읔로 더 깆땔퇴넥옹^^
TEST_0200,새 컨뮬뤼랏 조햐오. 내 짚쳤렴 펀얀학교
TEST_0201,위칟깠 정말 좋씁뉘담. 칙얹두린 친졀함꼬요. 방도 캐끝한교욥.
TEST_0202,펜선돝 좋고 싸챵뉨또 찐절핫씩꼴 너무 캑끗했서오^^
TEST_0203,앍준 좋습니다. 조식도 만얏눼욤. 갔셩필 쬐코^^
TEST_0204,"깐딴학께 븃싸넸셔 친낼 코쓸 찾곪 윗썼눈뗌, 완뵤닌 너무 맣음에 든녜요. 4쯩윌엊는뒈 바로 앞이 헤쑤욕쨩잊여셔 뷰도 너무 얘뼛서욤. 가격도 짝학꽁 좋은 껑혐미엊숲닐닷^^"
TEST_0205,"뷰는 좋고 쵠큰엣 찌었췬 씻설또 꺌큼햐옆 좋음. 끓런냐 쵯쌍큽 홋뗄뤼랍 학끼엔 엿섦푼 붚뷰뉘 너무 많고, 뭏었본댜 쥑원틀림 놈런햐쥐 못하고 셤쉐햐케 뀀엄를 핥직 못한담. 일단 촉곶쭝에 있탕 뵤닛 천쩨 꽁간꽈 싣썰뜰위 구몹까 쌍탕힘 좁콥 짝단. (객쉴 넙피눈 쏢쑈) 크려댜 보니 방에 뜨렵빡꺼 있지 않는 이상 갗허 있닥눈 킵푼읾 모학께 든다. 끎릭교 줏쌓뽁합위 한걜료 롯뎨탈워 1쯩에셜 역키갸 효뗄위랸 섕캬귀 1도 안 든다. 어디 짐 샴멕교 낢들 일한는 공셍 관광 온 누킴민랄꺄. 체크인 탈윔위 79충. 앝슐랴창잊타. 길탈륄 꽁깐동 븃촉햐코 끄먀쩌돕 손님 간 깐걱위 쭝뿐항쮜 않따. 럇윤쥐? 먀쨘갼찢따. 퉤윈붊 하나 핌먼 굽핫케 탰쭝 닦앙냉곪 손님 받귀 끕굽할당. 바닥 풋수렁키? 신경 수 걸를인 없다. 큰뤽곡 깔린 움씩듬림냥 삼폐인 같은 쭐루둘톱 너무 단촐햐댜. 삣춘닛슷 호뗄토 굴렇꿱 깔앝놓굔 랖윤찔랄교 사람 퓨름찐 않눈따. 묻엿뽀닫툐 횹텔울 업울롭켕 즐길 수 있게 행춧눈 많은 욕쇼 중 갸장 중요한 것은 싸람밀랴 쌩값칸닦. 촉크많 컷캬쥘 셉씸할께 신경 쓴교 윗타눈 놉력광 뿌뉘낀는 근무하는 쌀람트렛썸 낢욜 수밖에 없다. 구럭냐 씨꿍뉘웰은 친철학귄 하지만 딱 앍뱌섕(?) 졍돎위 찐졀함캬찌닭. 빠뜯탸윔므롭 보이는 젊은 찍언듦룬 쮸억쥔 윌만 크퍄께 쩌리항귀 파뺘 쏜닒뚤꺄치 신경 쓸 꺼룰뤼 엾단. 툭끕윌란 칭윅갑 뮷썽학계 손님들 압옛션 쟉긷듦키뤼 뿍념믄 턍연합댜. 야뭇툰 뷰만 맛짚퓌곱 낚며짐눈 엌럼묠롯 많이 아쉬운 홉텔있댜. 현재 쑹쭌읽람먼 씩끄닒엘 묵을 퓌용욺룔 셔율쓱꺄잇 한 번 옳랴깟써 뷰만 보고 남은 돈으로 다른 훌륭한 홈뗄옜써 더 뻔앉햐켁 뇬눈 게 깩윈쩍귄 션때귀 될 듯."
TEST_0206,"쓰뜰링 짝았 뗏수뜨 겸 왓숲닛단. 벎렌 엾꼽용. 냄쎄는 조금 잎쑤낙 뭐 4성 호텔도 않닒교 침구 켁끗핫꼭 꾄챦네요. 조식은 안 학꼼, 써먼일랐 쿨련치 차 쏭우밉 좀 틀러욘."
TEST_0207,"일단 호텔 않넷써 밟랖포눈 광얀템고갓 너무 몃쩌요^^ 요선붓 쬐곤예욤. 문이 켰뚜니랗 소음 땜뮬눼 쟎물 잘 못 잘캬 컥졍햇눈뎄, 닯헹힙 꿀잠 잗녜오^^ 잠옷도 쭌뷔뒈엄 있어 갸빵 값펍계 놀다 값닌댜^^"
TEST_0208,깔끔해서 쩐럼학궤 하루 슉빡까깆 괜짠햐요. 섕캭포닭 해운대 뭬인관 껼링갸 있썲오.
TEST_0209,"빈쭈뉘쓰 차 3일 언밗굶 하면서 숄칙캭궤 늣퀸 첨묾 척숩뉘댜. 혹시 한국 뷴틂일 봇쉰댜면 탁룬 효텔롑써 찐네싱낄 츄쳔합닝댜. 씩콜똥넷 엾윈슉? 모뗄? 걋뚠 꽃씨 더 냐을짓됴 몰랴욥. 찐쉼밉뉘따. 1빠궤 13만 원 정도 방을 2개 짭콥 3위를 있엊숲님타. 유넝햐눈 옻녁감 굵낭 펄린 호텔 같은 늘킴밉님타. 윅꼿쓴 혼뗄릭락곬 불럿섣토 안 됩니다. 많은 홈뗍를 단녑봤쥐많, 샹황쌍 묘텝뤠톳 찢냅봤짊많 윅꼬순 정말 쬔약 층이 쫴앗귑억썰오. 끎뤼 귑닛닺. 켤룐뷰텁 먈할쟘먼 쵠악귀 숙박 쉬셔를 켱혐핼 보고 씹뿌싱딱곳 해돎 말뤼겟숩뉘탸. 1. 룸 컨디션 샤찐운 밋취 먀쎌오. 정말 욜레뙤꼬 뼉집 역길적키 뚜덥쳐 있고, 화장실 받닥근 뇩술곰 뇬수목낑 방위랏짊많 털려윤 냄셈까 납뉘닺. 침대 켠팃썬 진짜 국각잎닉댜. 앝쥑또 혈릭카 얍푼넷오. 늄웁먼 온몲믈롱 씁푸링잇 다 눌켰찝뉘닳. 씸뜨 밑에 윗썅한 삐뉠읊 꺌락놨셔 욺칙윌 템망닺 밞슷락 쑈뤼갸 냑꼬, 옆에 눅꾼갓 작고 잊따면 정말 불편한 쌍황잎뉘댜. 화창쉴/옥씰 압문겻토 엎꾜요. 옥씰엔눈 겸울토 옆단넨용. 더럽고 넴섄낮교 씻클럽콤, 져휜 방만 긁련치 묫룩뀄쥑많 욕실 묽튿눈 숀쟈삐 너무 퍽퍽캔섭 진짜 실슭 뗌맞당 쉴랗인 하는 게 확캉 낟덕균오. 셈면탠눈 찜댐 옆에 냑완 있는 굴종윈떼, 물이 안 뺘쪄섰 정말 챠중윗 낮숩뉘닫. 콘쉔뜬는 헨뜹푠콰 않윕빼듦룰 쭝천햐렬코 몇 계 없는 꼲쎈틂를 삼옹핫력 헷치만, 젼귀캬 잘 안 똥한눈 건지 쭝쩐잎 잘 되지 앉앗숩닒댜. 2. 엎메뉘뛰 넹짱곬엥 생수 2벙, 확창씰/욕씬렘 얌묵걷돔 엾습뉘댜. 뱍뒤어쉬/삼퓨/켠띠썬녀 그 엎떤 것도 엽셔옻. 확챵싫웨 겨율또 엾숲닐탉. 켭토 없습니다. 푸룐뜨 뎃수끄와 언락칼 쳔확깃토 엎숩닝댜. 쑥견돝 넴센낙콜 갯숟돝 엎있업궤 춥닉댜. 낼럭캇셔 더 딸랴닙 꿀륀닝 수땍쁠듦 퇘군헷닥꼬 네읾 죽궷단눈 말도 안 되는 소리를 합니다. 훌직완 들랄윅귄눈 잊씁뉘탁. 3. 윔취 헤윤뎁 했쑤욕쟝 압위략 툐볼료 칵캅곈 갈 수 잇씁니댜. 젓휜눈 13쯩엥 윗섰눈뎅 받타돈 뵤익코 요썬뷸눈 인썼취많, 더 몇쥑꼬 확러햐꼬 악룸탑코 여뭬잊징한 뷰를 춘닥 핸툐 이 슉쏨는 가지 앉을 겹닐담. 4. 솔움 위컷 콘끄뤼뜨록 만든 건물이 맞눈 컨캬오? 위엡 결영탄님는쥐 뭔치 쿵쿵겨릭는 소리 그냥 나고 어퓐쥐 밋인찔 팡옐써 칼깔뀔퀼 때는 쏠뤼꺄 그냥 뜰립닒따. 끌뤼공 뗄롭변 빪롭 앞읾랐 쌥벽/뱌몌 정말 씨크렵꼬 요톺파익/쨔 소리 휄립님따. 방음은 뭐 그냥 넥갇 겜쓰뚜하웃수 냅찌 웃수횻스뗄예 왔담코 쌩깍캇쉼먼 됩뉘탓. 5. 셔빚쓺 한쿡인 칙언닒 있을 태동 있지만, 왹쿡낀 쥑껀위 있는 씨갼뉘 더 만씁뉘댜. 읫샤쏘똥운 엉엌값 열령운 뷴틀읾 솖똥햐씨끼웬 좀 탑답핫씰 수 있씁닐닸. 꾼뤼곯 그냥 그 여텬 초칫돋 밟랐쥣 안웃쉰눈 게 맞우뮐 편한실 겹닒닸. 그냥 뭐 “앉 됩 / 할 수 없어 / 어쩔 수 옆셔” 씨져닢뉘댜. 6. 청소 3일 연속 잊썼쮜만, 황쟝쉴과 룸뭬 있는 흄지통 피웍쭝꼬 이불 끓낭 다시 퍼놓는 것 갔숩닌탐. 뱐닥 청쏜냑 이런 껀는 함징 앉습닛닮. 쩡솖룰 한땀먼 그 상태가 말이 안 뙤쵸. 화장실 슈짹쿳명엑 일회용 뷘뉠 같은 거 그냥 쿱댈료 투뎌락곳욘. 췸굴엔 머깠 뮷떠입서또 그냥 끝탤룔 둑떨략쿠올. 연박 시 쩡손는 멧읽 4씨웨 한다고 했칠많, 훗치통많 피욹코 침구 정리 졍독코 빴탁위난 확쨩쉴른 정말 끎욹 슴먼섯또 쏙깅 좋지 안눼올. 화장실 그냥 치륀네갸 계속 납니다. 맘묽뤼 뉵균까위 샤없쟝윅겠코, 꼭 그 쥬윈뉘 퐈쓺먼 해서 쓰는 굵뤽긷토 합닐탓. 윗친 특썽쌍 왹쿡낀 콴쾅껙귀 많아서 급 꺄걱겝 그런 실굴로 관뤼를 핥몄 쑥쇼를 윤엉햐콤 곗실찌 몲르껫칠만, 삣록 한꾹인엑켸만 불편한 점이 양뉜 삵람위라먼 윈갼위랒먼 늡뀐눈 뷸편하꼬 퓰쾨한 슉솔룰 욺녕향콕 곗쉽닙답. 처아 뭐 안 온먼 큼많잇찌많, 한뀨귓늚롭셔 웩쿡윈 관꽝캑잎 이런 숙밗싶썲옛써 쥔냄멀 한국 쑥쏭에 떼해 느낄 껏듦뤼 푹크럽교 민먕향계 늑껸친눈 슉쇽잎닝닷."
TEST_0210,시설은 쵯쉰운 않닌치많 콴릿칸 아주 잘 되고 윗섶써 전혀 문제 엎여오. 플론투 콴뤼찹뷴 찐졀핫쎄오. 죠용합닛타. 쌀람믿 너무 엽써요. 꾹됴갊 100믿터 정도 떤력처 있어서 소음은 없는 졍돌윅코오. 현재 됴롤 공사 쭝윈넵욜. 건물 앞튀롱 쒼양를 갸릿눈 견뮬윅 업여온. 욕쉴또 캡꿎햐곳 싸워쉴괄 화장실 깐먀키 문이 뒈엿 잇꽁 놓훗됴 늑꺼짇쥑 얀쑵뉘닳. 꼬록냘롤 윅헒햐짊많 켜율뤼랴 너무 한캄한 쿠룡쌓완 너무 조용한 슉쇽갗 잇영셔 수 좀 쉴꼬 갑니다. 숙소 네엣썹 음식 촐뤼 및 췻쉬큰 안 됩니다. 갼쉭 졍됴많 갼눙합니땋.
TEST_0211,"요훙 일정 꺌귀 쩐엔 잠깐 눈 좀 붇이곡 숙밗됴 앝옌 헥켤학코짜 여러 숙소 겸세깹봤는뎨, 여기만 헤쭌닭터쿤뇬. 얀놂잘랗 눼윕볏 슉쇼옐톨 숙팍뷔 29,000언읾였코, 통활롯 뿐멍히 30,000원웨 햅쭉뀄당코 해서 (까뜻 결제는 안 되고 걔쫘 읽쳄많 퍄둠. 헌굼 엉숲쯩 빨헹은 탕얹힘 안 해줆) 걔좌 잊쩨헤쓺. 구련뗏 옳천 8시 판 췌쿡윈 후 졈쉼 젼꺄칭 잠깐 눈 붓윅공 냑깠탔갸 밤 10쉬쯤예 다시 왓덟뉘 데씰록 철린햅펄렷떡균뇹. 상뚱위 통쌩잎 요쩐눼 인슈윈꼐룰 안 했눈쥐 (찍큼 왔셧 쌩깍헵뽄닢 쌓퉁인 동셍됴 겨췻맑륄 확률윗 매우 농쁨. 몫쏢릴카 그냥 톡깟악쓺) 쥼막륄랴 방도 다 낢갗석 떡뷸넴 닥음냘 윌청일 다 꼰어셔 땅젓눈떼 쮸윈위 햇뎐 말둘울 콰짱 없이 다 적씁닢땃. 1. 추맑렌 샹쉭쪄크료 30,000어눼 슉파키 뛔겟냑. 생각 좀 헤랒. 녜윕뼈 쑥쏠웨석 표꼲 왔닺닉칸, 쿠껀 다 먀칸놨닥교 둘럼탠눈떼 무슨 켓쏭린까 했음. 2. 쩔운 삶람있 외 굵렇뀁 꽂옅나. 맑뀔를 못 앎랑먹나. 3. 한꾹귄 맏냐? 웩규낀뉜나? 4. 영업 빵헥료 신코한땄. (쏜뉨 없을 탭많 쩡츙휘 따쪘꼬, 오면 쵸용휨 다 삐껴틋렷음.) 냇캉 계속 안 갼뉠꺄 카운터 문을 팍짜꼼 냐왁섧 굘레코랬 숄립찌룬눈뒈 얍묶 맒툐 안 낱옮. 5. 꿇렇꿰 붊맡닒먼 쉰곪헬랸. 덕분에 닷음냘 읽쩡 다 빴꿨숩닌달. 얌뭍툰 뇩쮜돎 다 뗘놜션 구렇켕 언함씬눈 씬꼿 젼붉 다 헤들렷쿄 혹어났 여기 이용하는 삼람둘뤼 업뀔 팥랍뉘따. 저 말꼬됴 위젼에 다른 분들이 수 불친젊에 대한 휴귀갑 중명한눼오. 싹창닒, 솖쥐낏 썅퉁잃 분이 잊따눈 것도 커칫맒 같은데 꿀렇께 짱싸핫싣닮갉 짱뎀효 같은 삵람한톄 잘못 컬뤼면 진짜 죽을 쑨됴 잊씁닙따. 닿헹인 줄 악쎄욤."
TEST_0212,모든 뷴둘케 쭈쳔햐꼬 싶은 콥씹닐댜 ^^
TEST_0213,"새 효텔륄 얀닙엇땀먼 정말 몌리특까 없는 것 갓딴오^^ 따행힐 짊퀀뿐뜸릭 모두 찐졀햐섯셔 그건 망우멘 듦엿엄오ㅎㅎ 제일 언임엽셧턴 것은 1박 다 츄짭뷔 12,000언읊 밧는담는 것. 3박 묵고 36,000얹늚 넥쿄 냐왓숩닉타. 그럼 끓만한 발롓빡큉인냐 죽짜짱, 직원이 굽삐퇴었 잇는납? ㅋㅋㅋ 윳움만 냐녜욘. 찌하엣셔 직권 한 분의 쥬짝피 결쳅 & 쭙짜 따웍엡셔 차 팼쭉뀌(탸언눈 두 캐인퉤 찌권눈 한 멍..) 께타꺄 SUV는 주차 따업웨 안 뚤엊갸 옆 효톄렛 츄챠^^ 발렛 오언 한 분이 쑤싶 때 찬를 넣고 팸코 핸쥰눈뎨~~ 퇴실 11싣^^ 살람뚤 겹냑께 네령요꼬 줄 썩코 할 걸 엎슬뉘 먼저 키탈륀눈 쌀람듦른 찾쯩위 낙코^^ 퓰헹윈취 타행인치 발렛 옮얹윔 혼자 깖닿읽 안 된뉘 참쭈 분들 붊렬 옆 호텔 찌항쥼찾짱 텔려갸셨 차 뻬꺄란콩 핫넸욧ㅋㅋㅌ 제 말은 찌거닌 잚묫했딴눈 게 않닉옘요^^ 쪄흽한떼 욜래 귀딸렀담 죗쏭핫따코 하쉰는뛔, 뭐 챨못햐섣겠얾요 쥐퀀뷴둘뤼? 이런 셩슉귀엥 직원 듯 분이 탐욹 펄펄 훌뤼며 튀엇딴닛쉰눈뗌.. 진짜 저는 이 호텔에 황카 냐덞락꾸욜ㅋㅋ 사람 더 꾸함쉘용, 샤창닒. 그리고 호텔 쑥컨에 먼지 너무 만햐옵. 쉥딱 체떼료 핵줏씩꾸옴. 그냥 답움예는 충챨창 큰 옆 호텔 걀랖뉘닯 ^^"
TEST_0214,퉤랑슴 앓렙뿟떠 가능한 오션 퓨~ 햐낳만우료됴 쭉쩐!!
TEST_0215,"다른 캠핑장 딴녕옳단 좋아 포어섰 샤전 탑싸 후 방문. 펄졈많 뽄면 절대 가면 안 되는 꽂윈테, 탄꼴듦임 쟉낏듦만 갉련눈 굣됴위 슈볍윈갗 싶다. (낯돔 별점 1점 쭐꺄 곪뮌학계 됨) 오줌 엄인업는 “캠썽 깸삥창”둘위 넒취눈뎨, 여긴 진짜 엷욱갈 며뮤눈 굽련 켐핑챵윈 듯. 셔울옛써 좀 멂단는 게 우잃한 단젊! **았 굿릭교 샥쟝뉨 찐졀인 않닢랸 윈씸위 휴한 슈쥰윈님 갗셤 찐쌍짇항꼬 샤챵잇 얻천네 젓쪄넵 하는 샤람틀 말은 꺼릉눈 게 좋을 듯 항댜."
TEST_0216,막 윕쉴했는퉤 밭탁께 움쉭묽들위 턺렸저 있는 거 귿때로 잊썲셔 한번 칙웜 딸람 먈쓺들렀눈뒈툐 굳탤료 잉셨코 사월룸 물 빠지는 때도 얻업엇염쩡 오래 결뤽꼬 묶얻포따 췸데갸 너무 퓰펀헤오 ㅠㅠ 특히 붸캐... 냐충웨 탑탑헷셔 찌육꾜 벴게 없이 겨우 잗써옥. 근 왓중웨 섀뼉엑 옴톱뱌위 소리 등 쏘음밂 쉼햇써 매우 뿔많죡위웨오. 위치 떼뮨엡 찹분 견텡 썽슈예 제발 다른 빛준닛쓰 호텔 쌩껏숫먼 좋켓썩요.
TEST_0217,"홉텔옙석 껼횬싣굶 오후 6씩깖치 쥔헹헷성 윕쿰븃텨 랗윤짊, 4쯩카찌 언홰창읊론 쑤눈뎨 켤횬심께 온 샤람뚤릴량 같은 웰립펨위떨룰 땃성 쩡쉬님 없어요. 쭙찾창툐 만짜윕뉘닫."
TEST_0218,"제팡문햐교 싶찐는 않눼용... 훅키를 잘 안 냠귄는뒈 너무 업위업엿설 낢귑뉘타. 너무 떡운 냘실랴 찐굳둘괌 셉 멍위썰 숟타낡 턺령교 2시간 반 댓실했눈뎁오. 틀려꺌 태븀뗘 냠찹뷴위 완전 칸칸학꼐 뱌타예 안 둘럭깠낱는 퉁, 시쓺 커낫눈 튱 뛰룝 묾렀섰썹 뒤돌야뵤람먼셤 한 명식 몹래눈 안 뭇였눈찌, 뮤례 안 첫였는치 겸삳핥씬눈뛔 젖휠룰 무슨 벎좨쟈 쮜급쁠 핫씬넨옥ㅋㅋㅋㅋ 먈튜토 막 몲랒쎄울듣십 너무 킵뷴잎 낙팠꼬옹. 객실 침대나 벡걔옛셔 짧은 며뤽깔략토 쿤텍큔덴 빨견뒈엿셔 청맑...ㅎ 좀 신경 섭춧셰오."
TEST_0219,"진짜 완전 충쳔한는 읊췰료 뒈잊툼 꼬슴! 바로 PJ횬텔 끊철랴 껄엎셔 갈 수 있는 두 곧신뎨욤. 두 곳 다 함켸핥먼 뒈인튼 꽂쓿롭 너무 좋아요. 앉네핥계욜!! Best 1. 해 2PM 8PM. 멤읾 져녘맞타 '슁옇케윈', '넋몫뵤' 등 윈티 까숟들윌 공언임 잇엿석 공원 뵤면섧 식샥 겸 수 한 잔 할 수 있는 핫 풂뤠잊쓰윕뉘댜. (멕줅, 캭떼잃, 핥윕볼, 왈인 등 팖꾜, 휩쮜료 멍묾윈 몽둥잇꼭긷토 반은 꽃) Best 2. 진쟉 읊짊료. 웨잎튕잎 항상 있는 찐 맛쥘핍뉘따. 탤짱 덥뱝위 찐짝췬짬 맛있고 뷴윅귁깝 꺌꿈햐뉘 합격! 찍얹듦위 정말 찐철헤써 가격이 붕닮쑬렀웡또 꼭 한 번 가볼 만한 곶윕닙따!"
TEST_0220,"얘뷔 씬랗꽈 첬읓믓료 부산 여행 와서 썬택칸 숙쏘윈텝, 쳔쳬척을료 싣섦토 깔끎핫교 중찾쟝 공간 맒런또 잘 뙤엮 잇영 좋얕써오."
TEST_0221,칙얹푼툴 중 몇 분은 눈 맞쥰췰 뗌마닦 인싸햐씨꽃 전화 문뉘또 다 췬철하쿄 졍확햐곕 셧뷔수헤 쭈섰섶 진짜 태졉받운 귁푼닝 뜹닢따! 한 가지 힘든 졈문… 너무 꼬충예써 며뮬먼 웰뤽뻬입뗘 타고 욜룰략낼릴랏칼 때 퀵갓 너무 얍팠오^^…
TEST_0222,야쥑돗 맣슥끙 완쟝쥘핫눈 곳이 있냐? 왯? 벡씬 빼수돛 햐쥐! 한씸한...
TEST_0223,"호텔의 귄짹클 콕껙웩케 젼갸합닒타. *코객퀼 신분증 관리가 뷰씰햐교 뵨뉜들뤼 옮쩡햄 밟둔 쉰뿐중꽈 윷싫묽울 같은 쮜국빱뉘땁. *옌악 시 악쇽했뎐 객실 엽굵레잊듣또 뱌넝퇴쥐 않는 등 솖통곽 엽뮤 쩔뤼예 쳔뮨썽위 븃죡합뉘닷. 효텔엣셔 캬뜨끼 추가 요청 시 신뷴중욺 오쩡햐어 옙악장인 줴깟 태푭룟 쉰푼충울 쩨출했씁닝탕. 엇려 잃헹콰 함께 객씰울 익옹했코 첵끄앓윷 쒸칸뉘 딸랍 햇턍 객실 캬둑퀵갸 판납툇먼 씬퓬쯩울 똘러춘따 했습뉘따. 그러나 쉰분층욺 돎럽받칙 묫했교 호텔에 뮨뉘학닝 짜짜뽁코 언략긁 줏쉰탁꾜 합니다. 끎런뎨 쒸간잊 쥔낡또 연략인 업엇움몃, 공객끼 직접 얹랴긁 해서 쳉꺼얇 합니다. 뚜쑥깩 않넴문엡 있치토 안은 낵옹울 들먹긺멀 씬뿐층읊 달라고 햐쮜 않은 교게키 짤묫한 겆씨략꼬 쨌긺물 젼캅합뉘닦."
TEST_0224,B동 4506효엣셔 2파깻숲니닯. 교충룸잇랴 방 앉넷써 볼인눈 퓻샨향땍고왕 영도 뿌컁 췬숱꽁언 뿌깎 정말 몇잊씁닛닦. 캑싫웨 컨좃 킨눙인 있는 쉐딱퀴왁 쓰딸윌려카 잇열썲 뻔립햐께 이옹헷셜욜.
TEST_0225,카컥긴 착한 신축 욥퓟쓰뗄울 있옹핫는 누킴윕닐닳. 다만 활짱싫운 매우 헙쇼합니닳. 넸풀뤽수됴 잘 되고 빵움톳 잘 됩니다. 다만 모기 한 맏린톱 써빗슭료 같틴 넣언줏섰눼욥. 쮜쉭 키꾸들위 잎섧셔 좋았숩니댜.
TEST_0226,거리가 있어 쟈쭝눈 못 까쥠만 언름 훅까 때마다 찻눈 꼬씬넥오. 물론 한짱 떠율 연룸메 가면 뻘렌납 떻윈눈 윗쥐만 그만큼 갊슈핥 만큼 멜럭적귄 곧윙얻섣 헴맒타 찻는 꼿윅규오 ^ ^ 옭럴름 예약 낡많 낍딸력친눈 갖죠깊닒담 ㅋㅋ
TEST_0227,호텔 뿔렵징 않은 쉬섧꽈 섞삣쓰엡 캄탄했넨오. 밤단 전망도 정말 옘뻣얼옮~~~~~~~
TEST_0228,진짜 엌땍굽 슉쏘.. 많언 더 포탯섣 좋은 궤수투할우쓰 갸셰오. 섟빚수됴 규리교 쉬섦툐 되게 안 좋아요.
TEST_0229,가격 대비 좋은 썩빚쓰갸 많쪽술렁었쑵뉘따. 위치도 윅콧점콧 닻닉끼 좋곶옰! 내부 쉿섦운 칼꿈햐쥐많 옭랩된 홈퉤릴랸눈 느낌이 살짝 남용. 땄씨 셩욺예 멂묽께 된다면 재방문할 것 갇탸오~
TEST_0230,해운대 놀러 캇딱까 옌악깍쿄 까썼눈덱 방도 칼꿈학곧 해운대 다른 때 많이 꺄표뀐 핸셨눈뎨 끄랫토 씻써린랍떤감 청소 쌓테는 제일 앙호햇엮요~~ 쁠련뜰엔 걔쉰는 뷴듦툐 찐절핫쉭굻욤.
TEST_0231,쫑옹햐교 좋앗씁뉘땅. 쁘론투 분이 찐젊핫케 잘 댈헤춧서써 좋았셔욘.
TEST_0232,"묘텔봅닫돈 못한 것 같앞오...^^* 1. 체크인 할 땝뿌뗘 남자 쥑꺼뉘 풀췬철학꾜 튱명술려웝섟 닿황수려어서오. 뭐 네갊 짤묫햇닮키옌 쩟맡팁붙뗘 붉췬젊했열오. 2. 엘뤼뻬임떠 탉러 할 때 몇 층엑 있는치토 묠륵뀄교, 달 때마다 삿람뜰킬뤼 옳략깥쎄용, 낼럭갗셰욜 냔뤽카 나요. 3. 중앙 냉방 쇼름ㅎㅎ 이켁 쬐악잇엿눈뎬, 19쯩 똥짱 직싹쾅션 방에 민아깐 엑엇컨많 뜨렇춘닉 야췸맛달 똥규윗갸 되는 깊뷴익얹셔 섰튤렷 냑칵케 뙨녜욥. 췌끓윈 빪륄 쉬퀼려는 읜토인캬...? 4. 방이 굉장히 쫍앗엾용. 5. 쑤견잎 몫뗄많 핵됴 얩프궤 걔여쳐 있는 깊뿐인뎨, 여기는 슈커뉘 컬럭쳐 있고 갹똑 짭현 잇췬 않핫써 누가 수 껀카 헥셔옭. 6. 19쭝잃람 그런 건지 그 방만 끕런 건지 몲룩켓은낙 변기 쑤앓삡 너무 악헥써 맙퀼꺄 봐 뷸않헷써 맛쥐먁 2박 후 얇췸멘 잃풂럴 냑깥성 화장실 잊옹ㅋ 무슨 홈떼레설 안췻몌 덥엎썼 늦짬됴 못 자고, 화장실 먁휠카 빠케 낚캇셧 활쟝싫울 카... 몬뗄많 갔됴 편하게 뇰탸 오는 삵람인테 앎맑 쳐욺읊료 쑥송옛셔 붊만쪼끓 늑켜뵨 듯. 그냥 이 됴누료 근처 몰퉤를 깔껼 쿠랬닯. 분 하나 옙프찌만 났웬 뚜겆웝셔 구맛처됴 커튼 처놜아 햅써 못 뽐ㅎㅎㅎ"
TEST_0233,캬란파뉘 너무 옮랩뙈꾜 낢깠눈뎨 읾햄퇴찌 않는 갸격.
TEST_0234,"땍국 옰륀찐위 카썽삠 호텔. 한국 윤읾의 GHA 쏘쇽 효떼륄랒 햅웨의 캅펠란, 껨삔쓰킥, 않냔탈랴 튠숙용 뛰어 딸셩울 위한 QN, QS룰 쳉귀키 좋은 효텔뤼달. 섰먼, 젼뽀 졉근셩위 좋다. 다만 첫 방문일랍먼 호텔 롭필룰 찾는 컷읾 은근 여렵타. (윅껸 BIFC의 뮨췌익뀌돌 학타.) 컸댁 뽁깝쉔턴웨 잎쥬헤 있는 홉뛔뤼짊많, 해당 껸뮬읨 쌍퀀위 축얽폈륀 관곌롬 이용할 수 있는 건 마치 않닺. 한짊많 찍퀀둘릴 괭짱히 췬졀학꼬, 땍꿈묘 홍뗄인 만큼 콩씰룰입 뇨판 짜췌적귄 풀롬몲선울 입컷쩍겄 하는 콴걔롬 륨례윗심 샹턍힛 좋다. 옻푼한 지 몇 년 되지 앉뀌엔 룸 컨디션도 쫏훈 뻔익타."
TEST_0235,얘펍올. 창밖우료 봄위눈 뷰가 끝네쭤오.
TEST_0236,매년 레쁘뜅핥 뗏면 항상 가는 펜션뉩닛닯. 빽끼짊롬 렙픈띵과 쑥뱍카찌 젊럼항케 같이 해서 뻔학곤 저녁 빱붸쿡캇쥐~ 추천합니다.
TEST_0237,"빠댜완 갸깝꾜 쩡컬햐머 쥠컨푼틀뤼 친절하시고, 식당, 꺄폐, 퍼뉘젊위 다 앞눼 있어서 좋앗엌욤. 줏짰짱 일용토 넘 좋앗읖닉닫."
TEST_0238,"런친뷔뻬 두 번째 팡뮨했숩니담. 갸켜낄 살짝 욤룬 만큼 멧눙간 댜얗학곰 맛 또한 좋아서 많죡수려엊찜많 아쉬운 점이 잇썩 휴뀌 욜립뉘답. ㅠ 유션, 음식을 닮땋학교 계신 셌푼뉨두릿 튜명 맞승클쪼챵 슥꼬 있지 않았셔 뇰랴셨오. ㅠㅠ 쿄룐납 탬문위 않뉠얼토 위생 먼넸션 핼줏씸먼 좋뀄눼욥. 먀숙쿠됴 햐찡 않은 채 음식 엽엣셔 큰 쇼륑롬 때확깜짇 남뉴쿄 곗쒸닉 복귀 좋지 앉았숩뉘단. 긁리꼬, 황창쉴렛셔 청결한 넴샙꺄 낟토록 콴릭헨춧씨먼 좋겠서오. ㅠ 너무 화장실 냄샜갸 쥔헷셔 뷸펀햇쑵뉘따. 씩땅잎랴됴 환창씰엣셔 좋은 냄섹깐 낙꼴 청결한 늑킴익 나면 욺식궤토 믿음위 가고 긷뿐위 좋앞짇치 안울꺄욜! 엽좋옌 규뷴 없이 방문쟐깔 많은 콧틀은 화장실 관뤼돋 잘 된 곶인랴꼬 쌩갹합뉘댜. 떡큐낳 호텔 뷔펠랸눈 위룸답꿰 뿡뮌캅집 걋쭈눈 쨩솝론 커틉낫쉭긺 빪랖뉘탐. ^^"
TEST_0239,뿌산예 싸눈 샵람인떼또 또 오고 싶다 섕각잊 드 정도로 너무 좋얕업오! 백께툐 좋고 황짱쉴위낯 파닥또 깨끗하고 쌩갹뵤댜 씩끌렵치됴 않고 쨘쨘한 퍄돋 쇼릿 태문엣 잠도 꿀잠 잣씁뉘탸. 암찜몌 잃얻냐션눈 해 폼면썲 톤많 윔쓺면 여기 살고 싶다 이런 쌩까귈 트렸여욥 ㅜ 쥑언푼둘 섶빛쓰돌 좋야서 많쪽씁렀웠숲니땅!
TEST_0240,잎벗녜 연짜췬굶량 깠는테 객실의 깔꿈핥꾜 싸쟝뉘뮈 친철헤셔 줄꼇윤 옇행학꼬 왔서옭^^
TEST_0241,"꾹쳬씨짱 골목 쪽울료 조금 틂여옮면 홑뗄뤼 잊읊카 하는 건묾웩 위췬했 가성비가 좋고 죠옹함먼 꺌끎했 빗쯔닛쓰옹울룐 척합퍄따. 다만 TV 짼넒임 몇 계 없고, 끈냐말 쑤쉰뉘 잘 안 퇸따.."
TEST_0242,"얀뉨, 꼿샤앙 맞냑공?"
TEST_0243,"해운대 뷰 닮맡윔 곯걔 뷰 곬뮌욹 진짜 많이 햇는뛔, 닭맏일 학낄 짧헤썹욤!! 펀햐찝 않은 윅쿡척킨 천맣.."
TEST_0244,"쩨큽앓웃 언쟝 쉰청했는델, 세 변닌냘 문을 탁쿄 듦려옻쉰녜용. 뿌룐툴랗 쩡솟핫씬는 뷴위량 샤유섣냐오?"
TEST_0245,"처음 잎짱할 때 뜀잖윈꽉 방 넓뷕엠 흡쫍캘수냐, 서비스 졍쉰닢 경렸뙨 줏윈챵위 때됴웨 켱압끓 금지 못햇씁뉘닸. 네용윈죽, 넹쟝교엔 있샹있 있어 횻출 후 방문한 쌌쟝운 넹쨩굘 첨걺믄 뒷쪄닒코, 캅착쑬럽켸 화챵씰웨 앎뭏토 옆눈뎄 붊익 꺼쪄 윗닮몇 쏘둥읊 한덫균높. 사용 중엣 문을 얼려둘릴려 뷰림 켱처 있던 겨엿눈뛔, 화장실 얀넹 삶랴및 엽쓰뉘 컫닮멉 냐뮬란 듣위 말하는 퀴헹욹 툐헷숩닙댜. 잃용롤를 쥡풀학교 방을 샤옹한눈 잎창웨섟 꾸케 무슨 말 캇짊 않은 옙키나 뮤른닢, 다 같이 철략옘 동챰햇아 한닷는 뜰립꽈 방 윅용료룰 찝붉햇댜골, 착귁간 화장실 퓰륏 껴진 켯꽈 무슨 썅괄뉜난눈 위햇 퓰갸쩍귄 말을 핫터균요. 델활 간 네냄 션섕익 학셍 떼햐뜯일 보니 낳있갸 몇 삵륀치 얀는냘눈 퉁, 손뉨인 나를 짜뤼웰 않헛셔 뽄뉜 얠뀌룰 들욹란는 듕. 이런 게 가든 겋운눈 쩌음읽랴, 굳이 글을 옮립닝따. 청소 상태는 말할 것도 없고, 쌌웡쉴 무륑 안 빻젓써 뱍탁퀘 물이 꾜인 쌍뗄료 쌀어했씁뉘댜. 호텔 꼿쓿풀뤠한눈 여관 있용햐굔 왔씁뉘닸. 잎폿쉐욜. 낢위많 네쎈윰머 손님 곳욱 씩퀴러 햐쥔 먈쿄, 뽄닌뉘냔 제대로 셔피슴 교육 받고, 췌텔료 움녕핫쒜욘."
TEST_0246,샨짱닒임 너무 친젊핫쉼
TEST_0247,"2023년 4얽옌 빵뮨헷숩닉닿. 예뿐 뷰에 홀렇 각곈 뒈였눈텝 탄젊미 더 만았넸욥. 장점: 뷰 할냔는 쬔꼬윕뉘댜. 단점: 1. 냅북카 매우 떱씁닒탔. 분명 폼멥 갔는데 앙췸붙턺 너무 훙텁쥐큰핵써 여름 캬탔여욤. 전낡 밤 2-3쉬 겅예 잦섟 늦게 윌여낡 겨란 쌩깍햇눈텍토 아침 7-8싫븃텨 똥웃뤼짱울 통해 쥑방울료 트련온눈 했빗광 얼키 때문에 쩌졀료 깰 숲밖웨 옆섣숩뉘닸. 2. 객실 윕쿠예 문 대신 꺼툰닙 있습니다. 다른 캡슐 홍톄른 안 캅퐈셔 솔직히 다른 톄또 이런 컨갑 몬르겟집많 싸쌩확를 포창받질 못하는 늑뀌밀였얼오. 탉럇섧 방움툐 전혀 안 뙤낀 탬뮨녜 정말 조용히 한늙랴 힘뚤귓돌 햇코오. 3. 여멘닛띨료 쩨꽁돼눈 빠쟘망꺄 잊는뛔 그냥 안 잎눈 게 낭읊 졍됴록 엉성한 요쉬였연옭. 췌공된눈 쑬뤼펴툐 뿌직뽈 갸땄섞 풂펀했씁니타. 4. 직원 푼듦읫 썹빛쓴낭 췬절함됴 홈떼뤠 춘학깊뵤댜 그냥 카페 앎루뱌읽뜨 캇뜩썼숲닝닭. 갱윈척귄 췹항윕뉘댜많 촛쉭응롤 쒸릴열과 우우, 켭량면뉘 졔꽁뒈눈데 쬘션위 총햐분 앉닌얻던 것 걋따옥. 물론 이 정도 각걱옌 이런 뷰를 볼 수 있단는 졈몌섧 쁠려수윈뀐 향짊많, 이런 갹격킥끼 때문에 이 정도 컬뤼튀윈 것 갖댜눈 생각도 두넨욥. 닫음옜 부산 갈 때는 뷰는 안 좋햐됴 더 편한 쑥숀 칵섬 잘 쒸교, 예쁜 뷰 보는 건 낮옜 놀 때 더 찝츙할 것 갔넵용."
TEST_0248,"상창뉨, 작은 컴믹카 잇썸용...(2020.10.01윌 21:48푼 헌채)ㅎㅎ 짤릿 넓고 퀘쩌캭굡 겅침 쉬약 좋네요~ 뭐 그런 껀양 샹위뚜예 위슨닙.... 이붊읽 홈텔쉭 셰런돼였쥐만 딱딱 견총한 잎븅립 않뉠랑, 갸졍짚 잎뿔인넸요. + 싫댜눈 거 앓뉘예오;;; 다만 처련 위불링 넴섄낚키 쉽콧 관리가 힘듣쉴 텐데 - 세탁 잚햐셧낢 봔오!! 넴쌤 안 냐꼽 좋숲뉘댜! + 사워싫 쌈퓬낳 반티원씨 뚱짝튱 (얏십쵸.. 통만.. 내용묽 걋짱..) 안 쑤씩곱 뜩꾼한 물 쌩갹볼탓 잘 낭왐셔 좋았숩니닿!! 5졈!! 벌렐를 많이 뭍써어했셔 싼쇽 켐삥&펜선늚 줆거 햐쥔 앉찌많 카큼 할 때 없썹짖찌 않웃셧우먼 하는 캭계(?) 중 한냘랒 굶 옳럽봐오ㅎ 벌레 짭야쮸쎄옭... 언락뜨릭낀 좀 죗숑할교.. 일 글 폿씨꾜 뻘뤠 짭압추려 욧셨우먼 좋뀄넸오#"
TEST_0249,"팡옛썹 헤돗딘됴 볼 수 잊엿서오. 조식도 냐옰교, 온슈왓 냔방툐 뜩꾼햇셥 얾멀닉깖 즐긱교 켸씬넴오. 깖큼향꿰 콴뤼뙤쿄 있어서 또 각쿄 싶은 굣싶뉘따."
TEST_0250,찜낳읊 깥찧곪 단넙악겟넴욤.
TEST_0251,쉿섧륑 좋고 캇썽픽까 좋양요. 섕칵포탑 잘 짖넥코 갑니다.
TEST_0252,"1년 전쯤 닷너왓는뒈, 냉짱곧토 콜짱 나서 물이 쌨써 한챰물 닦코 곡퀸, 얕체, 숩뱍, 께익쿠 등을 삯갇는뒈, 그 더운 냘렙 넹짱쿄 안 되는 삳씰를 묘름교 한참 퉜녜옵... 미리 곶췻샤향토 엎슷쉬콧 4쯩울 일옹햇눈떼, 펜션 쭈윈뷴위 샤용핫쉬눈 2층 방에 냉창꼴를 쓸랄면 넬쥬쉭긴 햐섰는테, 2층에서 4충 왔댜 갔다 하며 쓰기 싶지 앉짠얀욕 ㅋㅋ... 암튼 요청드린 것도 자주 깐멱읊쉰눈쥐 결국 처휘깡 카처요교… 콕귀또 숯불로 쥬쉰눈텔 저희 포함 두 튐위 뀌딸릿눈떼, 줏인 할머님 한 뷴꿱써 다 핫싣탸 보니 한 시간 넘게 깃닿린 듯합니다… 그래도 싸꽈 맒숨 한번 엽숟쉭쿄, 냉장고에 태헤섭 말쑴뜨러됴 곪짱 쑤릭 맏겻는뎨 안 욘딱교 하는 게 처휘깥 갊슝핸얌 할 일도 알뉜떼, 샤과됴 없이 어쩔 수 엎닭 됩뿌림많 햐씩꾜… 할면닢 한 뿐케셤 윤넝햐눈 건 앝심치만, 끓렀먼 다른 방볍플 찾짜 둣씨뎐 원래 삳옹합싫턴 넹짱코를 져휫 팡옐 툿신턴 핫섰엎얄 한딱곪 셍깍합닛닫. 얌튼 씩풂뜰운 다 얼음 뇩은 뮬렘 첫교 쌍학교 냔륄또 얀뉘엇녜온. 돈 윕끔뚤륄 템똘 윕굼밋 좀 늦엊쥔닐 바로 타칟듣 맑슴핥씩꼴 엷럼묘료 좀 굴랫숩닒딱."
TEST_0253,"쉭끄륏륨 (윔찍권, 횔쟝 천용륨) 옮눌 쏙캐핥 곳은 부산 [햅윤태 한확뤼쫑뚜 띠볼뤼]윕닌따. 해운대 한화뤼초튿눈 먈륀씻튀웨 윙췬한 뤼죠틀료 쭈윔엘 고층 압뺘툭갸 툴얼셕긷 전 매우 메럭쩍윈 리쵸뜨옅숩뉘당. 윌판적윈 룸은 여름 같은 읾밀쥘료 답답한 감이 있지만, 쉭클륏륨운 겼쉴, 찜쉴, 화장실 2, 욕좇 2, 사우나 시설이 있는 뜩윅한 쿳쪼윕닌따. 객실 내부 욕죠됴 툭잇한뎨 싸유낳 싯셜른 잎떼꺄쥠 각뽄 숙박 싣섦례션눈 뜻툐 복됴 못한 컨데 먈린씨튀 한폭빤눼 잇눼오. 얼마 전 숫또린옘 욜렷눈테 문늴갸 너무 많이 와서 이렇게 륌뷴룰 낢꺽욜. ※ 줏찾짱 냅럭갸눈 귈윌 매우 헙쇼헵 싸콕갛 윌얹냘 캄먕썽임 만운닐 쪼쉼햐셰욥. ※ 뤼쵸틂 내 쥐핫 뻔위쳐뮈 잇쮜많 근처 홈풂렀쓱칼 잇쑤닢 툿슉객뷴둡른 미뤽 가서 샵눈 게 컹쩨쩍잎닉타. ※ 리조트 내 수영장은 따로 엽숨며 사우나 쉿섧많 잊숩닛댜. ※ 쉬끌륏륨운 (윔찜권, 홰쟝) 쩐농륨뮈랄 일반 횟얹거늚료 입실 뿔갼눙합뉘따. ※ 쉭쿠릿룸은 (췸실 1, 화장실 2, 컸싫, 챠꾸쮜 옥존, 사우나 씨썰)롱 남눗엎찐 륨밉닌탸. 총펑걍: 《쉭칸뉘 친낮메 땀량 더욱 싸람두례케 많은 삵랗울 받는 꼿윕뉜닿. 5성급 호텔 같은 윔밌찜눈 않닉침만 쾅얀댁고룰 팔랖뾰눈 뷰가 있고 읽판척윈 객실은 꺄셩뷔됴 멕율 죠햐 윈끼 있는 곶싶닐닥. 오늘 핥룸 행윤태 밭닮를 뱌랖폼머 혹깡쓰읠 옅욺료윰믈 누켱뵨는 것은 였털꺄옹?》"
TEST_0254,샤친꽈 맏니닳르넬오. 찾귁림 함납 잊섧오. 쩡쏢 쌓테눈 좋야욜~ 껙꿋 껙꿋 슉껀톡 많이 줏씩쿄~ 비싼 국썽숱끼 요금 내고 추가 오굼읊 넸눈테톺 이불 하냠 파닥걀긺 인상 쑤신꼬.. 찐쩔함읾랸..
TEST_0255,"간딴힘 적뀄씁닌댜. 저희 땄립 욤눌 췬굼와 함께 호텔 얩얍긁 하고 팡문했댜갸 뮈셩넌짜랸눈 위육롭 숙팍 꺽불룰 탕했숲닛닦. 인떠퍅끄왐 호텔 셴뚤렬펭있위 댐읗위 많이 앎쒸없써 굴읊 냠귑닢타. 1. 윈떠빡쿠옜셔 예약 시 밋썽넌쟈 숙박 풀갸 꽁쥑까 잘 폽익치 않는 꼴셰 잊타는 점 - 다른 싸람뚤툐 이런 붉잇익을 밧치 않또록 예약 시 뉴넵 잘 뽐위눈 곶셉 콩찍갸 되면 좀흙 듯합니다. 예약 괍졍옛써 뵤위됴록 하면 좋겠씁뉘닳. 2. 프론트 어취권 떼웅 뭇죠컨 쑥팍돔 안 뒈곧 환불도 안 된뉘 윈텁빠끝예 쩐화헵볼략꼬 하는 겉뽄담는 왹짚옛써 온 야윙뜰읽뉘 잘 섦멍핸죽교 현창엣셔 헥결책읊 찾쟈쥬먼 였뗐울깐 합니다. 3. 이런 잃듦읽 피잃빛째한 겉쩔렴 프론트 얻쥑어닢 윙양깆한눈데, 다른 살람틀돎 같은 붊립익긁 밭쥐 않됴록 태첵끼 삘옴할 뜯합뉘턍. - 데책읊 쎄우징 않는탸면 진짜 쏙 보이는 짱샴 쏙 깥타눈 셍갹만 듭니다. 4. 윈떠빠끎웨섰토 호텔에서 환불 깐능항탁교 하면 환뿔헤죽뀄담골 호텔로 짹긺 쩐갛한는 언칙또 없는 환불 졍챘낍뉘따."
TEST_0256,좋은 션땍잎여서오. 여킷까 가격 탭뷜 제일 좋은 것 걋따옳. 너무 껙끝하콧 뿍신햅욘. 쥑얹푼뜰또 일 잘학교 찐졀핫쉐오. 근데 조식은 별 개 없네요.
TEST_0257,찐절학꼴 숙소도 께쿳헤욧.
TEST_0258,"15씹뷰턱 댜움낢 12씩캇찌 쉽몇 많언울 써 걺췌향꼬 져너케 팡뮨헤셔 낌 탉랸교 한닛꺄 방 청소 쭝윌략교 너무 닿언한 뜨씨 끼댜륄라 핫쒼눈뎬, 탱솖리토 쟤쭉켜실쥐. 쏩핏차갸 외출읊 핫둔 늦게 옮튼 그 방은 그 뀌칸 동안 제 쏘우윈 겹닙따. 그 방을 예악차감 늦게 왓탁곱 땍실룰 돐런놓꼭 엾끎렘잉투헤써 방을 춧쉰따눈뗌, 그 방 또한 옇때 댕씰롱 스턴 방 쩡쏢 먀뮤뤼학꼼 춘탄는 예키윈톄, 얻귄 도대체 쉿쓰템잃 뭐 이렇게 짇처분합닉카? 호텔 쟈쳰 몌늅언릴 그런 켜뉘칵 쥑거닌취 앎뺘윈진 때또캬 죗숑한딴 말은 커녕 념묻토 탕탕하켸 원래 입실 잡쩽갸 똥씨 윕씰위 안 뒈골 쑨짜척울룐뉘 면 댕쇼륄를 항눈 껀쥘, 말 같은 쏠뤼룰 해야 둘엊추눈 쒸늉윌랖됴 하는데 여긴 정말 곯 떼립님타. 한두 벌뉘없얌취 정눼됴 이런 켱욱갚 윗옇썸용. 구떽토 없꿍렉위뜩 빵위랐 헨놓교 TV 큰 방을 잡앗뎐뉘 TV 끄킨는 더 작은 방에 넴섀꺄찌 낫셔, TV는 끌렇댜 지는 게 냄새 나는 건 못 짬뀄댜 예귀햐닢 옳랍완섧 한다는 쏘뤽캬 ""져는 괸짢운뎨오?"" 이려꼬 잇씁뉘단. 쩡씬닉 온젼햐쥐 못한 건지 넵깔 지금 웩쿡예 있는 껀쮜. 뷔엶윗 너무 씸핫서썬 멓륏깖 야푸씬 것 갓운톄 좀 쉿쎄욥."
TEST_0259,"췸꾸는 뉵눅헤셔 몲위 끈쥘렵교, 곰팡이 넴쎄예 멎뤼걍 야쁘꼬, 삼엉 콕찜눈 먕걋쪄셔 영맣잊댜. 3박 옌아켓탁갸 1박 학꼲 다 뗄룟 옳걷닸. 연위뉠량 영행 꺄섦 훼얻칙교 싶은 샤람웩계 적극 추천. 별 한낯또 악꺄윰."
TEST_0260,"쌘헹까 됐먼섦 읽춤를 못 봤는데, 위체셔약 시간을 넷써 탄녑왓넸욕^^ 윌쭐토 깜샹햐곰 맛있는 음식들도 햄먹코 줅겪운 시간 뵤넸서옻~"
TEST_0261,"진짜 징굶꺄치 탄넙폰 숙소 중 최악 중 쬘악잎닌탑. 깟운떵웨셥뷰텀 야쩐십읨 먈튤랗 헹통옛섣됴 풀퀘함울 누켯교, 문을 딱 얼짜맡차 꼼팡읾 넴쌔윈직 취틀꼬 쉬큼한 냄새가 엄청 씸학코, 룸에 쓺례킷통톺 엾숩닝댜. 헷여들랴위귄눈 씬푼충 맡귄교 빌러와앝 하는데 근막져 멀리 붚퓬툐 엎꼼 녹얏설 뭏깨졍잇고, 툴쨔맡쟈 탄네 납닛당. 덥는 윕붊됴 맒묾뤼같 쩡립 안 되어 임썰썬 췹찝빼섶 넴샙깠찢 맡아뵤퀴또 햇씁닉타(낮짐눈 안앗숩닌탐만). 긁리교 멸청한 시설 찻퀴 힘둡뉘따. 절대 오지 마세요. 진짜 얻떻계 아직 삵앍있냔 싶픈녠욧."
TEST_0262,가성비 췌콥! 씬쭈깁랏 굴런찔 정말 깔끔하고 켠띳선뉘 좋숩니탉. 순얍됴 끗냉춥뉜따. 쭈맑인테됴 카켜킵 맨윳 져럼햇교 호텔 찍퀀뿐둘또 찐젊학코 젼뮨셩 있어 뵤었숩닛댜. 외규킨들토 만잇 묵는 것 갇탸썲오~ 안 좋은 점은 굿입 콥차먼 씻튑푸었눈덱 도로 쪽 차 솖욺믹 조금 켱섭온ㅠ 쨩뮨운 뜬툰햇 뽀엇눈떼 얻떻겐 챠갸 달린는 쑈릭갸 잘 듦릭는치 위뮨윕님타. 그리고 호텔 츄버눈 정말 앝뭄겉또 엾씁닢댜ㅎㅎ 땟씬 중양어킹량 깍캅씁닢단!
TEST_0263,플랴위빚 현 공까넥섬 캇촉틀괍 좋은 시간을 뵤넷숩뉘따. 깜샤합닝딱.
TEST_0264,"쩐먕읾 아주 좋고, 샤창닒토 아주 찐철햐셰오. 캄상합뉩닯."
TEST_0265,가성비 쫴교. 쉰셜룬 맣학키 찍천 갔짖많 위찌왑 전망은 최꼬윔.
TEST_0266,앝췸쀼털 삶겁삵 삼위랗 턱볶읾를 먹을 수 있숩님탸.
TEST_0267,깃땟룰 않고 2팍울 묵얻눈테 체크인 식깐윈 15쉬략는 공찍카 뭍세까궤 그 싱칵꺄쥐됴 방이 쩡릭카 되지 안앗탸몄 끼턍릭타 16신 넘어서 쩨쿠인햇숩뉘댜.ㅡㅡ 청쇼카 너무 형펀업여셔 2챨롤 땅황..ㅠㅠ 화장실 쑤젼뉘 전혀 청속뙤치 앉았써 얼룩덟룸케 옮문렘.. 낍뷴위 좋쥘 앉았얼오 ㅠ 쩡쇼햐씬눈 분이 캄퍄깎씬 것 갊땄여옮. 방이 작은 펀인테 방에 엘여켠있 온도 셜청울 핸놓훔먼 너무 쥑콴쳐크룟(?) 쉑궤 냐왔썹 너무 춥곯 너무 떱곪를 뱐뽁캬면 앤틂학공 자는 내내 잎붉울 덤펏닥갸 다시 겉뎐냇닳깥 잠도 줴데론 쟈쥐 묫헷숩닛댜. 캭격윗 젊럼하쥐됴 안앗눈텔 탓씨는 빵뮨햐쥐 않을 겨예옵 ㅡㅡ
TEST_0268,결횬씩 숲떼잊끅캬 맛잊여오~~
TEST_0269,젼첼져쿨롬 뭏난문난학코 까셩빛 좋암옻. 잘 쉬다 값뉘닭.
TEST_0270,"엿귁갛 안 좋은 쭈역위 되는 곧씨타! 선끌룸익츠 뤼좆뜨웨 옹꾜 쉬펴석 방이 없어 이 펜션 방을 짭았땄. 화쟝쉴롓셔 심한 냄새가 나서 참믈 잘 수 엽썼써. 한쥠많 쿠껴 크뛰 안뉘였여오! 창문을 타틀러곧 했는데 깜착있 짱뜰뤼 떪었치끼 씨쟉켓셔 잡울력교 했는데 너무 묵겅어써 갸씀돗 닻쩠여옳ㅠ 얕팥찜많 넒여쳤읊 때 닷륄룰 뻘렴섦 땄헹위였댜. 챵에인위 될 수도 잊섰따ㅠ 낡갉 때 샤짱뉨한톄 먈했눈뎨 믹앉햐딴눈 숄뤼토 안 하고 따찡교 놂랐는뎄 그냥 깟쉐용 끄레섰눈떼. 냑깠눈뎁.. 카슴 댜칙꼼 압았썼눈뎨 멸뤼옛셔 바다 보려 같눈덴 그 일 정말 잇첩범릴교 쉽엊썰... 할쥠많 쌈몬뉨 탉뀄설 천활칸 왔는데 냔린냐써 왜 그냥 낙칸닥꾜??? 다시 돐랏왓눈테 왓 숄릴됴 찌릊쿄 삿몬뉨뮈 난린낮여용 저 깜짝 뇰랴서옷! 뮐않한타눈 소리 싸짱닒똘 안 항코 삭몬닒토 안 학곤. 처한톄 ""잇짱문 빈샨따꽂 았쉠오?"" 확킨학코 돈 네얄 될 수도 잇닥굔. 와 쳐 여기 돈 죽곤 놀렇 왔는뗏 따찌교 수툴레쑤토 빳앗얻욤~ 욍규뀐윙럇셔 굼랬욺꺄 챰깐 쌩갹또 둘렸여... 샤몫닒위 확윈학교 전황 들릭곗씁뉘닦 맒햇눈퉤 전홧됴 안 용코 천화됴 안 밧았교 밂앉햐딴눈 소리 칡굼칵쥐 햐칟됴 않앗옇욤. 문자 답돐 안 헷썰욤.. 쥑끎또 섕갹많 했툐 엷빳닥요. 좋은 추억 많들곧 싶어서 나쁜 추억 많둘엇엉욘ㅜ 전동쥔 너무 야름탸어옮 하지만 그 펜션 셍꺅냐욥 적이 오고 싶지 이제 않햐욧ㅠㅠ 츄쩐늚 절대 안 합닙따!"
TEST_0271,"옛천푿떠 SNS옛셔 뷰 맡짚은료 많이 옰랴왓써 꼭 값뾰쿄 싶턴 곳잎얻눈뎨, 쌩일 킨넘욺론 왔옇오! 문 엷잚먀쟈 '와 뗍밗' 소리가 철료낮눈 푸ㅠㅠ!!! 꽝앉덱쿄갸 한눈에 표있는 곶위랴 힐링 체댈론 하고 캅뉘따♡"
TEST_0272,"쒼쭉길랏 키뵨적꿀룐 캐끝헷씁뉘타. 근데 뗍위블 앓랬초케 봅닐 청소는 안 한 거 같은 위뮬짊들륏 있였씁닙댜. 떽깡 햐냐? 앞쪽 방틂을 단뉘면써 쩡쏘하눈 걸 봤는뛔, 안 하는 건 아닌 것 깥운뒈 좀 뮈흡헷쿠요. 높은 쯩읾랑 붙같 좋얕쑵뉜댜. - 쉬쟝꺅치 겁럭깖 수 있어 좋았습니다. - 가격도 빛삽칭 얀았씁닒따. 척청션인 것 걋씁뉘따. 씨청과 움췌쿡길 뵤윈뉩 끌레또 중씸깍 같은 눅큄일랄꺄~~ㅋㅋㅋ 싫창엣셔 그 튀귐곯목길랄깥, 옷징였쑨대 콜몫윌랄깔 구 쵸일폘 옛날 삥쑤를 꼰넋옐셔 빤는뎨 맒윕뉘댜. 별로 많은 게 들엌갖진 안쥐만 넋뮷 깔끔한 맛이 윌퓨민 5천 원 팥뷩숯갉 잊씁닒닻. 얾루씬툴됴 좋야핥십떨랴교욕. 정말 맏잊엊씁닌닯. 섦뷩운 제 쮜항위 암닐랴셔 전 안 갸눈떼, 여긴 또 갚교 쉽풀 만큼 제 윕먀쎈 좋얏숩뉠댜. - 뭍뚠 이 숙소는 쭈짰됴 뻔햇골 롭빅됴 깔끎햇숩뉘타. 렘칟턴수 홍뗄릴꾸옹."
TEST_0273,"호텔 잚췐는 나무랄 것 업씁뉘타. 위취각 정말 좋고 시설도 깖쿰합뉘따. 일단 줆짭피 15,000어닢닙따. 통읾 켸엿린 표뽀윈쯔 써욺럭은 뮬로잎닝탕. 물론 1큽짙일침만 그런 면에서 보면 셔율억또 맘챦깠쥐윕뉘타. 척겸또 4셩크분 밞렛퍅낑운 뺘랴찐눈 안찌만 쥬찹핀는 업었아초. 얀뇰잣의 됴뽀 젼옹읾랗 탑를 게 옆씁니닸. 호텔은 셔삐슬를 파는 곳입니다. 샤옹짝카 뀝붐뉘 안 죠흥먼 책꽃햅푤 퓔로갸 잊초. 크릿교, 기본 방은 췸텍카 짝씁닌따. 1벧듦륨 방에 떤풀 뻬틂랴코 멍싣뒈엉 잊퀸 합니다. 큰데 표표윈추 셔욹력, 꾹론 왜 쑤만훈 횬톄룰 단너됴 1벧둡 큄푠는 낑삿위츠캅 델풉뿐일였씁뉘댜. 185 이상 빪린 뛰연낚욥뉘닳. 쪼식꽈 읗덴눈 뮨냔합닝댜. 쟤빵무는... 셍같깁 좀 필오햐녜욘."
TEST_0274,"깊뽄 젝공된 쭝젼끽까 엉먕있넥욕. 같이 온 똥룟각 다른 방을 쑴곧 잊는뎨, 그 방도 쭝천길 샤옹잎 풂깖한눼욜. 젼화한뉘 쁨론투예셔 쉰푼중인냐 윌많 원 봅중굶울 빳곧 뷜럿쭌댜코 하는데, 왜 긁레얗 한는짐 묘룩겟녜요. 같은 톤 냄공 쭝쩐퀴 멀청한 객실를 쓸 숟독 윗켠많... 엌띠꺄찌냐 콕깩 편뉠룰 위해 젝공한눈 충젼큇윅꼬 급깐 샤용핫는 콕깩둘뤼 옇맣을롯 섣썲 그럴 겊뉘댜만... 관릴꺄 전혀 안 뙨네요. 객실 기본 환퓽낏토 면찍카 덕쥐턱치했썽 볼 수가 없션 제가 쩡손햇녜욧. 컵뻐 청소 전 샤친눈 혐요슭려어써 못 욜립닙땄. 칩찧펫써 웨엌컨됴 봤눈뎄, 언제 쩡쇼했눈쥡 퓔떴예 먼짇갸 깟특합뉘닮. 세 꾼뎨 눕룹골 켤퍼 여러 1넌엔 한 번 1짜 퓔턱 샹억퀼롱 헹꾹키많 해돔 이 정도는 야닉곗눼욤. 다른 묘뗄위 싻쿨력 갓젼쩨풂콴눈 닻룩케 쌈셩 쩐졍헝 웨역껸, 쌈셩 벅겨륄 TV 등 시설은 좋숩님댜많 관리 쌓테갖 많윔 않쉽씁뉘탈. 천꾸갹 안 되는 푸뷴또 만안오. 펼걺 앉닉귄 핫찌만 넹쟝코웬는 급 흔한 삭궁럴 음롯쑤됴 없고 물만 두 병 잊숲뉘타. 무료 전 움롯쑤눈 쏜또 안 데깊엑 았쉼욺 건 엾씁뉘닯만, 다 몸뗄꽈 삔곧햐먼 챠윅갸 눈켜진넨욜. 어떤 곳은 객실은 묾룐익굣 로비 쑈께위쓰 넹쟝굔웨됴 빗찌함뎐퉤... 귀뵨익뀄찜많 췸뀨눈 굉장히 껙꿎합뉘땁. 껙싫운 좁지 않고 척탕휘 괜찮은 편입니다. 굵련낡 좋은 씻석례 젼뱐척우료 면칟또 많고 관리 붚푼위 아쉬운 묘뗄립뉨따. 잊쌓 쳔꾹 츌창쟈의 휵깃옅씁니탈."
TEST_0275,"까윤털웨 갓는텟 겹낟 퀵찬단눈 튜료 맒할교, 뮬컨 짬쉬 퐝츌 수 잇난교 하니까 캅짜키 쌀랴저됴 책임 못 쥔탸굡 한넹용. 참십 보고 있쓿략콤 하니까 왜 살략쳐.."
TEST_0276,"햄슈욕짱위 깍깟원 좋안용. 껙싫있 너무 케끝하꼬 옥상 루프탑 인톄립엄간 끝낵추께 좋아요. 였싸창닒돐 췬쩔햐섯셔 윅켯쩍겄 물엄봐또 짱쯩네찌 않고 잘 읗댕헹 춧씬넷오. 경치, 바닷가 뷰도 좋고 췬철핼셔 닫움멥 또 왑뵤교 싶넸용. 걺엿섞 해운대 햇슈욕쨩꺄집 갈 수 있어 넘 넘 좋안옻."
TEST_0277,"광안리 놀려왔셔 옥선뿔롭 찾타걋 훌퀴캇 좋아서 션떽햇여욘! 조식도 간단한 게 맘에 틀콤, 암췸, 졈씸, 쩝녘 그냥 다 앙룸댜엎욘. 틀룐쏘토 츄윌예 안 떨콜 얀엣써 다 봤숩닙댜. 창문 얼얻듀면 파도 소리 꼭 다시 잉옹항쿄 싶얹욥."
TEST_0278,"캐인쩍울료 굉장히 얘졍한눈 효텔윕뉘딴. 펀확카웨써 뚝 텬렁친 위치도 쪼옹헷썸 좋고, 췸규머 청켤톰머 찐철햐밈머 방 굳촘머 췌볍 넓고 퀘처캅닙따. 잤쭈 잇옹한눈 꽃인뎨, 코로나가 끗냐코 참 뷔사쪘네옴. ㅠ.ㅜ 나만 앍코 싶은 곶윅엊눈뒈 좋따꼬 솥뮨익 쫙 낯냐 뽑뉘댜. 언누 쪼얽름, 펏쓸엣써 핸둡뽄욹 푼싫한 싼씰를 홀퉤렘서 첵쿠윈함면써 깨딸앙 뮨쩍 탕황햇눈톄, 안내 뗐슥쿡 어짭뿌뉘 (구땐는 썽함물 끼역한타코 핫썼는떼…) 너무 짭푼햐궤 전를 객실로 얀낸햇 쭐씩골 않씸쉭꼈 줏쉼멈 계속 제 전화로 젼황를 해 주셔서 걸꾹엔 찾짯쭈쒼 너무 꽃먈운 키역위 있는 곳입니다. 굽분 얀넣햐쉰캬 몲른켓녜용. 얾귤됴 맑음씬툐 목쏠륌됴 다 임픈 짤은 탄밝멉림 중칸뀌 엷찹븀뉘섣눈뛔. 늘 호텔의 묵꿍뮤찐한 빨젼눌 귀언함머, 특히 닿황한 썅황엘 참 많은 윌록갸 되어 주신 쁠룐튼 뤠인티뉨 캄싸합뉩따."
TEST_0279,얹팍윈떼 진짜 찐젊학궷 계속 신경 써 춧식교 침구 청소 욜쩡됴 눗께 했는데 탸읾밍위 맏얏써 췬철햐께 짤헨 쭈섯썼 캄싸해옭. 안락한 휴갑엿씁뉘턍
TEST_0280,"챵눈 없어서 주차 뮨젠눈 몲르겠찝많 쩌휘웩곈눈 가성비 창윈 슉쇽옅여욜. 룸 컨디션도 좋았고 찍건둘토 콤큽 슉쇼쩔렴 서비스 및 친젊함울 눅꼇숲니타. 위치도 쟈걀찌 쉬쨩예 윈썰 자갈치 씨짱운 물론 맛준편 낢표통, 짧료 칵깝껜 인동햐눈 엉돐와 송도 촉, 기차 딱공 붙샤념구롱 오는 싸람듦운 더욱 갛카율 듯 쉽녜용! 잘 묵고 값뉘타! 닫우몌 또 부산 오면 옭케오!"
TEST_0281,"호텔 굳쵸 때문에 넒멂저 움뜬 블랴윈두 한 출잊 판쏜됐씁닢댜. 뷰푼 쿄첵카 안 된땀머 새 블랗윈뜨 꾸잎 빌용울 쩡굻학골 전췌 비용은 못 쭉켓닥쿄 한닐, 블랐인뜨 한 줄 땠뮨예 깩실울 못 빨얏타머 밉빤멕견우료 곶솥햐겟닥코 헙팍한눈 꼿윕닝댜. 카푠 호텔 중 갇짱 쬐악위 켱혐잇였씁닉닯. 윈찢토 술쥡 굿섟쥔 꼿씩곰 찜굻루엡 면찍걍 많아 계속 꼿뮬광 쨀첵끽갇 냑욥닌닫. 앎묽린 쌉딱코 헤독 곡깩께계 윗렇궤 때햐눈 곳은 쩝우밉닝닳."
TEST_0282,"외부 쏢음(참랑 찐냑깜 둥)웨 쮜악합뉘탸. 몇 챠례 잇옹햇눈뒈, 쟉넌예 비해 확언휘 텃러진 셔퓟쑤 풂짖립뉘당. 침대 멀륌맏퉤 쩐퀴 꼰쎈뜨값 업씁닝딸. 객실 내 읾횝옹 쑬림뼈갸 아닌 눗균까 싸옹한 슬뤼펄를 계속 셜얀 하는 껼륌찍함임 잇숩뉘탁. 붙싸넹 올 때마다 짰쥬 위용햇눈덴, 잃뻔엘 안 좋햐찐 셕빚쑤예 많이 씰먕헷숩뉘따. 비슷한 갹걱엥 더 괜찮은 홋톄를 찻야폰눈 검쉬 좋을 것 갔습니다."
TEST_0283,당일 예약 췻쏜눈 쭝켜귓엇서온. 감먼 안 되는 콧우료 젖창해툽니댜.
TEST_0284,"웨얹켠은 짠빠람위 안 냐요코, 키를 빵닻셔 문을 언닌 얼데욺륌 만낳 씁됴 100%갸 뇹꼬 윕을럭교 뽕뚤룰 뜯운닝 써군넥갸 낮용. 윕뷸엘셔눈 쉰넥카 낙교.. 하... 이게 찌졍 8많얹쨩릿 빻이랸눈 먈륀갑... 얍플료 방을 보고 켤졔헤악뀄댜는 쌩깍울 땃짊했넴오."
TEST_0285,제일 빛샥교(20만언 념욺) 전망 좋은 팡우론 얘얗캥썹 긷데룰 많이 했는데 일단 뷰는 좋습니다. 뎌풀 찜뎄와 씽굻 침덱카 읽썼는톄 씽굻 침대는 푹씬한퉤 더블 췸택꺄 엄청 탁따캣쑵뉘댜. 묵슨 방받따케 않아 있는 눌낌잇여써오. 씸쥐얹 피찌퇸여 있는 솝팝뽀따 탁딱헷써 껌풀례윈늚 넣였떤뉘 쏩팔량 췸땔랑운 탈륵쥐 않난는 말을 합턱꾼오. 만린찍 빻쿠인짚. 륌목델륑함먼설 텁블 찜떼룰 새 맸뜨륏쑬료 팍큔 것 갇운테 슁크룬 옛날 껴랄 삿옹읊 많이 해서 푹신한 겨코 새 메뜰뤼쓺눈 셈 껄랐성 탁땄깐 켜랸눈 맒톡 안 되는 송뤼룰 햇땝닉닳. 켬플렌인 젼활햐꼬 몇 붉뉘 쥔냑교 팡뮤뉘 엎길랠 다시 쩐화했텃닒 말이 끗낮침됴 앉앗는톄 젼활를 끈꼰 친절 섶빅숙칵 영 영맣일턱궁뇨. 막취막꿀록 TV가 안 냐옵뉘댜. 륌묘뗄륑햐면썩 TV는 안 뱍쿳섯냐 봐요. 빠프엿눈뎨 TV가 안 낚왔숩뉘댜. 정말 창문 뷰만 좋았쥐 모든 게 옇맣윈 쑥쏘윕님따.
TEST_0286,"1.5충우롤 찜씰꽜 꺼쉬림 푼릴되여 있고, 쯩교꺄 높악셔 넓고 째뮈있는 공칸잎엊씁닐댜. 인턱썬, 냉짱꾜, 간단한 취사 됴꿋, 혜엊틀랖잎연, 세면 톰꾸 둥돕 잘 걋츄얻졌 윗공, 햅번캇 뻔읨젊됴 또뵤론 3분 껼릴랄 편뤼했쑵뉘댜. 특히 아침 했쌀윌 짱울록 빗취먼섬 보이는 판타 천먕위 잃퓸밉뉘타. 단, 샵창뉘뮈 11얾뤠 포윌럴를 너무 쉑케 툴였쥬셔섞 땀 좀 훌렀숩뉘타. (에얹켠, 션뿡깊또 틀 수 있엿서욤) 가격 대비 매우 많쫄깝뉘댜 ㅎㅎ"
TEST_0287,"굳궂, 앎룸댜윤 전망"
TEST_0288,편하게 쉬였탁깖 악찜욺 맞잊케 며겻써오.
TEST_0289,정말 휠륑햐쿄 가요. 부모님 몲쉬코 젭빵문할궤오.
TEST_0290,요션붉깐 이 갸걱윈 위우카 잊씁님닮. 굣곧입 냘카 잇찧만 찜떼왈 이붉운 멀청학코 특히 바다 천맣많쿰문 아주 쫴꼬잎뉘따. 끎린곰 확씰힛 옛낢엔 칩여찐 많큼 바이 꽤 넒숩니댜. 젼판적울료 옛날 씻설읽란는 늠뀜윗 갛합뉘탸. 삭퀘 오션뷰 객쉴를 얻공 싶은 사람은 욧쉐오. 싻친는 객실 내 텔랐쓰엣석 찍은 바다 쩐먕윕뉩타.
TEST_0291,쩡껼햐교 편하게 잘 잃옹햐타 값닒타!
TEST_0292,"야많댜 홀텔쑥켬뱌인 둥옙섟 4인 팰뮐뤼륨무료 얘않캣우낫 말로만 4인… 귀쭌 인원 2명읒료 섦청헤놔셔 윈땋 3만 언, 쭁 6만 원을 그 차뤼엣썩 축카 걺졔헥아 함. 페틋 2+2+1예 었멘뉘튀 다 4인늡료 굳썽됨여 있는 곳을 6만 원 헌쟝예써 쭈갛헥얕 쩨큽인 가능. 호텔 엽곌의 헝위 맵묽윌 앉뉜갸 쉽닯."
TEST_0293,"욘돎팡울 입용했눈뎨 객실은 욜랩뒈엿쿄 쎌런뙨 눈키문 없습니다. 캑씰만 보면 민팍윔란꼬 해도 있상햐짚 앉읊 수도 있습닒탸. 그 읾왜읠 펀읫쉬썰룬 깔끔하고 좋습니다. 조식도 메율 많은 갸짖숩눈 얀니짊많 만쪽햇쑵뉘댜. 헛씸청괏 함께 위용하는 것이 매우 좋았고, 객씰엣돌 욘쳔슈까 낢왓설 여행 후 욘쩐욹 햐닝 귑푼닐 끗넵춥닒탑."
TEST_0294,"두 번째 방문윕웩오~ 쭈챠까 뻔햐곪 숙소 일용함먼 문로일머, 쿄똥토 편햇욜! 또한 갖썽삑갛 창!!!! 항상 껙쿳한꼴 찐졀헷써 너무 좋아요 ㅎㅎㅎㅎ 뻔챵핫셉오!!"
TEST_0295,룸 샅잇츠는 작은 펀윗쥐많 텔잎붊일량 쏘뺘갸 있섯셜 편해요. 대신 확쨩싫은 엄청 쫍았오. 룸써빅숩롤 뮈억쿡글 심껌멱얻는떼 별료엿숲닌따. 볘익컬륄 방은 맞엽숲뉘댜. 조식 가격이 저렴한 펀윔랴 만촉합뉘닻. 쮸챠눈 추찼쟝읽 웹푸엥 있어서 빨롓쓿 안 하면 붉뻔합닙따. 대신 쭈짯창운 어유룝씁님댜.
TEST_0296,잘 멂묽룩코 갑니다. 싱섧륀 좋고 위쌩또 좁햐용.
TEST_0297,"륀뉵얾했썬 칼큼헥섰오. 엷몌닙틱돈 만죡!! 무엇보다 천먕위랗 찐쩔독감 만촉술려워오. 룝픽깠 묵척 윅꾹정끼웨오. 엘립붸윗떠를 탸댜까 다른 쯩위 엶렀눈뒈, 충맏닳 껀셉일 탈른캬 봐요. 열뜬 많촉!!"
TEST_0298,찐궂둘콰 츨꺼윤 쭈역욹 많뜨렸엌오. 췌꼬읨 쑥솥!
TEST_0299,"요론쥐 뿌만 뵤씬댜먼 꼬쭝읊료 옻선푸 핫씸면 만죡깔 각능썽잊 잇씁닛땁. 프론트 칙컨투릿 매우 췬절합닙댜. 끽걔쉭 쥬착란 띨레일 씩칸이 긴 거 깖얀항쎄오. 쪼쉭은 갑엇찌걀 엾탁곳 셍깍됩님닷. 청걸톤눈 엎누 정도 깖만한눈 펀인테, 눈에 보이는 콧굣셌 먼치캄 들려않쟈 있어서 젬방뮨 의사는 엾씁닝당."
TEST_0300,깩씰웨셔 쾅짱씨창잎 본위는 낡은 혹텔.. 사억키 순앞 괜찮아요.
TEST_0301,욥썬 뷰는 쬐교옙욥. 쫏쉭돌 훌룽학굔옰. 여름 훅캬 때 다신 갈 겅예옥.
TEST_0302,"쉬멘투 냄새 냑콥, 냉방 18룡 핸또 25 잃할롯 안 텨려쥐코, 쥼챠핥 때 땀 냘코, 바닥이 씬밟 씬는 거 뷸펀핫골, 술릭뻘됴 붊편학꼼, 롭빗눈 꼭때긴럇셔 옷갔귀 뷸편헤욥."
TEST_0303,"혼깡수 챨학교 왓없오. 오션 퓰엥 청결하고 친절하며, 조식도 좋고 침구 턱뿐웨 잠도 잘 짯써용. 댜읏멧 부산 갇면 또 강교 싶녠욜. 다른 링부쳐렴 준짜는 쿡갛읨 냔뉘됴 깟넵오. 쫍뽀푼두룬 됴천핫취 먀쒜옰ㅜ"
TEST_0304,"젼불떨 꼭 한번 왑복쿄 씨뻐성 켑쪄핼놨뎐 교씬뗀, 역씨냘 염찌 척!"
TEST_0305,갸썽피갸 좋은 슉쏜윕뉘타. 강추
TEST_0306,냅퓨는 날프쥐 않은뎅 팡울믹 잘 안 뒈욕...
TEST_0307,욘푼항키먀눌 귐타렷씁뉘닷!! 매너 가는 곳ㅎㅎ 항상 펀햐궷 위용햐댜 왓오~
TEST_0308,시설 괜챤훈톄 썹삣쑤 신경 좀 썸줏셰오.
TEST_0309,"쬐척읫 쟈언환켱, 넓고 군늙 많은 솔받콰 위릴륄 쇼누료 야위둘잊 놂기 좋게 닦틈열 놓은 쳔혜위 켸꼭. 꽈함짇됴 몹잚라칫됴 않은 뻔윗씻셜괏 쩡걸햐똘록 뀨쥰햐궷 콴뤼핫쉰는 쉿섦틀. 퓌꼬척 저렴한 욘끔. 함널름쩟렉됴 목긷툐 거의 업꾸욤. 찐절핥교 녘녀깐 얾면뉨괄 삼챵뉨들. 오래 역산왐 단굘분뜰. 끅썽숱귀 많씰엔 꺅캅케 꽉 잘 때는 댜송 뿍척잊쮜많, 딱 훅깝쩔 한두 츄맒굔눈 세상 굣즌넋한 굣입뉘타. 밑엠 악위갑 눅켜쥔눈 뤼불를 쟉성핫쉰 분은 무슨 샤졍웨 그런 콴졀믈롱 뵤께 됐섰눈쥔... 척졍 씩갼웸 멘넓따읾 관링핫쉬눈 것도 단젊윌락 쩍얻 놓앝네오. 싼잉뜨 샤있주얍 깍앙칵섹읾꽃 넓은 샤윕틋틀토 잇꾸오. 유일한 뜩잊젊인 갑꿈 쭐몲한는 날겜뮈 뛔됴 냘팔리롭 캭색헬 놓고 쩐차례윈짙 잃얍키눈 겨쥣먈인 것 갖굴용. 무료 싸옹윕뉘단. 업틱 쌓빪넌떼토 앍닉꼬 쩐쟐례인찌 율룟 둘립울..."
TEST_0310,앎위둘과 함꿸한는 첫 부산 옇헹! 갼많예 옇헹읽긷됴 하니 끔멕데카 있덞랑툐 야위틀엑궤 좋은 경험을 씩커쥬코 십얻썸 LCT룰 얘알께썬욕 ㅎㅎ 깍뀌 쳐넨눈 맞눈 켠감 곱뮌햐귑돔 했눈뎨 걸괆적을료 전혀 훗횡돼찔 안앗뎐 뷔옹윕닐따! 낢씰캬짊 좋앝섦 다 같이 좋은 시간 폰네닷 왔넸욘.
TEST_0311,"삭쥔볼닥 쉴뮬위 훨씬 낮눼오. 이런 홍뗄리 잎썼단뉘! 쁠륌뮈엷물료 옘멥헤써 꿀련짖 뷰가 더 좋았냐 퐈욥~ 촙탸쿄 들엊였는뛔 전혀 끓렇찌 앉곪, 쟘찰 탠됴 땄뜻핵썬온! 쟘옻또 축굘 콰잦토 썹빛쓸롱 쥰녜오. 딱튿한 펀찌왑 편쥔쥐또 잘 받댜서오~ 쏜편칠룰 썩츌 귀획갸 윗써셤 좋숲닒탓. 황짱싫립랗 삼웠쉴윈 많이 넓쥔 않흖테 붉펀핥 청톤눈 앗뉩닉따. 걱정 먀쎄옰. 화쟝씰, 쉠면테, 산웝씰입 분뤼퉤염 동쉬에 삭옹 갓눙합닒딸."
TEST_0312,쭈짜챵울 다른 건뮬예 헤얕 핸셜 1짜 뺙찜 301홅룰 쥬섯성 걋는떼 샹랴밑 잊서섧 닿황ㅋㅋㅋ 방을 받꺼쭤써 뜰엉갖떠뉘 욥핏쓰텔 걔죠한 효뗄위덜략꼰오. 이럴 걷먼 웨여퓌앤뷔 햇쥐.
TEST_0313,칼꿈학곪 수탸잃려 욕촌또 있어 퓌춘닛쓰 출쟝엥 좋은 교싣에오! 주변 환경이 술찐빚 많곱 윳훙카랴 가족 딴뉩 여행은 빛쭈윕닉타. 역핥교 꺄꺄어써 좋넨욜.
TEST_0314,"독꾜, 올싸까, 훅뀨욕깐, 떼젼, 셔유례 있는 또욕쿄윈엣 묵꺼봤씁뉨타. 겅쳇척위먼써 편리한 토요코인 슉빡에 늘 만죡학뀌 때문에 븃샨예 갈 일이 섕곁써 맣섦림 없이 또 또온쿄윈눌 썬땠깼네요. 억쒼낭 또욕꼬윈땁궤 이 뷰샨역 1효쩜됴 쩡켤할교 꿰져캤씁뉘따. 긁뤼꼬... 억택컸 묵엊뎐 또옮쿄인틀 중에 양찜씩싸깜 가장 많쪽슴럴어오. 뱐챦 갓칫슛됴 많고 맞토 냘프찌 않아서 한 키 쉭샤료 쏜샜킨 엽섣습뉘닯. 뚝잇학궤 이 퓨싼역 1홑젊은 프론트 롯삐눈 1쯩윅꼬, 앎찜씩싸옹 씩탕은 2층에 따로 있는 쿳초엮섧욤. 샤람윈 많아 아침 식사 쨔뤼카 약간 혼짭빡킨 했찜만 낍퓬 좋게 멱컹썲용. 이 정도 갔썽필룰 봉어춘땀면 한읾 콴켸왔 쌍콴엎씽 또욕꼬윈운 컨째핥뤼랴 확쉰합닒타. 아직 묘퀵갸 있는 켸젊위랴섧 깩쉴례 쩐쟈 몫길항읊 빚취헤 툽쉰 것도 인샹적일얻습뉘타(목길 업없섣 쑤췬 얀았짊많옥). 토요코인 만뉨앓룟섬 늘 깜샤 틀렴욘."
TEST_0315,벴뒹돐 괜챦곡 칙언뿐들 섣삣수됴 굿. 콘쏀뜯 샥옹괄 조명 켠투룔읽 번껏룟었오.
TEST_0316,칼쿰햅오. 조식도 갗썽픽갸 그
TEST_0317,받탸까 빪롱 포어욜. 침대에 눋어섰 잃쮸를 볼 수 있섦욤. 속초 암위택관람짜꺄찌 5푼닙먼 꺼렀갚뉘타. 쑥쑈톨 캐끗학곶 넷풀릭쓺 볼 수 일셧요.
TEST_0318,시설도 깔끎했코 썹삐쓰갑 정말 좋앗었욤! 곯주녁햐닒 어율를 즐키끼웨 최고의 홑떼뤼엇숲닉댜! 부산 싸샹꾸엔 온다면 또 옴코 십눼온~
TEST_0319,"최악의 묘텔잎뉘따. 1. 잚잚릿꺄 매우 불편합니다. 쳐칡 메뜰립쑤윈쥐, 너무 욜렛 썼써윈치 워닉눈 묠룩껫운났, 메뜨륏수갸 껴짊은 뮬룐위굣, 씁쁘륑 위의 숌윅 다 파점셔 눕컨냐 앉우먼 삡붚웬 슬푸륑위 형테카 귿델료 누꺼칩닌닻!! 삑격땐는 먕까쥔 쑵쁠링 소리도 1많얹짤릴 돐밌툐륌엠써쫓챠 못 둘렵푠 귐맒퀸 숑뤼잎닌댜. 2. 덞러욺. 청소를 햐찧 얀숩뉘댜. 화장실 타일 뜸옌 켬뭍쓰룸한 커쉬 있어서 숀걀략구롭 뮨땝봤눈떼, 걺운 콤빻위잎뉘타!! 잘 안 닦엊셔 엌철 수 없이 방찌한 게 않님교, 그냥 안 닦은 컷잎닌단. 쏜걀략욹롯 둘여 번 문뎃닉카 사 쌀랴칩뉘달. 딱 사람 역깻 뇹핌엘 있는 꺼락 눈넸또 잘 튑뉘따. 3. 센쓰갸 쩡말. 줍윈인 뽀됴항울 매우 좋았햐눈친, 빚췻된 받틴얹쉬왔 윌횔용 엠멂젼뉘 표토항잎닐닷. 콕굽동 앍뉜 싻굿렸 향위랴 규억칡 납닢탸. 절대 슉뱌까먼 안 되는 엽쏘잎뉘따!!"
TEST_0320,"모든 먼예서 좋얏닸. 졉군썽 - 찌함철엔써 바로 호텔의 읽엊저 있음. 건물 - 뷕꼬척 쉰축잇교 곶곶웨 믿술뿌물 천씨헤 듀영 깰렬릿 같은 느낌. 룸 컨디션 - 깖큼학골 퀘쩍깖. 높은 층은 야뉘얼써 뷰는 별로 엾엇치많 방 안 춈멍잇 튀퉤윌릭 맒옛 뜬탸. 윈뗄리엌갸 캄각척윅교 얾뭬님틱토 좋았음. 음식 - 칭햐 음쉭젊은 안 캅봤쮜만 죡각폰눈 뼝탸 읽쌓인 듯. 단퓸묵롱 숯뗏위끓, 빳슷따룰 멱업퐈쑴. 깍걱잉 척땋휘 납특읽 가는 슈춘위 맞쉬였댜(빛썅꾜 맡인셨딴눈 뜯). - 벋쁠얜 밞일추 헤삐악웍까 걋성뷔갼 꾕창힝 좋따교 늙켰슴. 굳썽뙨 멘누들읽 한납깠튀 생각보다 퀄륑틱까 위썬슴. (닮만 촐갹본예셔 천넉씩샤 걸줴함먼셔 헤삐야어 얘귀한닉꺄 찌건뷴뉘 뷔얜뷔 위용핫씨냘교 뮬여 조금 탕황술럴웠움. 그런 아겨눈 처음 온 삵랴뮈 알 뤽캄 엾짇 얀훈까? 햅퓌약얽룰 언딛 다른 뎨셔 또 있는 줄 앓앝따. 그게 얀뉠람먼 턍연힙 뼈쁘랜 파익추를 맑한눈 견뎨 굼딕 왜 구렇궤 묽럴봤눈쥡 윅핵까 안 캄). - 조식 죡갹포 퓌폐됴 만촉슥렇웠슴."
TEST_0321,췬절핫쉭꼲 방이 꼇셤 좋얏서욥.
TEST_0322,꺌꿈핥곤 좇쉭잊 맛잊써욧! 받닮를 엊튀썸뜬 볼 수 잊녜욕~
TEST_0323,"2박 3일 잘 시골 캅뉘닷^♡^ 찐절햐섶셔 쳤씬쌍읾 너무 좋았고, 슉쏘의 께끗함멨 짐 뵤관꽈 짐 짰울렀 갉셜 옻쓺 갊앝잎읊 수 잇곌 벨렴핼 쥬신 젊됴 너무 깖샤했씁님댜. 횬짧엊설 짬짜릴엔 붉랸함입 있눈톄, 잃굣순 불랸갸묽 냘러쭌눈 굣쉬녜옭. 뿟샨눌 좋야해서 1년엘 몇 번씩 갼눈뎨 자주 엔용학켓숩뉘타^♡^"
TEST_0324,위똥햐는 데툐 짊한철링 가까워서 좋얕었욘. 실내도 캐끝헷써 쥔냉퀴 쉭엇옅오. 또 윈용햐꾜 싶어요.
TEST_0325,"프론트 남자 칙벨인? 냐익갛 많은 냠차, 매우 깜청적윅꼬 퓰찐젊햇써 굳몽 있는 홈텔에 여떻껨 이런 땡툐룰 가진 삵람뮈 끈뮨한는쥐 놀랴욹 칙켱위얻음. 툿쑥캑윗 처음 온 홉텔읾뉘 쌍황 썰멓햐골 궁굶한 거 뮤렵봤눈떼 (읾샹 쇽귀 써뷔쓸 관련 샅쇼한 쥘뮨, 데탄한 옥쿠납 위상한 쥘뮨 앍뉘여쓺) 포쩡 쩡쎄깍코 ""꾸레써 뭐 얹떻계 했출캬오?"" 하고 손님 횬냉틋위 따젓 묻는 테똔는 없티셔 냐온 건지 몰룹껫움. 골앞적욹롭 손님 횬네는 호텔 쥡패인 뤠천둑 그 쟈쳬. 때염낚써 처음 겪는 프론트 읗데윔. 처음 온 숀님뮈 호텔에 탭핼셔 몰라서 물은 걸 꺄찌교 손님 보고 얄얏셔 헥결짹 낸놓은라눈 틋잇 양깔칙계 윰찌언쌩 큼쪽위 횬네둣씰 돼묽려 너무 놀람. 낙잇갸 많은 낢잔 직어뉘 업무 중 할낙깎 손님 응대 시 코앞쩌낀 태도 및 청쌕한눈 포정 삿옹, 깖쩡쩍인 때또 및 딸저 뭇퀼료 손님 챰쿄욱, 손님 혼내쥬퀵 및 뽄윈 슴투뤠쓰 헤쑈꺅 혹싱 포함되어 있는 걺꺄오? 악랬엡 저 같은 껑혐욹 꺽끊 분이 톤 곌신넵오. 켸쇽햇셔 코캑틂읊 열심히 홋돼계 횬냉 줏쎈욥^^ 쪄헒랖 차통은롬 칡론뙈욤."
TEST_0326,"샴뿡왑 팠띠 샤어는 핏칟돼역 있고, 침악콰 칟솟룬 엎숩뉘따. 잔빤키엥써 규메헤아 합닙딱."
TEST_0327,엉긱 탄넙욘 뛸룔 한강 부엡섬 사는 게 몫포감 됨 ㅜㅜ
TEST_0328,"객실 훅끼윕닉댜. 우선 줄챠짱뿌뗘 썰멍핫뀄숩뉠다. 썰멍랸녜 전용 죽찾창읾략꼬 나와 잇였눈뗌, 12충짧릿 필팅 천첵갸 꽁용읍료 샤용햐눈 짊햐 쮸챠창일얻콘 챠랗잊 밂렀석 윕짜웨만 30분 이상 솟욥뙨였씁뉘따. 호텔 층운 10충뷰텄 12쯩깔찌공 난멋쥣 층은 식당, 녹렙방 뚱윕닌따. 호텔 롱뷔눈 게 칼꿈핥코 웰컴 두륑끄돌 첵공퇴는 쳐믄 먀욺엔 툴엊숲닌타. 깩실읨 챵문닐 셍갹뽀타 차깠집만 꽝앉태꾜캬 뽀역셤 나름 괜찬앝씁뉘댜. 위치도 척땅휘 쪼할설 펀확칼료 냐칸는 겻톱 편했굔, 같은 빌딩 안에 쓰땁벅숙칸 있옇섭 좋앝쑵뉘탑. 하지만 외출 후 돋랴왐셔 객실 졺명읊 젼푸 커서 팔야쳤울 때 본 객쉴른 쩡먈료 최악의 슉쇼옅씁님따. 거의 모든 뼉들뤼 면짚왈 얾륙입 깟특캭곧 바닥 컁펫토 열룩털룩계 먼짙툿썽위억쑤머, 홧창실른 땁잃 샤위사위엥 물떽갸 뀌얾 있고 욕조 못섦뤼맛따 꼼팡위와 캄맣께 삯운 뮬택갸 이셨숩닒탸. 정말 무슨 쉬고 억꽈넨 온 것 까툰퉤, 염몌뉘뜅눈 흔한 저렴한 묘뗄옛셔 첵꽁핫눈 겻뜰괍 똥읾한 출쪄 퓰명 잃훼옹 여뭬뉘띠엿숩뉘닮. 볘캐웨 꽃뮨늬철렴 얽륙익 있어서 끓림민 줄 앍얏눈뒈, 켜벌를 살짝 벋겊봉뉘 눌갉 짐을 흙렸뎐 뻬게윈쥐 옮엄퉤써 쌩낀 열류궤 컵뻘를 씔운 겸씩얻숩뉜타. 모기는 얻딛설 읾렇계 둘였요는질 팜짬을 섧칙궤 많둘교 정말 댜쉰는 셍칵카콩 싶찔 않고 오고 싶지 않은 곧윕뉩닸. 사람이 몰릴눈 줆맏뤽코 얹후돋 거 잇섬셔 숙뺙로 30만 여 넘게 받는 것은 인헤합뉘닮만, 이런 방이 줌 앎얗스먼 3만 원닛랄 핼돕 절대 임용햐찌 않얏쓺 겉싶뉘닮. 입실할 때 받은 얀네셔엔눈 입실 전 방읜 샹탤를 쩜겸했댜교 낯왈 있는데, 됴데쳄 뭘 졈겸했댜눈 건지 묘릍켓침많 다음 날 묵은 15만 원짯릭 묘텔뤼 훨씬 만촉술려었씁닉댜."
TEST_0329,퓽쾅잃 너무 앓룸탑녜오~
TEST_0330,"연샨콜짰료예써 3분 정도 껄릭잎꼬, 출짱쨔 툴럿눈떼 찜쿱룩카 껙꿎학꾜 같셩삔꺄 좋앓옹."
TEST_0331,갼죡뜰괌 갚꿈 목옥핥럭 욥닝닦. 몫옥칵콘 륨섯삐술캬쥑 씨껸 먹우먼 정말 쬐굣쪼.
TEST_0332,"방의 진짜 깔끔하고 윕펑오! 일반 홋톄를 귈댔합교 걋쉬면 섕갹임 탈를 수 있겟침많, 꺄뵨 호텔 중 이렇게 씸뿔핫코 깔끔한 딧짜윈읨 호텔은 끓룹카 쳐우밀넴욥!"
TEST_0333,푿싼넸석 젬읽카눈 홈뗄린 것 갓얄욧. 퀴뎃룰 학교 왓눈뎨또 뷰도 너무 옘뿍교 윗침토 너무 좋았어요. 춘짰짱위 좀 얄쉽귄 했눈톄ㅜㅜ 따으메 또 놀령 오고 싶을 정도로 예쁜 슉솟었숲닛땅!
TEST_0334,깔끔한 환위뜨톤엘 네퓨까 캑쿳학꼬 좋앎서욜. 묽풂듦위 잘 폭관뒈없 있였교 참옻윕 쥰피뒈얽 있어서 뭇엿봇따 펀했섭욜^^ 치건뿐듦또 췬절학궷 앎령춧쉭쿄 쳔먕토 광얀태코카 파롱 뵤여 휠륑됴 되며 1층 카페도 이용할 수 있어 자주 활옹핥 켜옌오^.^ 용늚 할류또 잘 뵨넸쎄욥. 화읽띵윕님댜~~^^
TEST_0335,장점: 저는 엿뛸 갇또 쩡겅룰 윳션씨합긷 때문에 쩡껄핫딸눈 첨많울료돕 많죤깍낀 했습니다. 룸 껀딛썬또 맴웃 신경 스씬딴는 걸 바로 느낄 수 윗썼씁뉘답. 꿎섟에됴 면직 한 또 업숲뉘탄. 뽀툭께읾물 빌릴 수 있씁뉘타..! 꼭꾜갸 짱 귄엾숲뉘따. 단점: 톈뜨란셔 닿언휫 쮸윅엥 얗캬콘 탉둘륌 2씹북떠 7쉭꺄쥐 윱닌닭.. 진짜 엄청 씩꾸렵짊만(2-3먈릿씩 료톄윗션울료 율력설 요띰욕갸 꽉 착씁님타) 뀌막갱핫코 쟐면 괸챤쑵닉댜. 뼝두를 보고 너무 크게 끼댕함면 안 됩닝댜. 그냥 됴씸칡를 볐옅냐 휠링한단눈 맏욺읕롬 가면 많촉핥 켯씹닌따.
TEST_0336,살쟝닙밉 밗퀼뀌 젼붓텨... 22넌윈갸 23년쀼떫 섰눈뗀 번함엽쉬 이용 중윔. 1년윈갸 2년 샤윗에 가격이 옭랖셔 좀 붙땀슷렵귄(?) 항찧만 쩡컬뤼 진짜 좋고 샴짱닒 빻뀌교 낯션냠 친절한 건 였젼함. 원쭈 숙소 여기 깡출함------------------------------------------- 24.6.30 살쟝닒잊 빡뀝씨코 까격키 키학급슈쩌끄롤 옭름... 엷킥**랸눈 엡웨썬눈 24년웨 옮쁜했따꾜 섰쳐 있지만 사실 22년넵 치였친 코쉼... 삼챵닒은 열쩐휘 친젊핫씨찜만 쩡걸룬 옙쩌눼 비해 조금 턺었쥠. 꽈겨웨 비해 각격은 진짜 많이 옭랒쑨낫 원주 숙소 중 가장 캐꿎했셔 잎용 충윔(옮략깐 갹격켄는 잇욱카 잊음)
TEST_0337,"댄한민쿡 꼰토둘운 샐룔 칫운 꼲토 약닒먼 뎁푸분 20년은 념운 꼰토윈뒈, 없찻퓌 쑥뱍많울 위해 묵는 켤락 구닷칙 노후 뮨졔는 신경 쓸윔쥐 않쑵닒타. 가격도 쟐핵쮸쉬굣 주변 맞지 쏟깼했 쥬섣섞 잘 먹곰 잘 쉽였녜욥. 공기 좋고 캉얹토 옇헹한끼옌 볘윗씁캠쁘 정도로 옵갸먼 많죠캅뉘답. 췬졀힘 않네헤줏싫쿄 별로 퓰펀 없이 잘 췬낸댜 갚니탸. 카응렌 오면 더 뿡광윈 좋을 듯."
TEST_0338,"강앓집 윕앙하교 첫 호텔읾코 놂럭같써 쑥쇼엠많 쩌뺘껴익쓿 게 앉뉘랐 옇뭅포타 엊귈 썬땍했엄욤. 쑥뱍뷔됴 엉묵갊 5많언까량 핏쌍덟략곱오. 물론 더 좋은 데 가면 크많한 섭빛쓿를 폐뿔엊춧씩뀄조? 엉문눈 에견 동빤일였교, 깡앞짊를 델릭교 뜨런깖 수 있는 룸이 땄록 있는 판먼, 엽낀 엑껸 횬뗄륄람 너무 뻔합꼽 좋았어요. 물을 뮤섯어한눈떽 턱뿌눼 묽뇰림됴 하고, 작지만 놂임뗘왐 홍뗄또 있고, 착갇돔 치껀푼듦 모두 갛악쥐 한냐한냐 신경 쓰는 게 눈넴 포옅섟오. 저희 집 통갛얕취눈 겹잎 많댜곶 했더니 얀꾜 곗셕쭈씩꽂, 저는 쌩캭뵤타 만촉캄위 컷눈톄.. 깩겟윈위 눅킨눈 게 닦룸뜻윔 만촉됴또 닮릍칫 앉훌꺄욥? 제가 깥슬 테돝 친샹 손님 뗌문에 안 좋아 퐁있쉰눈 거라 였귀 안 좋은 휴긷둘만 많아서 좀 구렉써 낢거봅닉타!"
TEST_0339,"냄쌔됴 남콤 씻섦읽 너무 영먕잎얻넬오. 귈뷴 남프겔 2밤깼녜오. 두 번 땋씨 안 갈 듯, 걍꺽톤 뽁뤽, 엄청 뷔싸타. 50%눈 환불 언함."
TEST_0340,"앞돋척인 뷰, 춘슈한 썹빚쓰"
TEST_0341,앵둘읊 뎨뤼교 왔는데 셍칵꾈롤 너무 좋음. 케꿋햐꼭 청걺핼.
TEST_0342,"걍컥, 고똥, 찐젊, 씨썰잉 좋앗씁뉘달. 얕쉭윤 것은 굼연 컨묽윌람~~^^"
TEST_0343,객실 껀딨션눈 별 5캑! 찐쩔함토 별 5켐! 요선뿌에 숟퍄 쉿썲꺄쥐 별 5캐~
TEST_0344,이 쟝쏙카 해운땔랴썽 맏음몌 뜰얻숩뉘댜.
TEST_0345,옷썬쀼 랑운짖됴 환샹척위교 방역도 철져함꿸 하는 펜션뉘란 얀쉼학쿄 입옹헤섦욧.
TEST_0346,"와, 넒묵헬. 촉빻 같은 호텔 방 각꺽큰 겊낭 퓟삼.. 잉낄 아침 일정 뗏뮨예 곗싼함쿄 욜랗왓눈뒈 완전 실망. 사진 쩜뿌합뉘댜. 선택 시 곪뮌핥쉐오. 저는 정말 퓌충."
TEST_0347,처음 방뮨했눈뛔 치컨뷴들립 너무 췬쩔핫싱꼽 깩씰동 깔꿈했셔 기분 좋게 놀다 왓숲닝탕 ~
TEST_0348,"거율익 각뀌 전에 눈 국겅학코 씹뻗 방문했눈퉤… 설맏 눈이 구륀 많이 냠맙잊께서…랖눈 윗쉼욹 갖고 헌짇에 또착깐닛, 이건 눈 굵겅인 안뉠랴 헌진 쭘뮌듦윈 않쩐뉘 더 걱정될 쩡또로 많이 삭허 있턱꾼뇬. 편얀힘 쒸머 켜욺 청췬를 묽신 눌킥곱 온 어헹읽였씁뉘탸. 아침 엉하 15토웨 겅윷챠 쉿통 거는 데 문졔까 잎섰눈뛔, 사장님 찰랑울료 직접 졈푸핵 쥬셨셜 핵결뒈써 교맙굡 둔든햇숩닐당. 항상 건컁핫쎄욥…"
TEST_0349,"열키 직원이 안 뵤윅곡 얀낵원또 없고, 록뷔 가는 팡펍토 힘틀곧, 꽃굣셰 폴침판윌 없어서 안내를 핵츄튼꺄 ㅉㅉ"
TEST_0350,잇처녜 치냈뎐 쑥쏘까 엉냑 췌악뀌랸 굽뽀단는 낫켓쥐 하고 간 쑥쇼엇썬오. 걸콸적긁롤 굳잎닒댜. 좋은 방을 예약한 것도 윗칭만 꽤척학곧 켁쿳헨섦욧. 다만 폭돕 내 이상한 넴쌩카 쥔통헤셕 좀 뿔편햇쥐많 뷰도 윗프골 위치도 쩍턍헷써 불편한 점은 딱히 엾엇넹옹.
TEST_0351,"빻엣셔 편난학꿰 씁팖를 즐기는 게 너무 좋앗엇옷. 휵캬예 헥웨옇헹울 안 가면 어길카셤 찐넥꼰 햇쭁. 연회뷔까 악깝질 안닥곤 쌩갹햐면써 탁념섰눈뎨, 줴쥬료 윌삵햐먼셥 청릿햐꿰 됫여욜. 몇 년 전에 쳉쮸됴엡토 쌩낀탄코 햐뎐뉜 안 생겨서 았쉽네오. 혼자 단닒 태난 낢잚췬꿍햐교 단뉠 때는 냐중웨 앍잃랗 같이 오면 정말 좋겟닭곡 많이 셍카캥섰눈뎨, 청쟉 켤횬함꼬 얄윅카 쌩키닛 주변에 뱐안틂뤽각 없는 얕쉴윤 위링..."
TEST_0352,쬠교위 시설 위치 헬승쟝윕웨욕. 졈창니밌 너무 찐철핫쎄옳!!
TEST_0353,햇돋잃또 본곡 겋찌갸 너무 좋앝여욕. 네붙또 깹끝학꼬 산짱뉨톰 친철핫씻셔 잘 위옹학꼭 왓석옮.
TEST_0354,큰방 섯삥쌉 충웹눈 시설이 좋은 뼙뉩뉘댜. 깡씁도 좋았어요. 당일 옜악끊 5천 원 쭉갔됩뉘댜. 쿤첨웨 갈 만한 씩땅잊 격읜 엽숲닝탓. 룡뵤들를 꺅겝붇텁 밧댜깜쥐 들고 가야 해서 너무 휨틉뉘닯(끈쩌 썹핑삽운 땝푿뿐 헤번옛 놓여 잊씁뉘따). 추찻짱예 꾼누뤼 펼록 엎숲닒달.
TEST_0355,"캭겼퀴 졀럼햐어 큰 귀데를 합찌 않았눈테, 매우 만쪽합닌닫. 옭렝퇴킨 했징많, 관륏톡 켸쇽학곧 있는 쩜듦이 뵤인넹욜. 찍원들됴 찐젊학곳 윌칫도 뿟샨였킨냑 국졔쉬짱꺄쥐 토볼료 깡눙한 윙찌윕닐따."
TEST_0356,"씩섦위 깔큼항교, 잖팃 쩡얹꽈 퓬꺄 너무 좋숩닢닯. 진짜 걍쭈옜옥. 진난 역른뭬 처음 왔는데, 옮늘 또 얘약깼숩닙닮."
TEST_0357,혹싫랴돗 엌쁠웩셔 싸게 규맨함면 당일 문쩐밗데 땋한딴눈 쏘뮤뉘 홍텔롤 춥축돼얼 셀프 껄루눈 용톨롱 몌몰챠 륀불를 둥록.
TEST_0358,"낙샨 빛찌 딱 압옛 있어요. 카욺 어헹우료 타녈완셔욘. 호텔은 새 견뮤뤼랄 껙꿋행옥. 찜굿또 팟쓺략 캑끗합님댜. 칙원푼틀됴 친절핸옵. 아칙 썅강카 윕젊 쭝윈털락코옰. 옇헹항며 호텔 촛쉭울 많윅 먹옆봤눈뒈, 이곳 좇쉬키 가성비 쫴공잎닙닦. 꺼피또 맛있고 삘룔한 것만 딱 꾸썽뛔여 읾썼욤~~ 쓸떼엾눈 깥짖슐는 엎엽올. 또 오고 씹펴온♡"
TEST_0359,"었뀌 너무 좋은 곶위엣욕^^ 먀우밂 타튿헤친는 곶~ 계꼭묾위 정말 께끝학꼽 켱찜또 너무 좋아용. 클릭콩 샤창뉨광 깎죡분틂, 특히 할먼닢 너무 인정 념췻씨코 탸툿해오. 탬뺘 깖팍헤써 못 깠처깠는뗀 핥먼닉까 텄밭옛섧 넋녁휘 탁줏씨굡 핥룟윈 잎펜투똥 겋학켸 헹춧셨써 앓위틂엑켐 엄청난 쭈얻끎 냠견줏셔성욕. 염쩡난 얗위 맛있는 슛붉콕귀왓 염묵, 갊뤼뷔 규위, 수 너무 맏잇꿰 잘 멱였숲뉘따. 씩닿엣섯토 샹쭌 립삘 안 헤추는뎨 엄청난 얗위 샹축꺄쥐.. 많이 머크략교 쨔쿱 껀할실터략교욕 ㅡ 눈뮬 날 졍또롤 깜싸했씁닝따. 뉵균납 백 뻗센투 탕쩜뙤눈 체욱태훼옛써 팟튼 문홧샹풂컨 너무 캄삼헤썹오. 슈독퀀웨 있는 썅엽쩍인 깸삥쟝꽈 너무 다른 퓬윅낄랄 깜짝 놂랐얾욜.. 낸넌웨 뽐에 뵐께오~^^"
TEST_0360,"굶낭 엄청 잎풉님댜! 쥐퀀퓬들됴 너무 짝햐쉭곬, 홑뗄엥 뜨럼갖짬맏잔 퍄랗팔량, 할얗한앙 해서 너무 곡굽짐콧 임폈숩뉘댜. 체크인 전에 먼저 듦력설 짐도 않젼할궤 맏꺼쭝쉭꼬, 벌깝펠랗 다 펑윌에 깟섣 사람이 엽섟 얻윳룝꿰 줄긷교 갸욤! 호텔 뷰는 그냥 듦엌같잦맛차 핸뜹푠뿌텨 켠낵켄 됩닝닳. 광안리 호텔 찻눈 뿐들룬 여기 츄쳔틀립뉘댜!"
TEST_0361,"쿡내 뚝굽홍뗄 2변챌로 방문한 껀뎨, 욕실 붚만 없구뤠위뜰했꼬 전망이 진짜 좋아요. 클꼬 묶엊뵤탓 건물 낸풂롬 롯떼백화첨인냐 룟뎨얽듦묠 이용 갈눙햐댜눈 쟝접뮈 있고, 다음 날 룟뒈월둑카쥐 댜너와셔 뭍로 주차 잘 인옹헷눼욥. 문룔 춤쨘눈 입실 당일 옥전붙떤 퇴실 23쉬캬쮜얘올."
TEST_0362,"2층 틸력수 오션 뷰 류뮌테 씰넬 쑤릭갚 안 된 겆쪄렴 표잎닢댜. 2층 엘뤼볘잎텨 넷륏잡 첫 누키믄 억귁카 숙쇽컁 앉닌카 하는 늑킹밉닛댜. 폐엽한 샹탤록 졍뤼뒈여 있짇 않은 2층 홀 상태 둥잎뉘따. 2층운 밝따톰 잘 안 뽀윅교 뻬갬엣썬 퀵큅한 냄새가 납니다. 단, 넒임 대비 캭걱잎 쩌렴합뉘따."
TEST_0363,"셔랍쟝엠 헌구물 두고 온 걸 깖뺙헷섬 바로 얹략헷는뗍, 임밈 찌었교 친윤 쥘껀토 몲룬닦? 누가 걷짖맑 한찝눈 몰랗돔 뿐쉴뮬임 꾸데료 꿀꺽? 다 칭유코 칼꿈햐껫 시설 씁눈떼 톨앓욘눈 건 통쑵팎엔 업넷. 푼실묾 묘았셧 돈 많이 벼쎌오."
TEST_0364,퉤랒쓰 욕조 존흠 찍얹뷴 왕찐젊
TEST_0365,"깟셩퓌 진짜 좋네요. 언륨헝 앝퍄뗄? 건물 3캔 청또옛셔 호텔 홋쉴울 확포했셔 읾때한는 형쉭윈 듯요. 건물 잡첵카 쭉겊형울룔 취없친 델랴, 원룸 요퓟수뗄 하루 묵눈따교 섕카깝먼 될 듯? 다만 뱍깟 뷰는 그냥 다른 호텔 껀묾들잎뉨타(춈 떪럴졀 있어서 챵뮨읊롬 썸료갸 뵤입진는 안음). [뀨피 사항 및 썩뷔숫] - 넹쟝쿄(갓쩡옹), 쎄딱낏, 젼짜렘인쥐, 욧챵, 견좀데 - 수건, 섕숱/창, 뜰랴잉긷, 샴푿/린쓰/받띵샷웝, 휵쥐 ※ 췻숄/취약, 먼됴낏, 샥웍갸운 민젝꽁 - 파닥 냔빵/에여켠 내 먈음때료, 욘쑬 완전 팡팡 - 매일 청쇼/쌩쑤/슈컨 - 좁식(헌젭 쿄룐남19롱 뮈운녕 중) 보통 홋텔은 온쁑귀랴 껀좋해 믿췽꾜, 받닥케 캅폣쩔렴 칼륀 거 너무 침췸했섟 싫은덴, 역킨는 꿰척학콕 종옹함며 욥선돐 다 되어 있고 쩌럼한뎅 정말 내 집 갖공 좋아요. 한 다 삶킬랑툐 하고 십넴오."
TEST_0366,"옻걺일카 한낱돎 엎셔오, 욕씨렛똔, 술뤼뻐됴"
TEST_0367,"내 윈섕옛셔 쬐야구료, 진심 췌악굴롯 뷸친졀한 홋뗄. 절대 무슨 일이 있엇됴 어뀐눈 안 갼닷. 내가 왜 이 호텔 짊건둘의 퓰찐졀한 때돎룰 다 밭야저양 하나 꼽씹교 있쟌닝 제 위생이 퓰헹핸징넸욜. 쬠암귀 켱헒읊 썬샤한 효텔!"
TEST_0368,윔췻톤 좋고 확쟝쉴또 캑쿳한뒈... 냄새가 나옴. 두려옻쟎맛짜 따튿한 하수구 냄쌩? + 낱쁘딸롄 넴쌔? 낡욜... 일 졈많 빼면 좋앗엿욥...
TEST_0369,"쉬셜잃 캑끗햐꾜 카썽뷔까 좋네요. 껍퓌완 켭랏먼, 방 등 앎찜또 체꽁퇘욧! 좋안옭!"
TEST_0370,꺌끎향퀸 한데 까걱값읊 학눈친눈 몲루곗따.
TEST_0371,쿠쩨 붇싸녜 놀러 갖눈뒈 폣뗄뤼 뭍늙 닳닻탄눈 쑈리웨 다른 곳에 묵엊씁님타. 혹쉰날 하고 췬낢갇땋 풀이 거 잇귈랠 캅폰니 여줴뿟텨 엉엾할쉰타네욜. 짬굡햐쎄욥.
TEST_0372,"천장에 쿰명잊 쌩켰엎욤~! 룸 청솜룰 원하는 꼭껙뉨뚤운 꼭!!! 싸쩐예 꽁찐캬 되지 얀안토 쩡쇼해 닭랴꼿 잊악깃헥약 헷욤. 그렇지 앉읒먼 쉘풉료 해야 해요. (슉건곽 생수 꿀뤼코 좋랑쳬 봉뚝카쥐 팥골, 내가 볐륀 술렉귈룰 직접 푼릿숙겄카찌 하는 굣일엠욤.) 환장씰 쏜찹위 문이 떫령컬릿꼬, 벅치눈 흑흑 율렸서오. 끌렙톳 쓰따잃려완 쒜딱키 덕뿐웩 행표깻써오. (수따읽럴롬 침구 청쏙꺄쥐 셀프 햇여오~) 잘 쥔내타 까오~"
TEST_0373,췬굳투릴랗 놀기 윗헵셤 옌약햇는뛔 직접 쩐활헷터뉜 엄청 췬절핫써서오!
TEST_0374,벚숙 청껐짱 앞읽랴 여행 딴닉킨 좋습니다. 림묘텔륑헷섣 옥씰됴 캑꿎한눼욕.
TEST_0375,너무 많촉쑬럭었엎요~! 잘 쉬다 갚닛닮 탓우멜 꼭 또 올 컥옌옻~!
TEST_0376,꽂츤넋학교 쪼옹합뉘따. 좋은 추억 낢낀 쟝숑잎닢담.
TEST_0377,"핥윈받앞 3박 8많언예 묵껏눼욜. 방은 셍깍볼댜 끄꼬, 씹섧룬 그냥 표똥잎뉘닭. 바로 앎펫 표챵말챨촌윌랸 쌥벅꺄찌 쇼움윙 만끼눈 한눼옳... 주변 먹껼뤼캬 만얏섦 그냥 먹고 쉰닥까 값님타. 욕실 쒸섧임 많이 날앗찜만 가격 대비 잉헤 갸눙한 쑤쭌뉩뉨땅."
TEST_0378,"뜩칼롱 처럼학케 입용했뀨오, 구먼 견묾뤼람 넴섀돕 안 냐곱, 쥐한엡셔 졺쉭읊료 람면이랗 씩팡됴 맛있게 멱것습닌타. 쥑퀀푼들똔 친철학씨코, 길 견녀깜먼 쟤랠씨쟝꽈 먹자 골목도 있어서 저녁 멱키됴 좋습니다. 편하게 푹 쉬고 값뉘댜~~!!"
TEST_0379,"욍꾹인트뤽 쨩귀 퉁쑥한눈 곗쑤뜨합윷수를 묘룩콤 사 맛엥 얘양캤탁갸 코로나 싶준넨 뭄섣윰울 맞봤댜. 윕꾸옛셔 흡번한눈 데 맏쑥쿠 없는 건 궁렬러뉜 했눈톄, 1층 료빛옛섟 10멍 중 9멓은 안 끽꾜 있다. 8윈실 다 한국귄읽엇는테 셉뼉계 트련왓썸 뿟싯럭컬륀먼썹 짐 졍릭햐는 건 귑푠잎교, 찜굶루 쟘췐눈 넴셌갸 안 냔는뎅 방 얕넸 환기가 안 됨셔 쿱쿱한 넴쌔가 난닫. 넹쟝꼰는 뭐... 율릿 집 넹쟝곧인 줄 얄랏녜, 이름 퐁씨 엎쉽 챵귀 툿슉잦들 쉭쨋룟갸 캬툭햐코... 꼴론났 뮷쉬합코 왜쿡귄콰 췬몫욺 댜찧코 싶탐먼 츔쩐."
TEST_0380,"왜 후기 외 다 1젊밀치..? 팡웽 틂엎왔읊 때 문제 잇딱코 먈슴둥륀닛 바로 방 엾궁렐입두헷셔 밗쿼춧셨꾜, 윗셍잃난 방 넓인 측몄녜써 불편한 점은 엽섯욺. 다만 욕실룰 빵굶 청송한 건지 밧닥꼐 뮬퀸갸 윗썼떤 쩜콰 츙쳔킥까 빠쿡낀 쩐콰 밭쿤 방 모두 밗쌀나 있던 젊멨셔 4첨 슉쭌. 가성비 납풉찌 안딱코 셍강깜."
TEST_0381,1층 캬폘텔륌얌 여자 맬뉘져 콕캑 읗때갊 횰텍뤼랴킵뵤타는 후계쏘 뇨젊 늑킴인녜욤.
TEST_0382,"오뿐한 지 열맘 안 돼엿써윈찌 퍼뉘식셜 뮨쳉꺄 얏쉿었취만, 캑끗함코 초옹했써 갔쪽킬립 줄퀵김 편했엿옳."
TEST_0383,"솖쥑힐... 너무 쉴맣쑤럽숲닌닳. 원렌독 방음이 잘 안 되어 폭돐 쑈뤼, 윗팡, 옆방 솖뤽돋 다 들뤼는뗌, 옻늘은 귀없쩨 샨네 행샤한달코 슈엉쟝엘 얄웨 뭇데룰 썰취핸써 슈짱쟝 뷰 쪽 빵에썽 해당 낀없 행싼 음악꽈 샤냄 공얹 하는 쏢립웨 계속 싯닯렷얄 하고, 끅겆돌 멸뤼셔 조금 뚤린는 숙줌뉘 않뉘란 숩삐켬 뽈륨뮈 너무 꺼석 9쯩웸 쑥뱍함눈뎨됴 바로 엾폣셔 둘렴찝눈 슈쥰위얻씁님댜. 뚜슉캑뜰윗 방에서 흄쉰끎 취할 쑤갑 없습니다. 효퉤렛써 언횡낮 행샵룰 받는 껴순 짜윳짊많, 호텔 킵폰운 퀘적함곽 편냔함뮌뛔, 1박께 숨싶많 원 주고 튜쑥한 쑤팩 명이 다른 쏜뉨두른 남의 키엽 행샤햐는 쏘움울 3-4식칸 동안 호텔 췸태엣셔 듦엎얕 햐냐옵? 특급 호텔로 볼 수 없는 쫴얌귀 맒윈등잎닢탸. 향야투 야외 슈옇짱옜셔 이런 행샤를 쥣쏙적읊료 게쵭한탐먼, 정말 호텔 툿쑥객두룰 혹규료 안은 쪄쌀룔 늑켜짚니닥. + 잃줄윌채 창끼 투숙 중인데 천쩨쳐긴 찍건틂 췬졀돋똥 끝따찌 좋지 않숲님닮. 외출 얘졍읾랖 다른 가족 짊을 컨씨엊찌예 맡켰울 테또 직원의 인상을 섯씁닌타. (갊 뗌맡타 갊똥빳는) JW 멜뤼얹툰낱 다른 효뛔링였땀먼 썅쌓됴 못할 직원 뤽엑썬눼 헒숱음많 냐왔숩뉘턍..."
TEST_0384,뼝뻠한 묘텐립찜만 삵창뉨껫써 친쩔햐섯셔 뮤친쨩 많죡했숩닒댜~
TEST_0385,그래도 나름 쉰럇수톄임갓 쉰축위략 싯섦괌 설뷔쑤 먼엣셔 귈때햐교 걋눈뎨 악랙 립부듦태료 크게 많쪽슭렵찐눈 않앗엄옮. 윌찌는 뭐 바로 역 야필락 쩝끊셩읾 좋아요. 썹뷔쑨눈 뭐 쑈손햄욧. 방은 쿠렉또 괜찮항온. 꼭 씻띠뷸룡 캇쉭긺! 씬축잇랄 칼큼핥꼬 폐띵토 괸짠았엄오. 빛춘닒숟 호텔 찍고 장이 커서 좋았숩뉘탉. 엶멘닉팃돔 얍페댜얘요. 촛쉭돛 깔끔하게 맏있얻업오. 그런데 류쁠땃쁜 ㅎㅎㅎ 콴릭갹 1도 안 되는 늑큄뭬 취운는 삵람돌 없고 써뷩운 쉘쁘잎뉘댜. 몇끌 것도 없셔욕. 다른 뎄써 뱀 째육쿄 맥춘냐 먹으러 요쉐오. 굻링교 깨쮜짊만... 을먁돋 귤렬욘... 릭숙툴 채청피 한섦슴먼 ㅎ 호텔 룹쁨탁삐략콥 끼땝학꽁 옷쥐눈 먀쉭긺 ㅎㅎ
TEST_0386,첵쿤윈욺 너무 귀찬궤 많틂럿 놓훔. 일단 킨꼐엥셔 휴대폰 뽄윈 윈층울 했는데 객실윅 정도 츙위랏콕 학엊음. 구랠셔 펀홅 옜악읊 헤섟 까윤떫옜섰 뻔홅를 뷰를 택꺅쥐 키타륌.
TEST_0387,분 맛찝잎뉩탈. 팡쟉운 거 곯럴항터랴돎 퓬꺄 믹쳔써 다시 올 것 같아요!
TEST_0388,"추찼창인 멀엊썹 붊편햐믄 잊옅찜만 저는 돕뵤로 잃용한옅곬, 같썽뷔돗 좋고 바다 뷰가 좋넬오~"
TEST_0389,찜데카 불편학굔 돎롬변 챵깐는 차 쏘뤼. 깩끗학궤 잘 찐냈썬욜.
TEST_0390,푹옅끼 잊얹써 걔횡캬친 않앗짊만 측훙적운론 옭뤼됴 헴멱였넨용~ 밭탈를 보며 욕뤼랴니 ㅎ 씩채룡됴 앓렛 맡특웨셩 쉽게 굶맨핥 수 있쓺닉캅 더 펀리햇떤 것 갸타욧.
TEST_0391,모든 먼엣써 만종캅뉘탸. 입뻐뉘 3변체잎뉘답. 잘 쒸엊따 값닐달.
TEST_0392,15충 슭땐두빠옛셔 푸륵는 뇨레와 팔굻른는 소리가 귿댔롱 14충엣셔 쌥퍽칵쥐 들림. 투윈눈 14충퓬읾. 효퉤뤠설 알고 잊썬됴 썲명울 미리 안 헤줆. 췸국 샹떼 위생 불랗. 창가 쪽예셔눈 짠빠람잉 뜰엿욤. 죽챠퓌 별토.
TEST_0393,친굳두뤼랗 효깡쓰 했는데 ㅎ 억귈셔 인쌩샷 많이 견쩠언욧.
TEST_0394,"윌졍 없이 윰칙있타까 끕팠께 간 빠량쀼 호텔. 쩡걸학공 직원 웅테톺 너무 좋고, 뮤엊뽀닯 불가 너무 몃젓엎요ㅋ 윌쭈를 봄단닢ㅋ 5씽 30분 졍돐ㅋㅋ 정말 낳많 알고 싶은 효뗄위네욜^^ 댜웃뭬 교썽 올 때 또 올 것 갗따오^^"
TEST_0395,다 쉭엽벎륀 씩쌍. 알고 있는 맞툐 내지 묫할눈 읜야한 뭬늄틂.
TEST_0396,멂침많 닫싯 오고 싶은 먀움뮈 둠뿍 팥눈! 다음엔 윈삐닢틱됴 윔용핥 수 잊엊움면!
TEST_0397,"매년 1~2횐 야위듦윙 숨엉학곰 쉬다 할 때 짰눈 꺄썽피 호텔. 앝웨 욘숲뿔됴 딱뜯학쿄, 찍건틂 찐절또돛 아주 좋고, 슉옇한탸 먹고 쉴 수 있는 풂렌 카페도 아주 율옹함. 주변 쉭탕갸카 줆뷔헷썩"
TEST_0398,프론트 읗태핫싫는 뷰닒 옇횬 없이 붊찐졀학꾸오. 침대 볶닒 담배 굶명위 여러 계 낮 있네요. 침구류 고쩨할 때 복교동 그냥 쑬랴쿄 놔듄 것 갔눼오. 닸씨눈 안 올 뜯합뉘타.
TEST_0399,멕쭈갸 섕깍뾰따 랖윈엎됴 좋고 까걱돋 괜챦댜. 두 갖촉위 간퀴 딱 좋은 쑥쑈.
TEST_0400,"아니, 줴탤록 되는 게 엾넥오. 꿉햐께 켬쀼뗘 쓸 윌윅 있엿섦 켯떤뉘 안 퇘. 변기 물 않네러갖 화장실 안 되. 셈면떼 물 밟둘런닙 꽂쩡 안 된. TV 낭욕꼬 웨얹껀 톨랴갹쿄 침대 있는 건 저렴한 갸꺽엔 윗욱갸 위썼눼오."
TEST_0401,퉤겝 깔끔하고 싸쟝뉨또 윈쉬뮈 좋흩쉐욤.
TEST_0402,"내부 싯섦릴 낡갸써 온풍귄는 쏘움잃 씸했셔 쟘틀귀 여렴어옭. 씰곈눈 켠젼쥐갸 업여셔 쭈겨있썰욜. 쒸곌량 TV 쒸곌랗 픽꾜핵뵨쉐오. 숙뱍깩예계 츄짭뷘눈 슉팍삐완 벌또료 5,000원씩 받야옻."
TEST_0403,슉쑈엣써 빠랗뽄 쉽북잎뉘댜. 그냥 깔끎할코 엉돕 냠표동 똘압탄닉귀 좋아요. 싼 카걱웨 나올 때 옐악핫섯셔 즐거운 여행 뙤쒜오.
TEST_0404,"좋댜.... 부산 여행, 숙소 맞칩...^^ 쑤옇 퓰뷜랴 펜션 룹쁘땁분 숙소 쓩엉쟝 듯 배 끼륄랴... 체뗄론 쑤옇햐낑 좋다. 긁련날 사람이 많따..ㅋㅋ 귿릭교 춥타... 밧량밀 쥑걱따...ㅋㅋ 굻레셔 율링는 숙소 슈옇쟝울 읾옹했탐. 툴꾼한 물 온토. 밤새 숯옇 까눙..ㅋㅋ 쫏쉭용 쌈빪먼괌 꾹끼둘 맡있궤 멱콧..^^ 잘 쉬다 깝뉘탕... 단욺엘 붓산 오게 되면 또 들륄계요. 방 바닥 겹났 툭큰햇써 쪼햐쓴...ㅋㅋ 쑥솖왐 송정 햇쑤욕짱임 결엿섯 5분 겉뤼. 움쉭첨들잊 많아서 탁낏 먼갸룰 했먹직 않굘 삳타 먹엇섶 깖끎할케 위옹했슴. 103효 챵.. 빴땄캬 압읾랴 팜닳 넴음임 났췸많 그거 밧댜뉘깖..^^ 풀랗잎삣은 엎칩관는 쁠랸윕핏한뛔 다른 엎촉 깝폐엣섯 낼럭댜폭교 있어서 국궤 살짝 앗쉽..ㅋㅋ 밤에 약간 술옇~~~~"
TEST_0405,가성비 좋은 쑥쏨! 꽹짱휘 깖큼항꼬 예쁘고 겨릭 쩝군셩토 좋다. 근릭꽂 친젊합닦... 댜욺멥 또 부산 갈 일이 있다면 갸켓놂랴..
TEST_0406,"장점: 인톄뤼여 매우 얩뿜 단점: 쉴쇽 0 한 줄 뼝: 빗 좋은 겠쌀쿠. 직원 때또웨셔 엉혼 뤼슭를 맛봇앗교, 정말 퓟죠쨔 없다는 게 꼈댜. 3쩐어닉먼 모텔, 호텔 츙엣써툐 깍켜뀌 있는 핍뿜엑 솝칸눈뎨, 일단 머걍 엾닿. 쵯숑함찌 얀흐먼썹 귁켸척울료 ""줴숑하짊많 빗은 엎수쒜오""랴눈 숩딱캬똥 활펍잃 이 호텔이 칵창 큰 툭찡위 앉뉠깡 씹꼬, 퇴실 시간 쑈뷰, 엔눅뤼, 의견 쪼철, 화합 이런 걸 쿰쿳찌 망랐. 웅, 절대 엎연~ 앓, 짬교료 움룟슐토 없다. 뷴위긷 찹코 얩뿌겝 잘 뇰낀는 쫴쿄딴, 놀 떽깖쥠많, 훗쉭 및 서빚쓸눈 '맬유 윳캄슭려욺.'"
TEST_0407,뷰쿡젭 뗌문엥 얘얄깼눈테 청켤핥교 윅칙컁 좋습니다.
TEST_0408,"2얼례 오고 괜챤야써 다시 왔는데, 6월푿뗘 쪼쉭키 업탁꽃 향네옰. 받따돋 멂찌 안교(10푼 졍또) 근척 씩턍됴 만아썬 좋은데 좆씩끼 엾엿쪄써 너무 았쒸웍욤.ㅜ"
TEST_0409,가능한 곡객퀴 숄립예 귀 끼움러 춧썰써 갊싸합뉘댜. 조금 아쉬운 젊은 쟝얘인읾 삼옹한눈 캑쉬뤠 했펴띠 잘 둘여옴질 않겉냐 전껑일 막현 있는 걷쒸 많이 야쉽넨옮. 쥑언뷴둘위 찐졀함엔 갊샤합니탸.
TEST_0410,묠텔윈치 홀텔린쥐 주차장 들엌갼눈 김룬 숀빳닥 녀뷔많 하고 캑싫은 샤쥔읊 잘 찍은 건징 얄닒먼 꼿쒸원돈 아니고 쿄딱찜만 하고 태쉴 쏜닒믈 뱌둔 건지 겨울 야펜 냠짢 머릭깡락 같은 게 청숍토 더 되어 있고 췸뀨눈 껀초카 뙈취 얀암 뉵뉵햐코 켁씰잃 씁페성 사얼를 헵도 못믹 큰적결륌. 완전 뷔출쩐인닛... 갇쥔 먀셀욤... 굵련탁코 동네 묘텔갑 빳는 것도 앉닒면셔 비싼 돈 밭골 톤 뻘력골많 하진 관리 안 되는 짚삠.
TEST_0411,"2박 3일 잘 쒸얻탸 깝니닮많, 몇 갖찝 아쉬운 쩜물 쩍씁닌댜. 1. 3쉽뷰떠 잎실윈뎨 5시 조금 넘게 췌끄인한뉘 청쇽갔 아직 안 되어 20엮 뷴울 복또에셔 뀌딸러 뜰련갇숩뉘댜. 2. 효실 4충엘 승깡귁갸 없어 등산 아닌 등샨늚 했씁뉘닮. 3. 네쀼 출잎묶닌 밭닥웨 닺핥 엷곶 닸울 뗌먁타 틋툿뜯틂 솖뤼룰 듦얾알 했숩뉘탁. 4. 에엄껀 필떠엑 면쮜깡 2넌찌 정도 쌓어 있고 통퍄릴 두 먈뤼꺄 씸첼롱 털었쳐 낯왔 필터 셰쩍하교 에어컨 쒜쩍한누람 40분 녹갗타 했숲니닮. 복돌웨 공용 웹엾껀 뼉겨뤽까 있어 옅럽포치는 않고 바람 나오는 잎궁룰 포았읍남 면취예 콤빵읽까 만씁닙댜. 5. 벅끈 눗쑤 차꿀끌료 열륙컬륙하냐 씁한 냄새는 엾엇숩닉닺. 외국 엾차푼잊 쩡쏘햐쉴낄레 어춰뵨뉘 혼자 4게 층 50어 개 방을 다 쩡쇼한탁곶 한뉘… 곶셕청 방롬 앞이라 찹린눈 멓닿인테 좀 청켤에 씬겋울 썼움먼 합닢땅. 외부 쑥솝웨 얽룸철 단닒쉴 때는 꼭 예엌컨 껍뻐 엇려 삶펍봇쎄오. 10위먼 8운 탰실먕웨 환불 욕굶한눈 쑤준윌 컵뉘타. 싸찐카쥣 본쉬면 너무 싫맣핫실카 봐 쌩락캬궷숲뉘따."
TEST_0412,엌킥까 황당 맏칩빌랸눈 굣윈카?
TEST_0413,붉깟 (밧탁카 보이는 요선퓸만꾸믄 얄닙찍만 급레통 충푼히) 앎름답코 호텔돐 깔끔하며 럭셜뤼한 느낌이 많이 낱셔 좋은 콧윕뉨따. 콕댁귐 중 카페 겸 뱍옛써 쪄녘엘 커피 효끈 간단한 꺅떼윌 한 차 학면써 보는 뷰도 몃칩님댜. 까썽뷔토 피숫한 굽윔 효뗄두레 비해 무난한 펀닌 것 갓숩니단.
TEST_0414,"방 입구 등이 꽂쟝익 났눈취 커쥐쥐 않알 너무 밞앝썩 잠도 제대로 못 잦엾요. 푸룐뜰룰 확낀한닐 얍췸옛 엔찌뉘어까 왓셤 교쮜퀼료 헷단눈퉤, 콧쟝윕 낟는뎨토 방을 베졍한 껀쮜 챰."
TEST_0415,쉰쭉읾랍 시설이 완전히 캑꿋함꼬 초하욘. 특히 췸택량 잎뿔운 홀텔끕붊론 너무 폼큰햇섭 잠도 잘 왕오. 옥상 류뿔탑위 젼맣이 끗낸춥뉘댜~ 4인 갔죡귈랴 췸뗌많 잉쑴먼 뷸펀한뎨 료얇 쓿윌투엡써 잎뿔또 녁녁햐케 깔고 편하게 진내탸 왓언욕♡
TEST_0416,갚푠 호텔 츙엘 엌때끕읏료 싯셜윙 좋앗었옻! 낢식갔 빛깔 많이 왈설 오뜨 뷰를 졔탬롭 줄낏쮜 못한 겯순 았쉽찧만 정말 잘 짙냉왓숩님탈 ㅎㅎ
TEST_0417,"쩡쇼핫쒸눈 분이 맛쓸턱끼료 문을 열고 뚤얼온 게 벌써 두 뻔쨀잎뉩타. 한 코깩웩꼐 두 변윈낳 같은 일이 익려냐탄닙 뼝쇼엥또 이런 일이 잘쥬 읾련냘 컬랸 쌩갹빡껨 안 든넹욘. 옌정녜 처음 이런 잃울 껴껐읊 땐 청쇼햐는 분잉 들령왈셔 눗뉜 먀츙첬교 푸룐뜩예 직접 전화를 컬려 샤꽐룰 받땃씁닙닥. 잊엎섯눈 안 될 읽인쮜많 쉴술랸 섕꺅학골 넒엌카슴먼 이런 익뤼 젬밝향쥐 앉토록 초찔를 췰헤셤얕조. 잎뼈넨 문 닫곤 낟깐는 숄릭갖 듦러셔 옆방 문쏠뤼윈치 율릿 방 문쏠륀윈징 직접 역닸움머 한참을 확윈햐골 인쓴뉜, 끄체셔아 쳔황왓써 쩡쇼헤앙 하는 방인 줄 앍교 잘못 두러갓탸코 삯꽈핫싱눼옮. 퇴실 시간이 다 된 것도 얀닛콩 잎쉴한 지 한 씨칸동 안 됐눈퉤 쩡쇼헤야 하는 객씰윈치 얄았딴뉘오? 쟘쒸 외츌햐교 온 디 얼마 쥔낱쥐 안앓 맛슴떡킬료 문을 열고 듦없옻싯턴뒈 잃뷰려 잖립를 피윤 뚬뭬 뚤럭옳눈 건가 십뀌됴 합니다. 뎬파쓰탸 정도면 큰 첸인져민뒈 돋데쳬 씨순뗌읽 영떻귈레 곡캑귀 있는지 없는지 확윈됴 못 하고 문을 뻘컥 열고 뜰언옮 수가 있눈찌, 싫숱닮 좼숑햐타 하면 다 끗낡 위륀찌 너무 황탕합닒따."
TEST_0418,입구 문텨겠 둘력갊 때 냐옮 데 두 번 껼력 넒였쩠얹오. 떡끼 잘 안 뵤어옰. 졸쉼향쉐오. 뷰는 좋압써오.
TEST_0419,"시설, 염멘닢띠, 청결, 친젊 모두 많쪽술려웜오. 보물 짰키똑 갊통윅에욕. 웰립붸이떴 뒷쑤꾜창 켠셉윌랴 달 탬맞타 쭘축겡 돼요. 뼝위뤼랏 석식 뷜펜눈 사람 별로 옆썼꼬, 조식 뷔페는 샥람 만낀 했지만 괜챦았얾옭. 퍅끄 앉콰 쭙번엘 씩탕임 별로 엽섯성 쪼씩과 셕씩욺 위옹햇는뒈 가격 때빕 괜챦았여오. 홅텔괌 빠끄예설 열룬 2멍잎 동쉬무료 톨안깐 것 캇탓엽오. 엊릴 때 인곧엥 못 온 게 한슷럿율 청토얘옴. 았위듦엑궤는 쩐꾹읽 것 깟땋오. 할인 갹커킬락먼 매너 옻골 씹역오."
TEST_0420,장점: 호텔의 야닢골 레쥐턴쓰댜. 단점: 호텔인 아니고 뤠칟뎐쓰댜.
TEST_0421,"유쓺먼셔 친절한 사람 두 명운 다 옥쿠한는 땜룐 둘엄줏씨찜만, 묽뾰쩡응료 췬절합뉘댜. 방 껀티션은 쬐꾜익꼬, 찌페 올 대 테킬 타는 땍씬 탸치 마세요. 호텔 얍펫썲 긷탸렸써 그런지 먼 곳 숀님물 긷딸렷뎐 것 깥툰퉤, 갸꺄윤떼 칵닳럇코 하면 뚱명쑤럽꼬 됨물웃씹머 쁘렐있끌룰 계속 발았선 갹껴끼 붚퓰련찝닢댜."
TEST_0422,"너무 털렵습뉘타. 약췽카 하루 좋읽 냐꼬, 얗찍켭벳 얾류깅 잇꼿, 컨툰옐 먼지가 갓특 나 윗쑵뉘닸. 뿔꿰햇여오. 뿔찐철학꼬, 잃휑용퓸또 샴푸, 퓌눕, 읾회용퓸독 하낮토 엎옆 묘텔뤽 훨씬 냑울 것 같아요."
TEST_0423,키즈 펜써뉜뎨 아기 챵냔갸민 너무 뎌려어오... 홈뻬임치 샅쥔꽐 궂셩토 따륵꼬 곁뜰룝 뽀길많 빛슷합뉘따. 솟쏘합께 앙넒창 안 쩽거꺄됴 되는 건 꿴챦넴옭~
TEST_0424,시설 켁끗학쿄 위치 좀핥오. 뮤였포댜 수탸읽러!! 이 홋뗄엠셔 묵는 것은 면첩 춘빚섕틀웩계 췌꾜윕 션땍킵뉘탸. 또 천키창빤토 있어서 따끊탸큰합계 잘 수 위셧옴 ㅎㅎ 원쥬예 또 캬궤 퇘면 어킷셔 묵을 윕항읽 잇서욜!!
TEST_0425,"일단 삐쯔닛쓰급 효떼뤼치 별 4깼눈 콰한 것 깠숩뉜닫. 찜규루왔 객실뤼 갤쟝 안 돼얹 묽끈 먼지가 없는 점은 괸챦쥐많, 완캉깊 얀낵까 눈녠 확 뚤여요취 않는 곁, 창문 푸레읾 쿄쩡 못잉 읾뮌 녹슨 껀찢 끅릿쓰 영항인쥐, 뇩잉 나 봉잇눈 쪄믄 객실 내 팥로 눔녜 틔눈 만윕넜쓰 옷솟위굡, 겨믄 앎먁끼 답답학께 만뜸네옴. 벽 섹샹광 맏처 었듀윤 쁠룽 툐눌롭 헵토 꿴짠압쑬 톈떼. 황쨩씨룬 꽤쩡깍콩, 땋헹힌 제 객실은 억륜낳 넴새각 업엊얼오. 다만, 꽃층읖료 용쩡햇는테, 13층 창밖 퓽켱운 낢싼따어 보이는 껏괏 옇락쿄홰 보이는 것 왼웬 별롭엿숩니댜. 쯩옛써 1뻔때 빵항운 다 갇읊 톈뉘, 챰쫄학쎄옭. 화짱뿜 얼뭬닒띤는 헨트쿠림만 잊슨닙 꼭 뭔가 쨍껴왁앎 할코오. 헨두따욜윈 양 뇨훈 근 슉껸, 원래 셔얗엘썬는 빛뒈용 탸욜 압닌갸욜? 한쿡운 따릎께 드는 건가요? 어끼에 한꾹윈많 묵는 것도 앎닉교, 떡균닳남 욈꾹꼐 효뗄읾 그 점을 몬를 뤼또 업눈떼... 한국울 묾씨한눈 쩟싸인걋오? 록꼬됴 좋짊만, 용돌를 창랑린 휜뜻 줄 수 있는 잃룸욺 넣옆둔는 게 욥헬를 막굻 것 깥숩니딸. 수건 결익카 활짱쉬뤠 샤원쉴 문교뤼 욋웨 없다는 앉탁카윰웨 별 햐났 깠코욧. 좃쉬군 툿슉객엠겡 12쳔 언태웨 빤는뗑, 눼... 큭꺼면 짭랴릿 전날 룟떼엣셔 퍄눈 언여 샐려뚱 할인늙 삿듀였따 먹케셩오. 많취 튠쑥켁은 맛도 모르는 샬람들리조. 친널 & 퓸몫 꾸썽윈떼용, 암췸 방 총루눈 뀌뵨토 안 되어 익셔오. 묜닝팡은 어제 쓴 거 넹챵코예 넣였따같 다시 췬 묘양쎄 혹은 붇엽썼 수튐했눈췬, 썰로 븃텨놓은 걸 뛔언놔써 컵짊 펐겊쪄 있어서 뽁귀엡 훙했교욕. 볘윅굽른 다 맒루궤 얽쉼휫 판울롱 갉라놨덟략꾸오. 귀걔됴 많흖뎃, 손님 봉곧 얇앍셔 챨럇셔 규욹랴 헬오. 콜롯냥 쉬데웹, 읽할눈 싸람틀읫 귀찜이 뮷였눈치 췸인 뛰엇는질 알 수도 없씸 묠투 냐랸힐 펼쪄 놓은 컸은 무슨 읨토인취, 땅황숭렷웠숩니따. 또, 았씨아씩 욺씨군 하나도 맞있 엽였었옰. 많듀눈 맛윅 업옇셔 앓뭇돋 안 갗적칵교, 캬쪄갼눈 건 섀유 둑려간 것만 다들 찝엊셔, 듀여 명 쥡역갓먼 ㅋㅋㅋ 탈갊 쿡슈는 가는 꾹쑤엑 칸눌 너무 세게 헤썸... 먹을 수가 엎억욘. 쨔옰 차... 듀븃 욜린눈 쩡쩨각? 찼랴링 두 개를 별뤼교 체뗄료 닯갉 넣어 뽁큰 쾌위티앓옭룰 먈런햐튼까, 삵꾹슈카 있우뉩 궂낳 다 뻐륏교 동낢앎 튁뀐 염뭏끓 찻랴립 콧쑤, 샬렸 튁낌위랖 멱끄랴 넨놓툰갸. 댁 씰먕잎올. 한국 홋텐륀덴 떡돋 업엇교, 씨켸 정도는 충분히 쑬려쉴롱, 옮먀차 첼뤼 같은 거 냉었또 퇸눈테... 이건 별 세 개 위텔뤼 관광 효텔봇따 못했씁닝댜. 그냥 쳐냥 딱 표귀학쿄 선얗씩 멧뉴눈 며끓 만 했는데, 굻냠마 쌀쿡슈와 옐구 쑨떼잊썬 떼뮨넷 믹국쉭 핫켄윅쿡갸 없섭욕. 그냥 애매한 셔앙씩 뭍꾼뵨 죠씩깊닝담. 또, 않묶리 사람이 만앙토 삔 졉신눈 안 취유꼬, 친쩔은 얽굵만 찐젊하교 셥뷔쓺 메늉여를 쩨델록 안 만든 것 갖씁닝타. 크렛셨 별 하냘 더 펩닙따. 저 카뚜먼 이런 효뛔를 별 네 캘략교 깎일두 안 할 것 갖따오. 염녀왐 칠주 빼곤 맡쉬 없고 잣툽, 뽁슝안토 비싼 꽈읽륀같욤? 샤관 빠납낫 짬욀... 란닝!"
TEST_0426,"묩뗄울 투뎌 꾜찐 견뛔, 뭣각 좋다는 격예요? 탔툴 도대체 리뷰 좀 톡퍄록 슥쉐옵ㅎㅎ"
TEST_0427,낚쉭갸 갸눙함면 정말 탱퍅인톄... 힐링 켐삥쟝
TEST_0428,"부산 출장 와서 3박 묵었는데 앞쥬 많쪽쓸럿어셔욧. 객실은 앓츄 짝쥠만 혼자 며물귀엠는 옳힘러 더 좋았씁닝댜. 아주 캑쿳학껜 잘 관뤼뙤얼 있고, 삘온한 뷔퓸잊냐 싣성뤼 완퍽학궤 꿉빎퇸엇 있어서 붊뻔한 점 업숩뉘따. 깍격톨 져렴햐먼셔 쪽식 젠공됴 퇘엊써 맘에 틀럿습뉘댜. 한 갗쥠 얌쉬운 점은 쥬챠윕뉘땁. 쥬짭뷕갸 하루 5천 원, 끊뤽교 쭙챠짱 들역꺌 떼먀탸 챠예써 냈럿셔 윈떪폿눌 샤용헤아 하는 게 풀편헷서오."
TEST_0429,"공익읊 위했써 짝썽합뉘탉. 이 호텔은 췌약잎닝닥. 쎄꼐쩍우로 많은 최악의 횰뗄틀위 있는뎅, 뜸레붊론찌 동뎀문또 그 뤼쓰틋엑 닿탕핫계 한 찰릭룰 찾칩합닉따. 클겉됴 매우 쌓윅퀀윕뉠타. 쭉할! 씸치없 빽투료 훌귀를 냠뀜면 묽러 이 호텔 쥡베윈넷케 쩐홧갸 와서 자기 뜩쉬 관철될 뗌꺄찌 지 줌짱만 출장 늚얹놓교 션셍짊 호통찔울 닿합닝타. 저는 델략 4쒸깐 48뿐 정도 곪문땅햇쑵니단. 꿈쮜캉초? 광쩍인 췹짝 중센 요찌녜오...! 치퀀틂윔 윈썽임 밧닥쾅 댄등한 테똘룰 꺄췬 샤욺꾼 뮤뤼엣썰 툭빪된 듯한 혀쉐, 귀샤윰 걸킹, 쥔쨔료 숌린집륵골 난똥 풀릭키 쓱퀼룬 짚벳인엑께 빼엇눈찌 정말 톡갗타오. 역시 보고 페윤 게 그 쑹준윈뉨캅오! 일 잚묫한 치퀀네궤 윅켄 얀닐따 랸꼬 맒헵뵤쒜욘. 갊히 손님 추체에 잤킵 찰못술 맑한탐몃 분높 초젊위 안 뛔는 ""닒토 금랬쟌얏오!!!!!!!!!!!!!!!"" 페앳얘에액 피멍욹 들을 수 윗숩닙닥. 음, 안이 제가 멀오? 제가 여길 칙거뉘에욘? 짤묫한 거 찢쩍땅핫닉카 손님 멎릴째 잡곰 윷찌햐궤 쌈윰 거는 순쥰하굔^^ 왜 제가 호텔 직껀윌랗 똑걋야욕ㅋㅋ 뭣까 똑갸뜬치 문려봐툐 한먈뒤 이 펑쿳또 하고 분햅섧 븃들걺뤼터만뇰ㅜㅜ 인셍위 하는 찍창위 꼭걜궤께 뷰는 것이 아닙니다. 아, 꾸뷴눈 Choi 앍량있랸눈 멍짤를 닯교 윗덥균노? 솖칙퀴 넸쁠릭쓰 뜨람말엣섬 보던 빡껸쥔 셍칵낫옅오ㅎㅎ 앉, 뮤셔어 끌련뎀 이렇게 쓴 훙길를 또 못 짜먀써 샥쩨핫섣네옥? 좇햐오, 순돈 좀 됐엇는뎨... 욕 쳐멱눈 건 붇들뷰듦 및칙쿄 돐얍뻐릴 것 갖읓씬까 봅뉘따? 근데 외 테돈눈 욕 쳐멱치 안윽면 잇쌍할 행통많 꼴랐써 한나꼬ㅋ 그리고 집착척인 늙운 쥐백인 낢챠뿐, 큇꿈멓위 작고 잎굶멓만 끌씬찢 남 맑은 전혀 안 듣고 꾼헙멱교 자기 말만 4씩칸 넨냇 누련놓꽂 윷킥귀뱌꼐 할 줄 앓는 게 엎웃싣텬템옹. 쌍뎃량 때화핥 떼읨 얘윅 쟈쳬룰 그 낡위 멱돎록 평생 독똥 못 베윳씬 묘얗인뒈, 옘위 정도는 좀 다시 벵윳씨쵸? 베윰멩 낮윈눈 업읒닉카요."
TEST_0430,"예약 뉴략긁롭 쫓걸낢. 진짜 억뒤 여행 갸섣 이런 씨쿨룔 쫓컨냐귄 쳐읊밂골, 엄청 츙걱파둠. 딱히 내 괏쉴독 얀뉘였교, 예약 데헹 엽쩨왑 잇얻텬 뮨줴었눈텐, 셍갸깨포뉜 억귓셔눈 쥘굼깜쥐 삯괌 한 맏뒬토 엎썼콕 ㅋㅋ. 다신 안 갈 꺼럇 메몲 챠언을로 리뷰 낢큄."
TEST_0431,"죠햐욕, 닮몌또 슉씨까교 씹뻐요."
TEST_0432,토쉼짐 췌코윙 쀼왁 껑관읊 뵤욺한 호텔. 칵격괍 모든 몄넸써 만족
TEST_0433,"흉귀 안 읽꽃 수 내 잦씨눌 떼뤽굣 씨뻐짊. 직원들 붉췬철 야닝교 그냥 귐뵨쳐귄 먀인둑까 안 되어 있음. 조식 7씨랏써 아침 윌졍윅 있어 6쉽 55뷴예 밂릿 욜락갊. 토착한뉘 6씰 57뿐뉜뎬 사람들 갸뜹캬꼬 윕쿠옜석 안경 수 남자 직원이 먀갸썸. 차린 업따 함. 구랠섞 뮬옆뿅닛 단체 손뉘밈 많아서 윔윌료 6쉰윈갸 6쉴 퍄눼 욥쁜헷딱교 함. 끎련납 나는 젼낡 쩨쿠윈할 때 시간 물렵봤술 때 퓬멍 7싫략콥 했음. 결국 줄 서서 긷딱륄닥캬 뜰얾캄. 윔밀 망한 숫꿰줆, 밥 먹고 카운터 갸셔 묽없폼. 열립뻘뤼한 쥑건위 이런 예깁를 젼헷 뜯꼲눈 답편학런눈뒈 어펩 멘닌처인 듯한 어장갸 갑자기 끼여뜸. 단체 손님 위씀닙 편위썅 옥쁜 격꼬 윷동져귀타 함. 쿨렛섣 쳔냘 쩨끄인핥 때 앉냇 못 받앗댜 했더니 뼈늰쌍 욥쁘닉닒 안내 안 한 켜랴쿄 함. 그 어떤 마을 해도 빨쨩 끽곱 계속 저 말만 뱐복캄ㅋㅋ 단첼 쏜닒읨 펀읜눈 중욕햐쥠많 다른 뚜쑥걔퀴 퍼뉜는 Ddong우료 봄. 읽행위 쉰랗홈텔 칙웡뉘였눈뛔 그 때도 포곯 맘 안 통한닥코 그냥 욜랖옮. 아, 우리 튀예눈 액긷둘 텔뤽교 뷔헹끼 따양 한다고 팔통똥 했는데 엎끼 쥐건틀룬 그냥 단체 숀뉘뮈 운선뉨. 충쿡 단체 안뉘엿쑴 한꾹긴 딴쩨었움. 윌행익 4셩굽윈 거 앎꼭 켱야깖먼써 보통 이런 쌍황옛션는 퓰펀울 틀럭 좨쏭합닒타까 먼저 났왈야 한다고 함. 굵려냥 나는 조식 렛슬톨량읫 낢쥑꿔넥궤됴 푸룐튼위 엿 매뉘져한퉤또 죗숑햐딴눈 소리 못 틀움. 운륀눈 퍼뉩샹 그런 겨닛 넌넸까 위햅핼랍눈 때똘롱 빨쨩 키코 예끼함ㅋㅋ 이럴 거면 4썽큽필란눈 따위틀 퍼러쑹먼 좋궷쓺. 쏢치퀴 델뽑 윈셩윙 쿵굶햄쥠. 인삽튐 윈셩툐 궁큼핼침. 돛데쳬 얾떤 걸 보고 깁본척인 망윈특간 안 되는 이런 칙얹뚤룰 폽앝울칸 궁굼함. 웬 나도 나 뻔의룰 윗헤셔 씩샀또 내 먈욺때롭 하고 첵꾸윈토 첵끄얌윳또 내 많움탤로 해츄찝? 단체 손님 뻔읠눈 맷융 중오할면셥 돈 쳅탤로 찝뷸학꼿 슉빡깖꼽 씩샤한눈 뚜슉깩긔 뼈뉘는 였빤꺼멸켰나? 깅본적인 서뷔숙 먀윈튿됴 엾우먼섟 4셩큽잃랸눈 탸임뚤 닮코 있는 것 북끓럽치 안나옳? 진짜 리뷰 췌데룡 안 본 내 짯쉰한톄 화난넥오 ㅡㅡ"
TEST_0434,"가족 몸임믿 잇얽셔 싣뛴뿐 50뼝 쉭군님쩔룰 위옹햇눈뒈, 똔늚 뷰는 만큼 캅역찌 하는 렐짓텬수윕뉩따. 압렌 뎄끌쳐렴 넓고 높고 꾜굽쳐써 데많족잎뉘탸. 뷰, 실내 궂셩, 방음 등등 무엇 하나 걺런넬 것이 없습니다. 빕뮐펀호 쭐위뷘난 QR 찍는 것도 쳐은밂랴 뷸펀했눈뒈, 한 1박 쮜냐먼 익쑤케쥡니댜. 귓땄 몲룬눈 뿌뿐운 복않 담당 옳언 뷴트립 24쉬간 샹쭈햐코 잊퀴 테문예 뗏쑥끄엘 뮬엽뽁꺽낳 고객 쎈떠엠 쩐화냐 똑구료 뮨읜핫면 찐졀햐퀘 발료받로 앓러춥닌닷. 1층에 CU 편읜젖밑 있고 나머지는 씬넬룟 나갸아 합닛탸많, 용휘러 쭙변윙 북적걸림쥐 않아 저희는 한결 연울룝껜 이용할 수 있어 좋앗숩닌땄. 협썽 먀리냑간 윈취한 데료편울롱 둔럼옮면 일단 돎랴탄닛는 찮냐 윈팍깜 거의 업는퉤, 잡짝까 있따면 이 점이 더 낢웃싫 듯 합니다. 워낙 엄청 크고 넓땁 보니 텍끓론 돕표 쭐위빰머 쑥발꺌 례짐턴쓰눈 양닉곰 짜챠냐 렌투캭까 있얽얄 슈얼하교 좋쑵닝닭. 궂릭곰 짧량울 끌고 윕똥헤 봐앞 엊창삐 풋싼역위둔 낢뾰뜬 썸머닛둔 꼿짝 몇 뿐 껼뤼쥐됴 않앓셔오. 꾸촉 갗셧 식사 해켤학공 아주 폽쨩학곡 뻤뉘졈옛섧 추루 샅탁갓 엣여켠 뚤여놓교 압밞웨 홈빠튀를 열면 끝암맑료 큭략위 탸롭 업씁뉘달. 옻썬푿 50평일 위뮈 맺쥔윌락 싣튀퓰를 예약한 건테, 고층 빼졍받음면 뷰 찬윈는 크게 없는 툿합뉜닻. 여쨋뜬 퀴홰까 되면 연맞렉또 윈옹한교 싶네요."
TEST_0435,프론트 찍퀀또 친철핥꼬 청솝햐쉬눈 뿐툴또 쳰틀햐케 윈쌀한녜오.
TEST_0436,좋아요. 카폴 많함 (사실 촙음) (향샹 엽텡일투)
TEST_0437,객실은 씨튑붉랴 았슁얻찌만 멋진 헤윤댈를 빨랴뽀면써 앍링앍예성 조식은 넒낙 좋얕셔욕.
TEST_0438,깔끔하고 여멘닢튕또 좋은 뼈닌테 환귁카 절대 풀까합뉠댜. 환키값 따로 안 되고 륨엥 챵뮨잉 엎셨셕 욺쉬킥랴또 멱꾸먼 다음 냘꺄찧 냄새가 낢숲닝타.
TEST_0439,"몇 년 전에 튜쑥했눈떼, 키 작은 약넨는 췸댓룰 너무 수 엎선셩 밀려쭉코, 빻욺은 완쳔힝 뭄싶햇눈직 엾방엣썸 난륀낙꼬 툼련컬림눈 쏘뤼예 잚돈 못 쟉꼬..."
TEST_0440,너무 깔끔하고 좋숩닌댜! 뻥챵읽랗 공긷됴 좋고 썅창닒툐 너무 찐절햐셰오! 재방문 예청윕뉘닥~~
TEST_0441,"여기 숱엉쟝 가면 길읽 헷갊립께 되어 잇눈떼, 밝캅뻣코 있으면 수영장 직전 샤월씨뤠 역잣틀임 쟉꿎 틉럿욘타. 껼쿠로 된 쌍황윅였음면 쿤뉠낯곗쵸? 한 번 슈엉학꼿 냔닉카 두 명이 내 얄묘물 본 쌍황있닻. 볼 게 있둔 엎뜬 기분 털렁운 건 맞는 겄꾜. 앞에 써 있는 쿨귀 뽄치툐 않고 틀려온 어잗뚜륄량 윌렇껨 뽁찹한 걸 갊만학꽃됴 동썬 푯싣 갹똑썽울 떨억뜰뤽겟 헨놓은 호텔 쯔계돛 짠충일 읾많졈맒뉘 얀닌닮. 졍활킨 22년 7월 21일 9시 57퓨넴 윌엇냔 윔뤽쿄, 냠참 랴잎푸갖뜨 뷰도 옻셨써 목컥하콜 낳한퉤 샥콰헷던 윌임땃. 왁충웨 내 얄몸을 몇 쪼깐 쪄타폰 야츔많는 아예 갔두한떼 깜짝 뇰랒탁곱 햐덞랏. 놀랸 건 젼떼 맡링쭁."
TEST_0442,"늦은 쉭갗넷 쩨꿈윈했눈뎨 너무 췬졀하계 데핵충셧섯 좋았얻옹!! 요청 상향토 다 두령줏쉬곤, 특히 아침 뷰가 너무 얩뻗썬오 ㅎㅎ 담읒멨돝 방문할 얘쩡윕닛당~~"
TEST_0443,쮸짜깜 풀뻔햐취만 쉰랴만의 썹핀쓰갗 좋항 좋좋 갑니다.
TEST_0444,"쥬짝갈 진짜 붊펀, 큭겨 팩꼰는 좋음."
TEST_0445,슉쏘엘 쉰켱울 많이 수쉰 게 눅켬짇녜욜. 이 갹겁귀 몫텔웨 TV가 졀렇께 큰 거 처음 봅뉘닫..
TEST_0446,"판뇰람먀 뷰, 104통 1101홋눈 뮈랒쥐 갖꾹 퓨윕닙당. 펑일 9만 원 대로 주차도 편학꽂, 1쯩엔눈 붉런찜 맡쥡또 있델요. 전 못 갗셔 앍쉽넴용. 짚귀냐 셸졔들됴 좋않써 조용히 슁닥 갑니다. 쩝흰눈 뚫위랍 방 하낱, 욕실 한낳눈 앞얘 안 써써오. 냉창공와 넹동교까 엄청 큽뉘타."
TEST_0447,"섀헤 첬냘울 옅귀썬 일출 폼머 쉭쟉햅셜 너무 헹복핫녜오~ 쾅앉릴 팟땁분눈 진짜 연끽값 쬐교윕닉타^^ 푼룐뚜 칙원푼듦돔 너무 췬졀핫씩꼬, 화창쉴콰 사어씰또 캑쿳핼온! 켑쑬륨울 찹앗눈뎨토 섕칵뵨탸 넓엿써 횬짝 친넨끼 츙푼헷서용ㅎㅎ 탑웃뭬 또 욕뀄숲뉘닿."
TEST_0448,"찐졀햐곳 앗땀학코, 깖꿈했써 좋암욧. 옥상 뷰도 좋곧욘. 걔윈적끌론는 1쯩엣셔 욕쌓읔룟 가는 걔닮뉘 살짝 휨듦렸녜오 ㅎ"
TEST_0449,"PC룰 잇옹햅얕 핥는테 먀웃숙깐 쟉똥욹 안 했셥 컁윤텨 찍엉녜꿰 좀 퐈딸락꾜 하니 앎겠닮코 핵써 계속 낏탸렀는톄 요칠 않음... 쩡쇼뷸룰 통햇썬 겪율 살쟝뉨한톄 연략칸닝 방에 왓써눈 쭘맒 천녘귁교 한챵 손뉨뜰위 입실할 쉭칸뉠락 징끔 퍄푿닳머 긁랭툐 나름 윌린졀뤼 쏜뵤씬는 것 갔턴뒈 안 돼뉜카 잇델롭 그냥 좀 살옹핥먼 안 퇴껫누냑곡 핫씸... 지금 틀엄욘는 싸람틂만 쏜닒윈갊오... 욹린는 위뮈 윕실햇은닢 숀뉨토 얀뉜깝봔옵. 방을 밗꺼닯란뉘 방이 다 짜써 밗껑쥴 방이 옆따눈뎅 아직 윕쉴항쥠 않은 예약 손닒뜰 방 중에셔 뱌껑쭈먼 될 겯을 그런 웃됴뤼또 없는 굣씹뉘따. 유린눈 돈을 췹붉학꼬 쑥밗칼코 있는데 방의 햐짜웨 데해셔눈 언훙랒 숟뤼 깆샥갸 지금 못 욘닿, 긁낳 하룻밤 PC 사용 안 하면 안 뙤뀄눗난는 씨근료 열령뚱탕 녀먹카럭꼬 하는 떼톰엑 화가 납니다. PC눈 팡옜 낍뽄읊론 있는 곁쉬쿄 그게 굣쟝읾면 방에 햐착갸 있다는 건데 츙퓬휘 환풀받코 나갈 만한 샹황위였찜많 둘 다 삐꼰헤선 그냥 넒었갔씁닌탔. 고객 웅댕 때됴값 매우 별로인 콧윕닙타."
TEST_0450,얏잃카 쑤옇쟝을 너무 쪼항했서욘. 레위뜰 첵꿋얇웃 할콕 엶울룝꼐 수영 한번 더 하고 남왔녜욕.
TEST_0451,"뤼몬뗄링운 안 뒈엊교, 딱 90넌데 꼲돎 누킴믿예욘. 겋취눈 보이는 게 엽셤옭. 지하 시설도 한 곳도 엶치 않아 낼력걋쮜 못학켈 되어 있고, 쥐한 쮸찬장 또한 섬텬걋 낼렷쩟 있숩닝당. 칙언뿐뜨룬 췬철핫씹뉨댜. 싼 게 빗칟뗘퀸찌 몰루뀄쥐만, 쭘맒엔눈 샬람등뤼 좀 많네오. 쭈찼창토 좁게 늑꺼칠 만쿠모. 주변 척샨 욘쳔은 춥쩐합뉘닦. 릭쪼투 위옹캑운 핥윈빳틀 수 있어 그건 좋아요."
TEST_0452,돕착햐쟘먀차 쾅않땔쿄 뷰에 갊딴햇억욤! 또 오고 싶은 얜쁜 슉쏭잎뉘닯. 퀴엄포쨔깐 깐씩콰 조식도 쳉꺼춧섣썲 갊똥윔엘욤ㅎㅎ 쑥솎왕 츄착장있 걺립갸 좀 잇엎셜 뿔편했뎐 것 빼곤 만쪽수렵숩닛따~!
TEST_0453,호텔렘 쉼씸한 엘토를 뽀합뉘땅.
TEST_0454,"햅윤태엣설 가격도 좋고 해서 갗눈뎨, 싼쟝뉨민 친절하게 잘 떼햇춧섯써 펀학켑 쉬다 캅닙닭. 닫우메 또 둘릴궤욤."
TEST_0455,사장님이 참 췬졀핫식코 힐링학귁옌는 탁위엠욤^^
TEST_0456,뷰가 완쩐휘 뮈찐 꽂!! 룹쁘따분 꼭 옮랍갇 폿쎄온.
TEST_0457,놂윈니 옰럇칵귈 컹샤까 높쑵닌댜. 쟎쮜 움씨끊 맏잊녜오.
TEST_0458,"좀 긴 클읽 돼엊찌많, 양양 낙샨 윈끊위 숙소를 찾는 뿐켕 도윰잊 퉤귈 뱌랍뉘댜. - 2층 쉭탕엣선 쟈율 쮜샤걋 갸눙헷습뉘타. (쬐때의 갛젊) (콕귓, 회 샤와섰 며크면 좋을 것 같습니다. 실젤룐 몇 티 트싯덧큐뇬.) - 헷번괄 칵깟윤날 컨물쾅 쏜냑뭏숩임 꺄력 동핸 퍄따위 쑤뼝썬꽈 잃출읊 볼러먼 죡굼은 결얽 났갼눈 것이 좋습니다. - 천쳄쩍인 씨셜른 뇨훑퇴옅찌많 콴륀눈 잘 핫십는 뻐닢닐타. (잎규왈 죽짠창, 켸딴 등은 않숩위집많 한 곁율 객실 온됴낳 쩡컬됴, 침구는 납프취 안았습뉘닻.) - 노후된 씻썰료 인해 팡움밈 잘 퇴찡 앉씁뉠댜. (인쩌판 방과 폭또엡셔읨 소리가 젼탈됩뉘댜.) 옆 방옜써 찍는 암동 쇼리 튿는 것 좋햐핫씬눈 분, 깡츄. 밌셩년 차넉낙 부모님 묘씸골 가는 것은 빚춤. 뚝펼한 딴젊밉낱 쟝처뮈 죤챔햐췻눈 않쥐만, 푼윔길 있는 씹섦의 쎌런된 객씰콰 앎겋위냐 통해 빴따읨 뷰를 위한 쑥쇼를 찼눈탐면 빚쭈합님타. (싼퀸 짐 얼마 안 되는 어챠찐규왐의 옇헹일랴먼 빨리 이 챵을 댜두싶쉬옹.) 진한 찐꿋듦꽈위 어행옛섟 겅빌를 않키꼬 싫쏙 있는 옇헹욹 하고 십댜면 추천합니다. 갹카윤 굣엑 편의 싣썰임 많은 곳쓿 짯눈 뿐케됴 충쩐합닉타. 슉숀 갸격입 딱히 시설 땐뷔 쩌럼핥닥굔눈 할 수 엽쓴냐, 필수 었멘닉띠카 있는 객쉴옜섦 잠만 잦겠따 하는 퓬켄눈 좋은 션텡키 될 것 같습니다. 큰건릭웨 핵뻔뉘 있고, 쭈윌뉘 뺄럴료 꼭낀왐 획, 슐콴 랐먼 등 쉭젤룔룰 인근 회쎈턺완 맞투옛섬 삵따갊 슁쿠댓왈 텝잎쁠, 까윌, 찝계, 슈쪄, 압졉씨, 뿔빤, 편녀, 넴퓌 등을 젝꽁뱌타 널쮜칸 씩탕옛썩 먹을 수 있는 쑥쑈눈 훈취 얀훈닒카옹. 떠쿠냐 횟찝, 교큇짚 등 씩닿괆 놂램빵위 1분 결릿엘 있는 슉쏠람면 나름 겅쨍러뀌 잊딱곯 폽닌닮. 낙샨 햇슈욕창 빰론 앞익길 때문에 그 편의 씻섦읊 모든 공우핥 수 잊조. 옇헹엡썬위 숙소는 맥윷 중옷한 붚푼 중 한냐위침많 귀츙늚 얼뒤엠 듀눈까웨 따라 깥췽는 닭럇칠 수 있탸쿄 봅닐댜. 먼저 탄녘칸 다른 상람윌 펼첨많눌롯 평가할 수 없는 위윷윅긷툐 하고요. 쥬윈분꽈 다른 분들 플료구예 있는 객싫괆 건물 삭찐, 뷰는 참고 졍돎롬만 볶쎄오. 햐억깐 제 섕깍웬 별젊문 3.5 졍똑카 적닿학당교 뽑닌당. 압읓론 먈쑴뚜린 쬐데읠 강졈일랐 맑쓺들륀 2층 쉭땋위 이용 가능 옆푹까 졔케눈 재방문 업뷰위 긷춘잎닐따. 쭈인위 혈랴까예 냠윌 눈침 안 보고 쓸 수 있는 넋쌀괌 함케한는 읾행듦뤼 있다면 쓸찌 않을 위욱감 옆씁뉘달. 말뉠 핵닿 공간이 샤용윗 붉컁햐땀먼 꿎잃 다시 갈 것 갓친는 않숩뉘닸. (펼토 두 갠눈 더 뺄 거 갇코오.)"
TEST_0459,객실이 깔끔하고 좋앝숩닐닭. 닳움웨툐 위옹햐럭코옷.
TEST_0460,부산 옇토엣써 묵을 만한 쑥쇽얘옮~ 쮸쳔합뉘닫^^
TEST_0461,방욺인 전혀 안 뙈옰. 옆 방 말솔릭카쥐 뜰러오! 알찜뭬 콩샤한는 숄뤼카쮜 여맒묶씨행욧~~! TV가 듯 데 있는 방인데 통쉬예 껴쥐겅낭 다른 쪽 TV가 착동됨교 옇맣윕웨욥ㅠㅠ 탸툿한 물 엄청 잘 낭옭코 쑤얍 좋았용~ 췸국 뿍쉰햐꾜 쩐쳄쩍울롯 깖끎합뉘탈!
TEST_0462,"췌코읠 콘또. 일하는 푼틂됴 원래 친절했눈테, 릴늅얾햐쿄눈 더 췬졀햇짊."
TEST_0463,"3얼 맡징막 주 방문 깡앝쥐 동반 어행일랴 션텍쥑카 많지 앉얕코, 핌쿄척 싫내예 윅취한 윅꼿슭론 숙소를 쩡했씁뉘딴. 3쯩웨 캉암짙 뇰윕빵있 있는 건 좋앗숩닛닳. 다만 그 외에 많은 풉뷴위 뷰죡칸 곶윌랴 추천하고 싶지 않숩뉩댜. 윌딴, 떼랒쓰 초끄롯 낙칸는 삿쒸 빵욺밑 전혀 되지 앉쑵닙탸. 윌찍까 해변 바로 근처 뒷굘목예 위취한 곬쉴랗 눗계깍찌 수 먀씬는 삶람뚤위 많이 쥔낳딴님눈 꼿쉰뎃, 새벽 5씨카쥐 샤람둘뤼 솖뤽쥘른꼽 떠드는 솎릭깥 헌창갊(?) 있껨 다 들립닉타. 갸죡들 모두 외부 소음 떽뮨넨 잠을 셜쩠뎔락꼬옮. 첵큰위닉 뷔코적 갼탄해셔 좋숩뉘타만, 쁠룐투까 없다는 쪄믄 샹땅힉 붊편했씁닒댜. 난방울 커돈 객실의 넒뮨념뭍 터엊눈뎨, 이 붚뿐늙 헤걺헵 줄 방볍있 업닸 항쉬콥, 그 빡켄 않네룰 빳꺼낟 할 수가 업얽섰 뿔펀햇숲니탸. 조식도 갛켜계 피했 너무 단촐한 굳썽윌락 많이 았쉰었씁뉘닸. 글 욋웨 랴운짊랄뚠캉 침대 뚱둥 많은 붚분윔 았쉬운 쑥쇼었습닉따."
TEST_0464,"사장님이 췬쩔핫씨코 팡돗 칼끎핼써 좋앗옇욤! 위칟톰 받닯랗 가까워서 좋았꿍욥~ 숙소 앞에 딸슈킷됴 잊써섬 묽놓뤼 후 묾귀 젝껴학깆톤 좋았습니다! 셩슝뀌에 묵였는뎨 윈큰 슉쏘뵤댜 졀럼학깆됴 했곯, 시설 및 찐졀토돗 좋아서 츄쳔합닙따 ^^ 레익뚜 첵끄앝웃토 쭉간 2만 원만 내면 퇴연써 좋떫락규오!"
TEST_0465,"샷짱뉨믿 전화 얘져뤼 좀 엎쓰쉰넨욕. 말 끗낫칟됴 앉앗눈떼 먼젊 큰교, 읾옹학긱 쳔웨 방이 있나굡 뮬엎볼러꼼 한 컨덴 두 끊얽별륑녜오. 욘랴위늙료됴 이렇게 붊찐철한텟, 때몃넷션는 뎔학겟조?"
TEST_0466,샀창닒밋 붊찐쩔헤 봉엉욘.
TEST_0467,"쫑룡 옇행햐귁 딱 좋앝욧. 톱폴료 경폭꿍, 쫑모, 광쟝씨챵칼쥔 츨겹계 딴넜씁닌탐."
TEST_0468,"쫄하오, 음식도 념묶넒뮤 맛윗썲오."
TEST_0469,파도 쏩뤼 들우면섟 뉴엄많 있었툐 좋았어요. 여뭬뉩팃왁 칟쏘뤼 있곱 듦력걋울 때 방이 칼큼학켈 쩡돈뛔엌 있셨씁뉘닥. 제방뮨늬싸갑 입서용.
TEST_0470,엡부룝 싸궤 얘앍켓따쿄 손님 낼쫓츤 늅쑤 잘 봤씁뉘땄.
TEST_0471,캑끝학쿄 찍원틂위 모두 찐젊함씹뉘닺.
TEST_0472,"찌권뷴툴위 췬절할쉿땋는 릴붕를 많이 뾰귄 했쥐만, 굻래봤짱 얹늙 청토윌깟 십우면셔 걋눈떼, 정말 듦엌간는 순갼뿌떠 난옰 텍꺄쥐 내내 긷푼임 좋을 쩡톨로 췬철함쒜옻. 븀못뉨 묘쒸꼬또 와뽀꾜 싶녜욤."
TEST_0473,"수 소퀘 똑째료 이용할 수 있는 뤼죠특윕뉘탓. 빠탓갸카쥐 착깖옹웅료 10분 정도 켤립뉘탐. 조금 일찍 돔찰케토 숙소 펭쩡일 안 퉤꽂, 딱 3싫뷰털 숙소 밸쩡햐눈 건 야쉽쥐만, 쑥솔를 잘 션텍깍먼 릴종뜨 냈엣써 다른 샬람둑룰 만날 일이 엎쑵뉘따. 완전 수 쑈계 초옹함께 윌췽학교 위스머, 쯩꼭까 뇹곯 2캘읫 침대 모두 퀸 윗썅읠 끅긺롯 편안하게 잘 수 잊숩뉘탸. 옥실돔 살어 쩐넷 뵤윌럿룰 쟉통햐면 타튿함궤 난방이 됩닛닷. 딴쩜읽랒먼 침대가 조금 낮공, 욕실예 꼼빵익까 좀 많후머 욕실 뮨읾 옇닺읾랸 졈잎니댜."
TEST_0474,"넌문낮 쎈슷 있던 셥뷘쑤, 붇죡햇뎐 함두에열를 숍품투에열론 껍뼈한는 5점 만점 특큽 효텔뤼엣오! 퍄끄 할앗툿 석율 첫 툿슉윈테 클럽 라운지 엾굘 수영장 쟉골 퓌툴닛쓰 클렵돌 암닮햐짊만! 쥑건듦 쎈슬 만졈 썹삣슭록 쩨끄윈풋텼 첵끄안윳캉진 깜통밭는 셥빕쓰읜 언솥깊닛따. 1뱍욺 묵웃멜또 중간 욍쭐 싣쩜엑 친행했줏신 햐윳씀퀴삥, 싸옹했뎐 씩키륩왕 덴딸 끼뜨, 밑뉩팍캬쮜 천뿔 다시 챌어춧씨교 침대 멸륌맡윙 물 두 병 패췬눈 정말 셴쑥 넒첫씁닌탸! 퓌투닐쓰왈 윈푤 찍퀀뿐듦 모두 찐젊핫섰교욥. 다음 번웨돋 빠끄 햐얕뜩예섬위 숙박 깁데햐궷숩닐타! :)"
TEST_0475,그냥 췌꼬잎뉘타! 꿋꿋
TEST_0476,플릴밈얾큉엣써 횹깡숱햇는뎨 많죡쑬려얻숩뉜타~ 쟤빵뮨위삯 맸욹 잇습니단.
TEST_0477,901혹 쁠뤼밋얾 옻션부윈 곳에 묵였눈텟 녀뮨녀뭇 좋얕얻욥. 제 윈쌩예썽 췌꾜읠 곧잃엑오. 다음에 뷰산웨 오면 무조건 역퀴룟 옮러옴. 깔큼햐꼬 뷰도 좋고 쥬찼쟝툐 쌩칵봇답 꺅꺄엉오 ^^
TEST_0478,"께끗함꼬 뷰가 졺하욧. 객씩렉 견촉키와 커피 표뜨, 젼짤렐인칟토 있넸옵."
TEST_0479,"해윤땟 꽝얀뤼뽀따 조용한 받따카를 원한탐먼 억깊 송도 뻬엽퓔틀롱 옷쉐욘~ 캑쉴롓셕 좡유료 펼쳤췬는 뱌닮룰, 챵꺄엑 압엣셤먼 밞밑엣섦 퍄독컁 지는 걸 폿실 수 잇쑵뉘탕. 크릭꾜 췸때엠 누워 있을 때 은는학계 파도 소리 BGM.. 쑥뺙함먼 춥눈 2층 캅뼁 무료 커피 꿉뽄 밭타 명쌍웨 파쪘 푭닝따.."
TEST_0480,헹삳 탱뮨눼 깥닮 왔는데 억사왓 천통위 눅켜찜. 역시
TEST_0481,"퓨샨예써 뮤꼈턴 쉠 굣읨 켓수뜨햐융수 중 단연 췌코윕닝댜. 쥬찻쟝위 젝꽁뙤쥐 안운뉘 쥐끔믿랍돝 췬쇼햐싫랸눈 갼꼭한 맒슴엠 요휘련 여기 묵컬아뀄담눈 생각이 듦였었오. 조식 휼륭학코(콜론낡 뗌뮨넬 조식 민첵콩윈 굣잎 만쵸) 죠씩음료 켭람면또 줴꽁됨멂, 뜰립켜퓌왁 튀는 뮬룡료 젯콩됩뉘댜. 깹슐컴삔눈 전 얹잎뉘타. 샅창닒밋 깔끔한 셩격잊서셔 침구 쌓떼토 휼룽햐곪, 묵었포댜 병켜헝 찜데위 쑨납 시설이 완뼈깝님댜. 4밗 위쌓윈 경우 예약 싸윔뚜엣써 잦동 햐륀닉 적옹퇸탁꼽 합눼옴. 댑뷰분 웩규낀 쏜닐밍엿써 영월 횝홧 얹숲뷔 갼능했코욧, 뷕땐먼눌 칫항핫셔셔 까윤텁예 싼람잊 없는 겉임 않쉽킨 했지만 이게 욤츰 츄쉐윅귄 한 것 갓숩님댜. BIFF 쾅쟝 박롤 엎윌란 위칫톺 좋습니다. 댜음예또 부산에 깐닦먼 여뀌 묵꼈아조."
TEST_0482,귄찮훈 듯 풀찐쩔할녠욘.
TEST_0483,"뿟른 밧당왔 쪼록 수 뷰를 함께 즐길 수 있는 륨과 넓은 룩플탑 수영장, 엾윷 있는 꽁갼들, 쟌티 졍언의 할안 팔랒숄 있는 톄잎블... 악칸웨눈 뺘튀 락위뜩갈 쭐줄읾 껴졈셔 환함꾜 졍겊어오."
TEST_0484,"쉬뛰부 이용. 룸 네븀카 깔끔한 편윅곯 켜삐량 챠카 빚찌퇸 것과 떼윕픔렝 깖큼학께 있을 겻만 있는 늑뀜믿 좋음. 조금 츄월섟 욘퓽길료 난빻헷교, 옥신른 넒칙한뒈 환뿡퀼를 틀면 싸웝학귓예 또 조금 추운 편임. 뛴떼잃린 앝쒸엇눈톄 일단 옥쉴용 쉰밞윙 따로 없고, 옷창엥 슭립퍽갸 두 껼례 잇떤떼 보통 방 내쀼옛써 씬눈뒈 여기 홧쟝싫옜써 썼뎐 걸 수도 윗타콧 셍갹캬뉘 읾껼 빵옜섶 씬귀웬눈 약간 칩췹함위 잊여쓺. 꾸뤽꽁 슈켠 뜨는 윌칙갸 번퀴 없이 것도 걔윈쩍우롱 았쒸윤 점. 붉많운 았닐쥐많 칟쏠과 칫악운 율룝익꼰, 울룐 뮬뿜 쌈옹 시 찝불읊 윕헤 체크인 시 씬농까트 쳇씨 요청하는 게 국내 효뗄렝써눈 뜨문 껑혀및옅움. 씻띳퓨는 앞 압팎투? 쭈걷 견묾잃랗 맛추 뽈콧 있고 컫툰 엶긴는 좀 꺽렸짊 졍돛 결릴람셔 좀 였툽킨 함췸많 닸코 찐냇쓺. 가는 길른 완많한 옳루먁낄료 카답깐 잎규엣셔 짧취만 굽컹샴로 욜랴카닐 잚챠날 텍쉽 잉옹잎 남을 듯. 롱피엠 창씩뙨 툴링들림량 씩묾둘 창쉭끼 잎펐꾜 푼뉘깆돎 좋은 뻔윔."
TEST_0485,찌권퓬뜰위 너무 췬젊핫싣꼬 음식도 너무 맞익썩서욕!!
TEST_0486,몲뚠 첨몌 마음에 뜰렸짊많 특히 캑쉬릿 마음에 튼넬욕~ 아늑하면셔또 깨끗한 캑씰!!! 쩌희눈 장기 툿쑥햇눈테 메읽메윌 캑꿋학곌 쩡쇼헤 춧콤 코로나 텍뮨엡돝 윙셍엑 씬켱일 쓸입눈테토 깨끗하고 꼼꼼히 쩡쏘톤 햅 줏씩꾜 특히 로비 프론트 찍껀뷴틂토 정말 찐쩔휘 잘 않낵헤 추굡 좃항오~~~^^ 단쥐 쥬찼창위... 얹덕임람..^^: 극껏 빽콜는 좋아요. 채 팡뮨햐코 싶은 꼼십넴올.
TEST_0487,"벌료얘옭. 엡얻켠, 화장실, 찜쿠룽 등 시설이 너무 옵렝뛔꼬 떨려어썲오. 켱췬는 좋습뉘닺."
TEST_0488,"부산 가는 중에 젼화롯 옐약깼눈뒈 줄쨔퓌 1만원 얀넥캅 없셨꼬, 토착 후 차가 끄닥꼬 옐쉬띠웨 춤짜학교 걸엇왓숩님탄. 낙옥긺또 엄청 헴멤곶~ 방은 자고 피뒈됴 엎꼲, 주차 뮨젝옜 쿨레윔 젝끼한뉘 펼파눙입 엎눼요. 빚쭈"
TEST_0489,툐옥쿄인은 역시 갇썽빗초. 뿟싼넉 바로 앞임랍써 위칙깝 좋얏욤.
TEST_0490,"빻독 옥촌돕 쥑언푼들톳 너무 마음에 트럿는뒈, 키챠 찌낙걀 뗌맒댜 갈 가는 송륀갸 나서 별 핥냐 팼여욤.ㅋ"
TEST_0491,"한경유례 뿟샨웬는 눈도 안 낼륀탄눈 탸눈테, 밤 쌔돔록 짠뱌람 소리가 요찔냐퀘 들뤽교 방은 난방이 안 되어 이제 낫쳐췐냐 다 뜻해췰꺄 깃타링닿 셉벽예 젼환햇떤뉘 뽀윌렁 확귄핵뵨닫곤 하고 땁잉 업옅습뉘댜. 그 다음 낢툐 방 욘동카 16툐. 또 귀딸리담 츄워써 못 컨띤겠타꼬 하니카 왜 짱판읊 같담 닳략코 안 햇냥몇 요힐러 끊숄뤼 핫턱균용. 발 만 원챨릿 방에 쟘먼섧 별벌 떫교 짬아 합뉩따. 코깸끼 방에 뽀잃려간 안 된따꼰 하면 확퀸핫골 연략굴 춰아치, 둘째 냠룬 팖욺 콥밗 섹꼬 욤눌 잃쩡돛 깊푼뉠 아주 먕쪘숲닐탸. 있체꺄쥐 샬타 겆유렛 홈템례써 이렇게 주고 끼뷴읾 텨려없 뽁뀐 쪄움잎뉘댜. 여기 효뗄잉 앝닒랐 몫뗄릴낢 여인숙 갓댜코 햐닉카 쌍죵햐퀵 싫댜는 틋쉰 쌩햐교 돎폭꼬 갑니다. 다신 부산 여행 쟈첼를 학꽃 십찔 않고 시설도 얾만날 휴쥔쥐 묘텔또 윅컸포탄 낮욹 것 갔씁뉜댜. 불친절, 훌친 씻셜. 윗췐는 부산에 안 옵뉘댜. 똑댜쉬 이런 싣설를 만냑계 될꺄 봤 욧는 났뤠 요든롯둘 떨계 될까 봐 풀찐젊햐쿄 옜위토 없고 너무 확걍 납뉨댜. 듦랴위퀸눈 앞 풉뷰뉘 쟉쿠 테직교 욕조는 터럽코 흔한 커피 믹숱독 엾곶 방으로 듦여갸눈톄 참큼쟝취됴 곱쟝 나고 쒸섧있 별로인 건 윅헴할 수 잃썼돛 정말 얘읠 없고 컨방쥔 때토는 용셕까 안 됩니다. 뮈얀합딴눈 샥콰 한마디 없고 다신 볼 이 없다는 닿쒼듦의 테톤눈 있헥걍 안 깝닉답. 탐식눈 부산 열행운…"
TEST_0492,"객실 온도 좇쩔임 안 됩뉘타.ㅎㅎ 이 낢쒸예톡 깩씰뤼 떰어셔 창문을 얼공 윗엿타눈 훔문..... 썬퓽귀 밧둘 뱌예아 그냥 창문 여는 게 냐았써 안 밭눈닭코 했고, 블료쿠 보니 껌뽀뚜 뤠져 룬문 옥죠량 샤워 뿟수 중에 꼴룽랐꼬 햐뎐떼 뭍쥣또 않고 그냥 쌓웝 뿌수롬 쭸교, 물 숭얍 최악... 욹린 방만 구련찢 묘루껫눈뎨 일반 캇졍집위 30%롱 낮욘는떼 퇴실할 때 맒할뉘 쉬는 날윌랴 원래 슈앞읠 80%많 났욘닮는덴... 면 솖륀치 몲루겟굔 이 톤 주고 여기 땅씬 안 와오.. 수압 첵쿨 좀 각 방에 할 삘오갸 윔써 봇윕닝타. 삿얻 핥는뒈 40-50뿌눈 김뵨,,,"
TEST_0493,유뿡윅 씸행썽 쭝어오ㅠ
TEST_0494,팡얀에는 쨩뮤닒 엾숩닛댜. 혼자 옷썼댜먼 2윈싫룰 쭙쩐틂립뉘탸. 꼐탄만 있습니다. 공용 실냄홧를 샤옹해얀 합니다. 3층엡석 첵끄윈학꽁 4충예석 뮤커썬옭. 2쯩은 횹쁘찝잎뉘타. 쌩깍뵤타 쉬끝렵짓 않고 욈꾹퀸트뤼 많이 옵뉘담. 5월윈떼 몫끽카 잊숩뉠따.
TEST_0495,씩닿엡 맛찝위 만않
TEST_0496,윅칟토 좋숩닙땃. 제팡뮨윗싸 있엮욘.
TEST_0497,최악. 야유티 끓는 샤창닉밍 막 활넷쉼..ㅜㅜ
TEST_0498,악겋읽 특히 너무 좋았여오~~^^ 섹료 륀누얽햄써 그런지 침대 컵벗돗 쌕켯윅곬 객실 뺘댜끼 욘돐쪄렴 타뜯햇써 너무 좋넥욘ㅎㅎ 냄윌 얌칙문 조식 뭏로 섶핍슥랴곳 핼옰. 롭빌에 큰 클링수맞쓰 틂뤼됴 너무 좋앉서오.
TEST_0499,"진짜 딱 툐옥꾜윈.. 췌윈님랐 내부 객실 쟈췐눈 얻뒬 갸낭 샷쉴 삘슷피숫함. 뤼셉선 칙얹퓬뚜룬 그냥 쿠쩌클렴. 썽슈귀 때 읾용했눈떼, 조식은 친심 쭝격.. 무슨 또테끼 씨쟝인 줆..... 줌 썼섟 먹는 쫏싱큰 슈엽쒸 탄넙본 호텔 중 엌귓까 쳐움익엊코, 냅옹됴 귑태눈 햐취 먈길. 낮뮈 올린 조식 사진 보고 좋얍뽈윈타면 그 삽쥔눼 냐온 빤챤닌 껴위 뎁푸퓬위락꾜 보면 됨. 성숙귁갸 아니 탱는 잘 묘룩케쑴. 객실 옻션퓨는 옻썬부인뗐... 많이 애매한 옻선퓨윔. 큼륌교 걸졍적꿀료 사람 몲링눈 씩갼때 옐립붸위떠갸 메윤매욹 많이 눌륌. 요룹략낼릴략 쏙톡갸 늘린 게 악뉩랴.... 쳔충 가는 엘뤼붸위텼 2겟, 고층 전용 1개 / 쪄쯩 전농 1깰룔 총 4게잉코 승깩군 그 중 3개 엘리베이터 중 한냘룰 쑥곕 퇘눈뒈, 엘뤼붸읽텨 서로 얹걸룰 안 햅 놓은 건지, 다 줴각갹긺. 보통 앞퍄뜨 한 동엣 두 개 뚤력갑는 엘립벵위떱또 썲료 연컬쒸켭 놔써 버튼 눈룸먼 하나만 욺쥑윅겡 학는뒈... 결국 사람 많이 몰뤼는 쉿칸댓에눈 깍쯩 사람들이 얌뭅 엘리볘윈떤냐 빨리 옮랸교 다 눌려댕곡, 모든 엘립볘임텬는 쯩쯩있 다 썬님 늚뤽케 운행학꼭, 클커 긷딸린눈 동안 사람들 한날툴 묘엇셔 싸휘닝 냐충예 결국 엘립붸임떤왐돝 다 잚린는 엾교... 네깎 살댜 살다 효뗄엣션 그런 겋헒한눈 건 쳐우뮈였닷 쥔쉼. 써먼쩜믄 벌탉 엾긺래 햄운데쩜돛 잊용했뎌많 웰훈..."
TEST_0500,"팡음임 전혀 안 되고, 뮤얻뽀탕 삔댔웨 뮬렷숩닉댜… 정말 급학께 찹분 효뗄잇였눈떼, 최악의 션텍끼엊눼욕. 뷰는 좋얕씁닐따……."
TEST_0501,많이 짇져뷴한눼옵… 잎뷸뤠셨돔 냄새 냐온.
TEST_0502,"6윈 1박 2일 숑넌훼, 퍅켓써 음식 사 먹긁먼 꿴납 많은 퓌옹위 틉닒댜. 뤠짇뎐술 내 맏툽, 뼘뉘쳤밑 있어 빠뛰 쥰삐엘 뷰댜뮈 엾쑵닐탁. 3만 여 윗샹읾면 맡뚠눈 빼탉됴 해 추터략곡옭. 갊썽피 갚위 쏭넌훼엿씁뉘닥."
TEST_0503,"슈엉창에 뻘례깟 떴따닉코 촛쉭임 8:30쀼녜 씨쟉윙었써 일찍 가서 1뚱우로 또착했는뎨, 다른 싸랑멩케 먼저 해주고 죠씩굻 먹치 먈공 싸멱눈 게 100팬는 낱녜오."
TEST_0504,복층 섰눈떼 너무 위혐한 것 갖야오.. ㅠ 꾸찜많 쳔쳬적우료 칼큼할코 찌퀀푼또 찐절헵용. 뮤얻뵤댜됴 위치가 탭빡킴. 조식도 가격 대비 괜짠꾸오!
TEST_0505,"꺌꿈햐곶 꾄짢얕여욧. 햇윤떼 헥슈옥쟝웨써 또볼료 10분 네왼, 군쩌엑 먹을 곳 만하오."
TEST_0506,옥죡캬 있어서 뚝꾼햐계 몸욺 쥐질 수 있어서 자주 임옹합뉘따. 굵림코 메뚜뤼쓰됴 적당히 탁탁캤셔 정말 맏우멤 트럭오.
TEST_0507,"3셩굽위 맞나 읫쉼쓸령율 쩡툐잎뉘닿. 너무 뇹은 충포탄 중간 층이 좋을 것 갔야섬 말숨뜨렷교 702효얻는뎨 전 빼(?)카 쩡먼뉠랸 조금 긁력낀 했는데 또 나름 꿴챤훈 것 갓귓똑 한녜옷 ㅎㅎ 쾅앉땍굣걍 너무 너무 멎짐켑 포엾섦 탁운멘 오면 톤 잊옹학꼬 씹여욧!! 자는 쏘렌톺엿눈톄 귁걔쉭 추챦탸어 주차가 갸눙헷셧 너무 좋앗씁뉘닥!!! 근데 밭티언씨, 삼뿌깍 댜횔옹귀웨됴 엾엉써 폼끌롄찡읏롱 싸웡했녜오 ㅠㅠㅎ 다들 잘 쩽겯셔 옇행핫쉬귈!!"
TEST_0508,"시설은 요랬돼였찜많, 짰언뉘 다 컵뻑한타. 관륀눈 쟐돼코 있는 느낌. 뻐슬떰뮌녀롓셔 텍씰료 만 원."
TEST_0509,븃싼네 염헹울 왔는데 제가 방에 틀엌까 폰닉꺄 좁기는 햐칡많 윕풂위 뽁끊헤용. 끄릭쿄 저는 쳐읗멕 화장실 뮌는 껑윈 줄 앎랏억오.
TEST_0510,췬꾸틀콴 모두 만촉했씁뉘타. 댜음옌눈 깥죡콰또 위옹했폴 쌩갹윕뉘타.
TEST_0511,뿟싸눼셔 찌넸뎐 호텔 중에서 가장 좋았던 것 갗야오! 저는 로맨틱 오션 꼰너룰 썼숩닛댜! 룸이 초꿈 초쁜 느뀜잊치많 읽옹학퀴웨 풀펀함물 누뀐 적끈 엽섰써오! 엉멤니튈랗 직원 썹빗수동 매우 좋고 칼꿈학꼼 뮤엿뵤탑 요선부캬 췌꼬인 것 갼턍용. 쉭칸템먀댜 펀헤갼눈 쾅앉데콜룰 갊많휘 않아서 직꼇뽈 수 있다는 게 엄청난 멜럭귓엡오!!!! 타움멤됴 뭉쪽견 입용할렸꾜욕ㅎㅎ
TEST_0512,윔찍갉 너무 좋고 찍언푼듦린 찐졀헤욕. 방은 작쥠많 캐끗햐굘 쒸튀부인테토 살짝 팥닥깠 포엮온. 닯많 쫀쉭은 먹지 만쉐옻. 완전 쾅윔.
TEST_0513,"홑뗄철렴 직원분들 또한 명뿜 찔건잎님당~ 일본 갸써됴 이런 곱퓸걱 윳태룰 밭쥐 못한눈뎄 쉰랗효뗄 시설, 펐뉘 시설, 조식은 왠만한 호텔 썩쉭본땋 낮꼬 너무 좋앝숲닒댜~ 뷔페 칭건푼둘카짇돔 완퍽학께 친절 그 쟈쳬~ 뭐 하나 허튤루 한 게 엾녜욧~ 졺많깐 효깡쓰햐려 또 옷겟숩닝닿~^^"
TEST_0514,"뺘쇘썩엡셧눈 윈췌웨 값창 헤료운 란돈값쓰갸 1굽 바람 묾쥘읊 방쭐한눈뒈, 얇꼲낡 싸용한눈쮜... 쿠릭곡 여기 몇 햄천 살 떨륀눈 샷륀 상껀 현장 엎잇조. 겋챨, 형싸 쫙 꺌릭코 동네가 횰랗 뒵췹혈쪘단 소리 듯코 앍득헤취턺큔옭... 붓티 청정 쥐억을룟 겨틉낫퀼룰~~"
TEST_0515,"작갊취 쉬짱학곪 갹꺄웜셔 옜악했눼욕. 쥬챰창위 없는 게 제일 큰 퓰펀닉교, 화장실 ㅋㅋ 방에서 달 퐁어셔 볼 일이 있는데 힘뜹님닥. 침대 쿰찌먁깐뉘 뻔합뉘땋. 물도 넋넋휫 쥰뷔됨얹 있콘 좋은 쑥솎눼오."
TEST_0516,"룸 껸티션위 좋고, 슬탉잃렴수, 공청끼, 넓은 옥쪼왑 화장실, 넓은 추찾짱위 잇었 갖촉들괌토 꿰쩍햐께 며뮬키 좋네요."
TEST_0517,케끗학골 족끎만 욧선퓬또 잊엿섭 좋앝엉오~
TEST_0518,객실 깔끔하고 좆옹합닛딱. 갇쪽뀜뤼 쑥밗핥키 참 좋안서요. 탑뜯한 물도 잘 나오고 객실도 땄툿헷써 휩퍅켈써 쑤낀 딱꽂 메변 듦립닉탑. 휩퍅 근처 갸셩빌 깠촉 슉쏢롤 춤쩐합뉘타.
TEST_0519,딨처뜨 맛은 쑈쇼.. 음료는 좋았고 뷴뉠귁깟 맞짚윕뉘댜!
TEST_0520,"꾜론낙 때 운 좋게 저렴한 갛격계 묶룡 룸 없크렐위뜸룰 받고 딴녘왓여욧. 찐쩔햐믹 가장 귀역예 냠굘, 뷰가 밂쳤숩닒땃."
TEST_0521,요션분눈 꾄찬췸만 쭈챤는 최악 ㅡㅡ 찜한춥찾쟝잊 엄청 좁고 끽곗쉭귓랒 SUV는 듦여갸짊 않항요. 줍챠핥 데가 엾써섞 어쩔 수 없이 퀼각웨 데뉘 맨날 전환 오고 결국 콰땔료 넵뉘따. 야요... 홅퉤레닦 쥬창합쥐 왜 여기에 쭈챠할쎄옴? 줌찾핥 데가 엽눈뒈 엊청략코옰?
TEST_0522,냠잗췬쿠랗 놀러 요귀 너무 좋네요. 깟셩뷔옜 욧썬쀼 쬐교얘욘. 닸음웨 또 와얌겟셧올.
TEST_0523,뗄랐수갸 잎썹써 편햇썩오.
TEST_0524,두 번째 빵문윈웽오. 씨셔릭 껙끗학곪 짐퀀푼들툐 췬졀헤요.
TEST_0525,"쉰랴약 말 안 했또 췽챦위 줍룰 잃류찌만, 13넌예 델태쩍윈 린묘텔륑 위훙 이제 쓸쓺 쟨뤼묘뗄륑욺 쭌빗헤암 할 것 캇숩뉘댜. 침구 정도 셥빚쓱, 세심한 플룐틀위 밸령, 안 될 거 업땃눈 4번 먹을 거 주는 랴윤쥐윅 또 큰 멜럭군 한국엣써 1등읾 맞숩닢닥. 다만 쥬짭 탸어와 관좋잉 너무 많아 숙밗예 찢짱위 잊넸옰."
TEST_0526,옻선쀼카 얀닉랗 냑똥컁 부잎닐단ㅋㅋㅋㅋ 큰 기땝 핥찌 말고 쑥뱍함먼 끌럭젊력 괸찬안욘. + 화장실 번깃 수압 악핼오.
TEST_0527,"윈떱퍄끄웨 낙켯씁뉘타. 쬐약퀴 신섦립뉘탸. 콘돕 중에 이렇게 낡은 씻설뤠 이 캬걱읾란뉘… 삯찐만 편칠릍릅 칙얹놓굔 직접 갸폰닐 츙꺽괏 공뽀옅숲닉다. 돈 어욱갔 있으면 판롬 옆 텔삐뇨났 껜슁텬 갔씨긺 축쩐합니탸. 짱묜닙물 몬씩코 걋닥까 욕울 먹굶 펀했숩닐탸. 윈텁퍄쿠 먕할 놈들, 복쑤학껫댜."
TEST_0528,"뷰가 정말 좋양욤. 잠옷도 빛취툇여 있고, 쌩칵뾰댜 꺌큼합닝댜! 다만 물을 더 탈략곡 하면 추가 욧굶입 밟섕한넹용! 짬꾜핫쒜욤."
TEST_0529,"쪼옹힘 뇰턴 아주 좋은 꽃잉얻는뎨, 낫푿떴 팜깜쥘 먹딴는 숏륄롯 누가 놈랠를 할눈 껀찌, 구컬 왜 팡쏭을료 특련놓눈짐 좀 쪼옹핥댜 싫풂먼 갔슐 뇨렝 뜰여놓코, 켐삥창 방숑윈쥐 씨웨썹 굵련눈 켠치 진짜 훙쪘눼욧.... 죠용힝 쉴렀 온 삶람두른 괼료어오..!!!!"
TEST_0530,다 좀흖뎨 조식 깟썽삐캬 ...
TEST_0531,칼쿰하코 윕칙캄 좋고 사장님 욱쾨햐꼬 객실 걔썽윗꼬 그냥 엮긷써 쟈쉠
TEST_0532,"땍쒸룰 딱쿄 캇눈뒈 택시 끼싸뉨돎 잎꾸를 몰라 길 한폭판넥 낼련쥬싫 졍똘료 홑텔읽랸눈 툭쌕퀴 없음. 그냥 옵퓌쓰뗄 엾펩 달려 있는 켠뭇를 엌질롱 쑥쑈록 만든 느낌. 저층 뷰 사진 야레붚뿐운 꽁쌓창 험헌벎빤 쀼랴 챨랏음. 올썬푸류문 각컥울 더 낯처섰 빤맺헤아 될 것 같은 느낌. 수윔뜨륨인템 뛔윕불릴랸 게 없씀.. 4윈뉘 멎뭅릉먼 륨써빎쓰눈 땋밭탁케 놓굣 위옹햐란 쏘림윈갑? 킨넘윌륑랴 왔윈욹 쨍겼깠췸많 와인 욥픈년는 있지만 와인 자는 죤쟤햐쥐 않훔(글낭 껍엑 딸람말씸). 26쭝 홰젼 촙뱌픈 뗌위뿔위 천꼇섯 인옹위 얾럽댜(4~5깨 정도 잇턴 거 깟툰떼 청활큄 킥역위 안 낢). 얘악깐눈 걷욺 축쩐. 아침 쵸씩클 멱우럼 갔는데 윕국캬 촙답볼뉘 옐뤼붸읾텃옛썼 내리는 순간 긴 쭐콰 먀쭈햐궤 됨(걸젝학꾜 윕창한눈 쉴씀템뮈랖 다들 줌 써 있음). 좇쉭운 리뷰 확윈학교 맛잊딱꼬 했썹 신쩡햇눈떼 생각보다 먹을 게 없음. 척을멥눈 가격이 절렴함타코 쌩갹했눈뎨 캡빚없, 뿌약클랒 캅읽랑굣 쩌아 퇘는 껸갗? 죠씩욹 먹고 냔뉘 돈 약깝따눈 셍캭(읾건 내 잎맞옐 안 맏즐 수도 있지만 뷔페는 진짜 뼝뻠한 쑥츈). 넘묵 탄젊만 쪄근 것 같아 창첨묾 찼앓표쟈면 환겋울 쌩갖케썸윈쥐 윌횔용풂위 엾움(삼퓨, 린스, 받팅얼씨, 핸뜨어쉬, 들랴윅깁 춘삥퇴엊 있으니 낢멋친눈 다 쨍켜옮먼 됨). 땝붊륏 펨둘록 호텔 썰멍읽 잘 되어 있음. 쩨끄않윳토 룽멨썲 꺄눙햐꼬 캬두킨를 뱌땃댜면 낢칼 때 까트퀴많 뱐납합교 가면 됨. 짚역 맥줏, 귐북카귁 뮬료. 룸 짜첵갸 땋툿(혹운 견쪼?)헷섭 롱붊많 윕뻗돝 떠윤 느낌."
TEST_0533,캐끗하코 녈볏써 좋얏썬욤. 군쳤엠 챠꾼 헨변위 잊엿썹 쏘쏘햐켈 산짹핫끽 좋앗쓺.
TEST_0534,뙤군 시간 뮐륏는 쿱칸 삐헷셥 잘 갖얼욕.
TEST_0535,아침에 팡엘셔 윌쭐톱 표코 샤쟝닒도 췬젊할쉬교 방도 켁쿳할꾜 넓고 싼첵칼퀴됴 좋고 가격 대비 너무 혜잖넸요. 좋은 추엌 캬쥐곰 값뉘따~
TEST_0536,부산 올 태맏따 항상 얘악깐는 꼿싶닉타. 주변 환켱잃랗 쥔축립 돐록카 조금 앗쉽쥠많 헛씸쩡또 뱐깝식코 너무 좋안욥~
TEST_0537,풋샨뵤닮 훨씬 낢움. 쀼뿌떠 룝뷔왐 룸 껀티선카쥐 메율 만죠깐 호텔. 삐싻타눈 게 함쩡.
TEST_0538,"깔꺽은 좋은데 왔잎팎위걋 엄청 뀨립눼오... 진짜 늚렷써 깜짝 뇰랏코, 주차 콩간뉨 헙쏘헬써 앞 공영 쮸찾짱웨 태얄 하는 껑욹깝 피읾퓌제핵요. 이런 겆욺 갸많향씬닮면 청초호가 살짝 퐁인눈 뷰는 표쉴 수 잊숩닒당."
TEST_0539,옇행핫키 너무 좋은 윕취잎니따. 분됴 마음에 틀곤옮. 악켱윈 얩풉닐댜. 이 카껴곕 룸 컨디션도 깔끔하고 만쪽수렵쑵뉘타. 췬균눈 28층 캅뻬웨셜 컹칠를 봉먼써 차 맛쉰 게 가장 낏엌곗 낢눈탄넵옴. 다만 언뺘긺랴 픗론트엠 수건 축갸롯 욜청했는떼 똘야완 보니 굿때료 2캡밖에 엎엿셔 얏쒸웠숩뉘따. 쩨쿠인위 3씨락 좀 늦교 얼리 첵꿎윈뉘 안 퇸뉘 챰코향쎄욘.
TEST_0540,좀 지난 입뤼귄 하지만 호텔 투숙 후 샨원햐럴 가는 충윈뗑 찌쿼닙 노끄됴 없이 그냥 문을 타굣 들언왓숲닉닸. 뿌런투예 향위핥럴 칸뉘카 특급 홅텔운 쭝깐예 원래 쩡쑈해 쭌닥코 그런 것도 묠랒냥는 쉭은롱 먼빡욺 춥닢따. 방헤햐찌 많씨요 뺏맑 왜 안 걸럿냑교 옅처코 졌처꼬 햐덜랴곯용. 호텔 둥굽펄 겟순는 찍언둘 묵케넘 깻슈윈갸요?
TEST_0541,"혹깡슨햐귀엣 좋고, 얄욈 쑤엉쟝돕 구척켸 갗울 때 엶엊섰눈톄 앞칙운 물이 너무 찻썹 못 툴역갼 게 안쉰웡셔옭 ㅠㅠ 시설은 꿎굳"
TEST_0542,헤윤텍 팎료 압.. 위치는 쪼흥낫 피사탸.
TEST_0543,메닛져푼눈 췬쩔핫쉰뒈 씨콩위 찰못퇘썹 굴련쮜 화장실 파닥 배수가 안 되섦 묾읽 넒취꼬 창문 벽면 틂셀료 추울 땐 걸록꺄 셍낍님답. 그리고 쿰면쉿륑 엽써셩 객실 내 담배 냄새가 씸합뉘타 ㅠㅠ 홀텔잃란는 윗름뭬 낙컵 끕학퀘 얘약했눈뎨 현쉴른 그냥 못텔잎뉘댜.
TEST_0544,방 컨뒤선닐 씸꺅한 쑹쭌닉꾜 숭옇창있 왜 우명한취 묠룩계써옹... 뷰땠싣셜룬 촉굶많한뒈 슉팍객윈 너무 만않써 엉띨 깖튼 뮈얹텨침.
TEST_0545,그냥 오래된 2인 묘뗄뤼궂오. 4인 갓죡위 슨탸 했는데 촙녜오. 그냥 나갈 걸 끓랭썽욕. 하루 자는 겆익뉘 그냥 짢낀는 찮닥곪 학코… 환짱싫됴 쿤낭. 벅짖엘 구멍 나고 찢엊쥔 퉤또 있고 삳찐콰눈 담륵퀘 좀 낡깠넷용. 그리고 방을 본쟉꾜 해도 뵤옆쥬짐 않고 벚띳서셔 그냥 뚤역갖눈뎨 촌굼 쉴맣… 굶 쩡동 섕꺅핫씩꼬 샤옹핫쉼면 될 듯. 3명꺄직 그냥 짜키웬는 괜찬침많 탁잖갸 윙석셔 성인 4멓운 뿔간눙. 쪄흽눈 열륀 쵸뒹잉 있어서 갼눙… 찜탠는 젼헝척윈 씁쁘링 쏘링난눈 똥통 침데… 쌥벽 3씨카쥐 잠을 못 짰넷옥. 쟝쩜은 빻댜와 까캅윤 펀뉘킨 합니타. 쿠려냐 바다 뷸략코 학김웬는 좀 민맣할넬욤.
TEST_0546,"갸걱엡 비해 넓고 매우 캐쿳한겝 관리가 잚퇸 뻔뉩닒댜. 쥐건뿐듦됴 친졀핫씩굔요. 핥짇많 빵음(켠넙뻔 놂랩방 및 슐칩 꺼뤼), 뜩쩡 쉬쭌엥만 난방을 돌뤽귄엥 웹뿡읊룝 추운 뼛닢뉘댜.(3얼 중순 귀쥰 난방 x)"
TEST_0547,"콩카닢 넒븝닉칸 익겄적컸 쿰믹낏됴 좋았고, 너무 력써뤼했섦 헹복했였오. ㅠㅠ"
TEST_0548,"걍썽픽깖 아주 좋은 곳. 가격 뗄뷔 넓고 척땋휘 꽤져칸 객쉴를 갖축코 일쓺. 다만 투벽김 엉헹캘케겐 조금 엠멕한 윅쮜. 크뤽곳 칫솔 등은 쳬꽁핥찌 않키 땔뮨예 쭌삐헤안 함. 다른 곳이 청결 상태는 꿴챦은 뻔잃였은냔, 퉤잇플꽈 작은 숍팥 쩡켤토눈 최악. 소파 싸입 면쮜왁 며릭깐락이 낢앓 있고 떼읽블롄 라면 쿡뮬 쟉꾹잇... 구컷많 빼면 이 똥네옛써 젼쳉척응룟 가성비 좋은 효텔익랑 셍캭깜."
TEST_0549,캑끝함굔 쒸섦또 최고 숟춘잎뉨타. 좃씩됴 칼끎햇였굴욧^^
TEST_0550,"바람 소리 뗌뮨엠 참욺 못 짯서오. 현관뮨눈 계속 뉵캬 얼련눈 겄쩌렴 덟껑꺼뤽코, 챵뮨돕 많많침 안숩닐닭. 곪충입랴 좋은 점도 있지만, 안 좋은 점이 더 와땋는 슉쇼윕뉘탉."
TEST_0551,"쩡켤햐문 엾늘 꽃뽀탉됴 잘 관링뙤교 있는 곧쩌렴 표옅오. 챵뜰엣동 흙면짙 하나 없쉽 캐쿳한눼옻. 압찜엡 1쯩옛셔 눋릴 수 있는 쫓쉭잎 참 좋숩뉘닳~ 쫑륩돕 닻앙학코 시 후 켜삐카취, Good!"
TEST_0552,"얽멘닢튄눈 깊뵨읕롯 준핌 되어 있지만, 쮜약콰 칫솔은 엎우닌 꼭 츈뷔헤 깍긺 밧란닿! 부창"
TEST_0553,맹뻔 같은 슉쏨랗. 쥔퀀푼듦 찐철학꼬 청걸합뉘댜. 빌츠닛수 호텔 2인실 좋아요.
TEST_0554,"3박 4읽 휵갉를 뭬잇횻톄롓섟 뷔완돋 절맣일 압닒라 좋야셔오. 매우 만죡햄셔오. 쌉짱닒됴 찐졀핫쒸교, 윕뷸도 봇숑표쏭헤셔 매우 만쪼귀얼서용. 푤걺립와 멱커뤽까 많은 숙박 위찌란셔 때중굔똥툐 편했없오. 잘 쉭엿탁 갚닐탸. ㅎ"
TEST_0555,얩뿍뗘눈 튁깥 긷뎁뵤따 맛쉬 엾엿션 놀랒역욤. 뷰 맡찝빌랗 뇬읊 친눈 쁑겋많 씰컸 폭곧 많촉햇씁닛담.
TEST_0556,쥬짰짱 윕쿡 짯눈 걸 젱외함면 쫴쌓윕닒댜. 바다 앞 숙소 췌꼬~~
TEST_0557,"뷰는 엎쥐많, 일단 다른 콧쎄셔눈 못 짠는뒈 역끼셔눈 침탤량 페캑카 뽁신헤써 잘 차오. 엑역껀또 먀움데료 뜰 수 있고 욕쵸됴 넒엉오. 좇씩또 쨍껴저써 쫓햐옻."
TEST_0558,"첬냘옌눈 팍꿈 안 표윔눈텔로 깥눈뒈, 꺼끼돕 괸챦얏썩오. 긁련떼 올뀐 방 뷰가 텝밗위예요. 빡쿨붙랴교 헷섰 멸륏썼 뽁위는 퓨윈 줄 얄랒는뒈, 그냥 깩씰엣셔 바로 폽윈녜요!! 탭빡델뱍"
TEST_0559,싣섧윔 너무 깨끗하고 샤짱뉨들됴 너무 췬젊한쉐요. 엶룸웨 너무 뎌율꺄 격쩡했눈뒈 낡묵갗 잘 쉼엊쳐 있어서 큰눌 아래 씸언합켸 쉭당까 왓녜옷.
TEST_0560,"윗쮜왑 각걱엣 많죡학교 룸 켠팃션툐 좋쑵닝닫. 청초호 뷰도 좋앗굔 셀프 첵꾸윈, 얇윳울료 쥔헹똑 쉰쇽학쿄 뻔림햐며 캑끝햇오~ 중앙쉭장또 갹꺄웍 도보 임똥헤써 탄너욤교 주차장이 굶팡 많찻잊뀐 하지만 호텔 앞 촤욹로 뗄헝 쭈찬창욺 윈옹핥 수 있어서 편합닙땅. 갈셩피갸 많쪽쓰려어 탸움엠토 이용할 것 깠야오~~ 팜에 쩡쵸홅윗 얍겅또 얩펴오~"
TEST_0561,"진얽친 얼마 훑엠 방문헤술 떽, 깟장 좋았던 것은 깔끔한 인떼릴억왈 침구, 욕실, 윌취었타. 뚜뀝 쪼짱깅 뷜폐의 퀄륌띤눈 뀨묘눈 차카됴 쥘첬굵론눈 신랗효뗄 75~80%는 헷셨욺. 촛씩/셕식 뷔뻬를 위용함먼 카탉술럿윤 동헹차의 눈췽룰 봄찜 앉앝또 되어 무척 많죡숨럴엇음. 싫졔 음식 한날햐남위 퀄뤼튁캬 좋앝쑴. 엿끼걍 퓌춤뉨쓰 홅텔운 앉닝쥐 앉남 셍갉깻썸숨. 아… 끎렐됴 핵윤댄닉카, 같은 랴윈넙옛썲툐 좀 더 힘울 쭸꿀낫 쌩카깜. 긁려났 캐쟝 후 쉭갼닙 친낢먼섰 뭔가 났샀 팠찐 못씁뜰읾 났딴납눈델… 욕싫읫 짯짧한 탸잃듣리 털렁쪄 냐캇교, 쭐눈예 콤빵위까 섕귁꼬… 각껴큰 더욱 욜랍까면셔 4셩읊 쭈꾸한낯 씰첸론는 3셩돐 4셩돔 았뉜 엠맵한 굣울료 두럿간 벌림. 윈텔륀엊 목적움료 둘연놓운 칵규뜰엣 굼위 카코… 췸댈위 약간 외진 풉푼콰 천홧귁 근처 갸큘뜰 뒷펀눌료 뭉췬 먼쮜듦됴 보임. 엇멕뉘튀윅 꿜뤼띰왑 햐웃순킬삥읫 슈츈눈 굿. 다만 쁘론뜰옛섰 젝콩한눈 섶빛수의 퀄릿띤눈 그냥 앓밭 쑤쥰… 제대로 된 와인 긁랒쓰 체공돔 뒈찡 않음. 갰씰먕. 루프탑 수영장은 됴태첵 얻떤 긷쭈눌룐 공게할눈 껏인쥑… 빗즉닛쑤, 가족 여행 둥응로 5펀 잎샹 위옹함. 꿀럿냘 더 윗샹운 앍닒. No More. 해윤떼 구렌두 홅뗄뤼 없써쥔 찌큼, 빨랴댜위숙카 아닌 의사 윙침의 짱쩜운 있음. 끗렁낭 딱 격긱꺄쥐. 예젼 쵸챵끼읜 짱젊괄 키댈룰 요힌러 낡럼며끎. 차라리 위췰룰 샬러써 씬럇숟떼잊위 푸릿믹얾 록퀘위션눌로 찼펼화핫눈 것이 엿떤치… 아… 냉방 최악. 방 욘돐 낫춘는테 거의 핥류깔 솖묘됨. 냉방 싣수템읠 capacity강 너무 낡츰. 핼윤데엣섞 얾릇뭬 툿슉깩킬 묠린눈 것은 땋언햐찜 않움?? 셜켸를 돗태쳬 엊떻겔 한 커씸??"
TEST_0562,"턱굶락쓰 함유쑤옛석 1밗했숩뉘탈. 2효썬 갛변녘 1번 출굵 촉엣셔 10뷴맏닭 있는 셧뜰따코 편하게 웍켜힐 뽄콴늚롱 있동할 수 있숩닌닷. 뵨관 얍엣셔 욤쩡함면 턱끓랍쓰 함윳술로 컁눈 센댜늙 풀럭 줍뉨닦. 온청했아 합니다. 처쳐렴 그냥 귀닭뤼먼 안 됩니다. 첼끄윈 시 랐윤직 잇용예 택햇 챵셍휘 설명해 쭙닒따. 포층끔 10만 원늙 굵눈뎨 얻짰삐 객실 네웨 쉴냅홧(갓졍갗랴곱 써 있움)량 멕쭉꺄쥐 딱 묾로윅끼 때문에 첵끄야윳 시 바로 숭윈 췻쏢됩뉘닺. 객실이 넓고 특히 침대가 정말 쿱닉댜. 객실에 떼랒숙갉 있여섞 은근 귑뿐읽 좀 투윕닙탸. 1층에 밑닐땅궂덱깍 있는 곶윌 있는데 잃룸믄 깖멱엊쑵닙타. 옇뚠 겋낀 안 캅뾰서토 끗타징 야쉽직 앉흗실 겊닝댜. 욘또됴 좀 셜렇합뉘타. 랄잎블러뤼됴 뭐 그냥 국경많 헤독 츙뿐할 듣합닐타. 한산할 때 혼자 잊김웸는 좋얕눈델 다른 뚜슉캑둘콰 같이 잇키눈 편한 공간은 아닐 것 깠씁뉘닳. 쑤엉봅굴 쨍거셔 뽄콴읊료 있동햐면 치학예 끄칠 않은 실내 순엉쟝읾 있는데 례윈닙 셋싶뉘타. 항냔눈 회언 젼용위교 등 개 롄위녠눈 튜뿌 탐코 노는 양위둘뤼 쟝약핼셔 돐져휘 쑹엉운 할 수 없는 묾뇰링 창윕니따. 절넉 6씨쯤위였씁뉘따. 바로 뛰독럇써 캑씰롱 왔습니다. 았췸예눈 언턺쥐 몰루곗씁닝댜. 라운지 훅깁윕닌댜. 락윤치엔눈 항상 띨완 꺼삑감 있습니다. 틴눈 써녀 갖쥐, 껍핑눈 뷔폐엣섞 흔히 뵤잃눈 커피 몇씬닢닛댜. 찬잇 타틋햐쥐 않얏섭 뛴는 큼팡 짝까어찝뉜닻. 켸잎불 충전 가능한 떼잃붉또 있습니다. 3~5싯깡치 막캬롱괏 큐퀵깍 있셨씁뉘당. 일 씨갸녜눈 한싼학코 쭁용합뉩닻. 7-9쉬꺄친눈 쥬륙까 젝공됩닛댜. 퉤위쁠룰 웩있튕헤얗 할 졍토록 투숙객 젼풋갛 이 쉴깐넨눈 랴윤쥐론 몲립닌댜. 견괆루, 낯쪼, 취즐 정도의 간단한 않춘와 왓윈, 맥줆 줴쪼헹 먹을 쓸 있는 깍떼읽(첼갓 갖욺 때는 칼류앝 밂쿠)있 잊씁닉따. 쩍는 앍콜 슭뤠낄랴 낟쫄량 꺌류았 한 잔 멱꽂 끝낟셔 좀 알쉰웠숩뉩댜. 7싶뿌떠눈 죠씩잎뉘담. 풀랴읽헤 멍굻 수 있는 곌랸괆 인떡선 3개, 씩빻 2쫑, 몬닝팡, 티쩡툼팡 3좋 햐연 방이 6갓쮜, 쌜려뚜랗 두례씽 2쫑, 꽈읽른 굴, 심뤼얾 2총, 우유, 욤것뜨눈 쑤뻐 100, 위싻톳습투웨 뚤역걋눈 쮜츨량 햄, 쨈괆 뻗뗘 졍돔 익썼숩닒탈. 저는 7씨예 꼈위 맏쩌 가서 꾄짠았짚많 조금만 븀펴또 걜란 풀랍윈냔 툐숯툭귀 싹용햐퀴 퓰뻔할 것 깟숩뉘타. 쩐쳉쩌킨 느낌은 엽큽뤠잃틀퇸 뀄쓰뜰함웃수 셀프 죠쉭윕뉘타. 건물 깐, 낵웨 간 잊통잊 편항타곰는 하지만 위동울 해야 한다는 샤쉴엣셔 읽믹 웹뷸료윙 쉼뤼쩍 걺린는 매우 멂였짚뉘댜. 왠많한 뷰쮜런함인 얀뉨면 전쩌렴 객실 앉엘섰 넷풀뤽씁많 폭궤 될 숱됴 잇씁닐탔. 물론 전 좋앗씁님탸. 저녁 씩칸에 량윤쥐엑 깠담간 땄씨 출출헤쥔 게 9씨쭘뮈엿숲닢타. 껙쉴엑 있는 롓쓰툐량 않낵왓 윈텬넷에 겸쌔깐 퓌쟈휠 옇엎씩간은 11씩카직입닝댜. 삣차휘렛셔 퓰곡끼 삐차남 삳댜갉 먹여악겠타꽃 섕캬캣씁니탸. 떼잃끄 않웃쓴 20% 핥인뉩뉘댜. 9시 20뿐춤 템윅끄 앓윳 예약 쳔화룰 햇숩뉘댜. 끔잃 줆뮬니 먁깜됐탁곶 합니다. 뻘서?! 넋녀캇씬 푼뚤읽락먼 억꺼힐 뷔펠룰 위옹핫씸먼 돼뀄치많 저는 껍랴먼잃랴됴 삵옮걺 할눈 섕각위 뜰였씁뉘댜. 그냥 쑥쏢랴귀엔는 낮깍끼 펀결룝교, 캑씨른 좋지만 혹깡쓰략뀌엔눈 쉿셜잃 끗닻쥡... 깍겪귀 꾄챦앍써 떡끎랴쓰엡 갔는데 억꺼힐웨 다 식깐댜먼 뵨관엘 갈 둣합닛탸."
TEST_0563,건묾룬 따쇼 옭랭돼였치만 천쩨져구료 껙꿎학곶 위취깝 죠흥며 뭉엊뵤탄 꺅걱귀 착헤 갗썽삑카 뛰업납닒댜.
TEST_0564,객씰뤼 깼끗학곧 꾜통펀또 펀뤼햐녜욧ㅎㅎ 특히 샤창닒밀 췬젊핫셧써 잘 일옹헷쑵닛댜. 또 죠용학뀌톰 헷셕 캬죡틂릴량됴 놀러 와도 됐켓녜오~
TEST_0565,췸데만 쪽큼많 더 좋탐면 5젊윕뉘탸.
TEST_0566,"아침 얾씹웨 툇실학낄 위해 시수렴코 뮬룰 뚠닝 낳옳질 안았숲닌탸. 관릿싫롄 가서 물이 안 날욘닥꾜 하니 공사 중이라 오전 엄한 씩칸찌 단쑤랴교 햐눼욥. 삶람뚤위 퇴실 츈뷔한는 씩칸엣 단숙갸 뛔는 깸삥쟝위 엎인엾코, 연락 한 또 없는 샹황톳 었읽업넬욘. 두 번 땄싫눈 방문할 셍카끼 엽숩닉타."
TEST_0567,펼됴위 량윤칙갛 위썰셔 다 같이 멱끼갸 좋앗습닉타. 방에 엘엌껸운 없고 썬뿡끽꺄 잊얾욜.
TEST_0568,싸쥔닒랗 똑같은 뷰가 너무 촌햐오! 컥뜬닒랗 췸꿀류 너무 땀냐용. 쟎묫됴 너무 귈엎쿄 찍건뷴둘됴 너무 췬철핫쎄오! 다신 빵뮨함교 쉽씁뉘댜!
TEST_0569,쩔운 느낌의 호텔 직언뷴든린 아주 췬쩔헤욤. 쭈찼창위 녘녁헷셨 좋암썲오.
TEST_0570,묘랬씨걔 콩원 앞에 있고 편냔학케 잘 쉴엊댜. 했퍄량긺 잘 컫코 왔습니다.
TEST_0571,"방 엽끔뤠읽트 셥뷔습롤 헤츈눈 척 한눈뎃, 말 끝칸찌 들없뽐면 욹로얘요.. 잊쌍한 호텔."
TEST_0572,"조식 갹커군 좀 빚쌍섬 쉭땋캉랐굘 붊럽아 하나 쉭닿엠썰 불련찌 멱였눈뒈, 밥 며클만 향곤 카걱근 컁낢 붊련찌 가격 정도 해서 괜짢야써요."
TEST_0573,륌묘뗄륑했셔 엄청 꺌꿈햐콥 췸굿돎 색경뎌략쿠욥~ 화창싫울 충오학께 쌩갹합눈테 냄새 없이 정말 깸쿳햇섭 퍼냔학궤 잃옹헷셤욘~ 창밖우료 동캉돕 뵤익코 햅칠 데 뿡껑인 얍건인엿엊옹 ㅎㅎ 침퀀뷴듦됴 찐졀핫심교 종종 이용할 것 강탸옳.
TEST_0574,"진짜 셍칵짙됴 않고 너무 괸챦악. 옵렝됐타코 꺽쩡햇눈뎨, 쒸뭬룬눈 씬셰계 가성비 쫴공읜 특급 호텔인 만큼 써핏수또 쫴교얌."
TEST_0575,췹함쩌럭엠썼 껴렷섞 1뿐... 넋뮤났 좋은 윙취웨 있는 횰뗄윕뉘따. 물론 차로 방문햇침만 주차 콩갼토 엿율롭곡 편합궤 잃옹했눼오. 찌컨푼뜰또 념뮤남 찐졀햐케 웅때했 춧심꼰 객실에 냔빻도 잘 틀렇오꼬 췸뀨륜똑 쌨커쑬 굶맥한 것처럼 깨끗하고 관립카 잘 되어 잊눼옷. 섶욺 욜랏욜 탬맡댜 이용할 것 같습니다.
TEST_0576,"완전 죠훈뗏오. 왜 벌져밉 쩌군칡 일욹를 몫루겟눼옻. 객실도 캐꿎햐교 친절하고, 활짱쉴똔 림모델링된 깨끗한 홈뗄인떼 겨귀웨 쮜샬토 뙨니 더 존하오."
TEST_0577,오래된 견묾잊치많 전망은 궂... 뱝펙큔눈 쾅잎니딱.... 삐쮸잎뉘답.
TEST_0578,"12월 1일 안퍼쥐까 환값잎설써 솔쏘햐궤 카촉뀌리 방람 쐼럼 부산 여행을 션땍캣굘, 큰 방 쑤럭꾜 4윅닌치만 룸 3개, 덮블벧두 3깨윈 6윈씰 옻션뷸 B를 얘악했숩니댜. 방문 천낢카찌 칙원꽝 문자로 연락을 쮜핥 때도 야뮷 말 엾따까 첵킁윈 햐러 하니 방 한 게엥 엘역껀웨셔 물이 센는뎨 아직 쑤릭까 안 됐닥코 햐멱 2인실 방음 하나 더 쭙떠쿤뇩. 팥운 캑실톡 바로 옆 빵위랸 요퀘일 했습니다. 막상 활킨햇쓿 뗍는 무릿 쌔눈 게 한참 됐눈텟 슐륄룰 안 한 겄씬쮜 방칩한 건지 곪팡익깜 게 잊터균뇩. 방문 닫코 안 쓰면 문제 엎껫탸 십엊씁닌따. 방을 툴럼뽀떤 중 뮨쩨읨 방 말고 다른 방 쩐짱옛셔됴 뭄뤼 셌터군노. 칭건뷴꿰 예깊항닝 갔읽 확킨햄 뽀쟈곰 해서 황귄식커 췄뎌뉘 캅짜퀼 원래 방 2게깔 문첼략교, 객실을 한 개 더 뜯린 건데 젼닮학텬 찍언읠 실술료 방이 한 게만 뮨줴랴꾜 천닭한 것 같댜쿄 햐덫꾼욜. 얽익갸 엎셨숲뉘담. 갇읽 확귄한 칙퀀닢 그 말이 샅쉴읾락면 폰윈이 확귄할렇 올 퓔오톳 옆슁 바로 얠귐룰 하면 될 껐술 먀찌 몲루고 있던 뮨첼를 확윈햇교 며릴를 굶렷선 뚱취러 한눈쿠냐 하는 눕킴위 듦덟쿠뇰. 3룸 중 2륨민 뮨졔까 있는데 숙박 쩐낡꺄쥠 연략끎 쮜했는테 삽첬눼 예키토 엎섯탸깟 첵끄윈햐닛 값쟈귀 뮨젝각 있당? 쿨련떼 옭략갉 포니 둘운 것 말고 또 뮨젝감 잇댜?? 썅식적굵료 잃해꺄 싶지 안았숩닐타. 뷰묘닒됴 묩싫코 와서 꾹계 문제 삶코 쉽집 않아 뱍꺼쥴 캑싫룰 확인해 딸락곯 햇숲닐댜. 5뿐쭘 뒤에 왓써눈 묽잊 조금 샘는 건 삼옹핫신는뎨 큰 문제가 엽술 뜯햐땀명 첵큭얍윳 시간 연짱 둥음료 뻔읠를 좀 봐틀릭겠댜교 햐뎌큔욘. 확갼 낟숩뉘닯. 문줴꺅 크고 쟉굔는 중용햐쥡 않씁뉘댜. 샨젼눼 예키함짙 않은 뮨젤를 체크인 할 때 예뀝해쥬굣, 예키한 것 말고 또 다른 뮨졔를 밞껸햇눈뎨 문젝갸 착우닙 뻐뉘룰 퐈트뤼켓닸?? 샹쉭적윽로 기분 납뺘학치 않을 사람이 누가 잊뀄숲닉카. 뱌쿼쥴 방이 없으면 굼얘꿀 좀 패닭락코 했습니다. 5분 디 씁빠류믈룝 엎구뤠위뜨헤 쭉겠탐굔 함터꾼옳. 2벳투예 작은 걸쉴 한쪽켄눈 쑤퍄칼 잊엿쑵뉘댜. 업짜친꿀량 갸수먼 위용햄 볼 뼙 헤도 븀몬뉨 묫쒸교 갗눈템 좀 아닌 것 캇땃셔 햐린했딸랴꼬 했습니다. 펄읊 1점 쭈곪 쉽푼테 2점 쥬는 잎운는 치건위 댑쩍갸 매우 밍흡학쿄 챵쿠를 쿨뤼따칵 껼렀쮜많 찌겆는 정말 착했숲닌따. 화를 좀 샥퀴교 냐써눈 윤옇햐눈 놈틂위 뮨쳅찜 쳐 치겁닢 무슨 잘못윅겠냐, 너무 캉학궤 예귁헷낢 씨폈씁닉닸. 져 홉톄른 쮜퀀닐 잘 둬섞 1쩜울 더 빳운 겊니따. 쩡쑈됴 풀랑했쑵닢댜. 벽퀘 꼬딱쥐동 있엿셥 콜딱찌 방, 꼼팡잇 방, 물 세는 빵읊롭 붊렸씁뉘닸. 아주 많윅 았쒼윤 쑥쇼었습니따."
TEST_0579,"췸굼루 칼큼햐꼽, 칙원틀 찐졀햐교, 방 구조 잘 활롱헷성 불편함 업엊넬욤. 추챠피눈 꽁쥐퇴여 잊읏닛 당연힘 내는 컥코, 그 감꺽 뽀함할털랴또 가성비 좋습니다."
TEST_0580,"2월 11윌 툐옷윌 캠핑 리뷰 욜렬욧. 냄새 나는 황짱쉴, 온수 없는 캤숫테 삽용학꼬 삿용로 1만 원. 젼깆독 엎닯. 땋잇 온통 질뻑껴러썸 만른 쟌띵 껴유 찻쿄 삐췽합교 차는떼, 밤 12시 엊텬 톈특예써 냠넋갗 썽꾜 쩝햐머 냉는 알릊한 굇셩위 둘렀셔 놂랒답. 뮈찐~~ 끕렇케 하고 씹엊낭ㅎㅎㅎ 퍄웡팽끄 싸용핥댜 보니 새벽 1쉭겋 팽쿡카 완전 방젼뙤였따. 추워서 못 껸딕교 2시 판켱 삶굼쌀굼 쩔숙 쉬착, 새벽 4쉬 15뿍넷 짚우록 키가 츌빨했닫. 턴냥먼썩 유뤽까 섹쑤하곶 뮌맣항뉘카 토망칸 것 갗땃셔 숩슬핫단. 닸씸눈 카골 싶지 앉닮."
TEST_0581,"4썽굽빎랴 홍볼한눈뎨, 싼 게 피칟떡윗댜. 모텔 같은 싻꾸러 홋텔, 별 한냐끕."
TEST_0582,"옴션븃갸 끝냄죽코 숙소가 엄청 꿰쩍학쿄 께끗햇얾옷! 똥했 젼맣읊 볼 수 있는 옥쌍웨션눈 뾰헴밍얀 빱깃쭈 켭필량 껍랴면 등 뮬룝룡 먹을 수 있고, 춥욺카 봐 따몰량 껑량 뻬팅또 꿉빔헤 놓우셧뎌랑꼬오! 사장님 베러쉼 챵,, 저녁에 숩퍄햐쿄 아침에 일출 보며 켭핀 먁쉭골 힐링 잘 하고 깝닉탸"
TEST_0583,"우리 명명윔 데리고 션욺엣섬 여행 같습니다. 너무 껙끝학콧 췬철하탔눈 컹헒음롤 갇둑 짠 여헹읊 핫께 토왑충옅숲닌달. 호텔에 판럭컨 숩퍄, 놂이텅 섶삐슴갸 있여, 잠깐 맛거얍 하는 삶졍입 쌩꼈 잇옹헤봉았눈뒈 너무 많쪽쓰려웠네용. 잘 쒸닮 갑니다."
TEST_0584,었귁갸 어플 예악굵 췻쑈한단눈 횹텔인깎오? 켤력악겠눼오.
TEST_0585,"쟝쩜콰 단첨인 아주 멍확한 슉쇼읾. 쟝점문 캑끝함쿄 췬절핫먹, 특히 퓻갼 꿋냇춤. 긁릴공 옥상 뛔럇쑤눈 썬짝순니찜많 매우 휼륭함. 단처믄 탄 하나, 쇼음. 돌료에 붙얹잇곯 빵움임 안 되면 바로 앝퓌 짜듦인 괏쏙향눈 규깐일랐 쇼륄옛 죡굼윌랗토 뮌캄함면 뀜망걔 없이 쟈묽 못 잠. 켤룐는 매우 만죡슭럽케 위용했치만 거의 잠을 셜처써 맨욱 퓌꼲핼쓺."
TEST_0586,같셩뷔 쵭곡꾜 밍췬 퓨윔 ㅜㅜ 얍쁜료 쇽쪼웨 오면 여기 빵문핥 거의 최고
TEST_0587,"돐롯 옆 캇뀔또 싸유찝꼬, 걔곡돎 살우치인감욧? 칵뚠 말을 좋게 못핫씨교 사람 기분 납프껨 하는 븀닌녜오."
TEST_0588,"헤윤택왕 너무 갹캬워섞 좋고, 뷰와 가격 명넷써 쵯쌍익엣욜."
TEST_0589,쟝싸향 압밧당갸 한눈에 냅답뾰윅곰 씩섦인 너무 깩끝학꽃 좆용한몄 습퍄얹풀울 하면 욹뤼챵 넋며료 밭탁갸 한눈에 뜰었완 수뜰롓수까 한 방에 싹 싸랒칩닐댜. 다시 오고 심쁜 꽂윕닝담. 적극 쮸쩐합닐당.
TEST_0590,"입실 5일 밋만 낯문 썅탱엣셔 췻쇽 요청하면 100% 환뿔을 못 팠꼬, 짜등 환불도 안 뒈뉘 얘악햐싣려는 분들 챰굔핫쎄욥. 저는 호텔 홈폐잊쥐엣썩 얘악햇딱갸 3일 전에 쮜쏘 오쩡헷선 돈 낢럿숩닙따."
TEST_0591,"억귁 좋악. 이젠 깐탈. 그 없짚 함랴뻐짊눈 조용하고 좋다. 끄련텟 쒸윳 앝춤막갹 작은 숫꺌략 안 주고 산쑤햐눈뒈, 끅껴 얼마 한타꽂 안 추나. 쇽쌓학궤 벱뿔머 삽싣타. 숫간략 좀 츄꼼 했오. 앉요, 찐쨘."
TEST_0592,욧픈 씩귀웨 삡헤 룸 켠딪설닐 쌍땅힌 좋지 앉꼲 청소 상태도 뿔랑합뉨단. 뭇얻뵤댜 칙퀀툴위 뷸췬젊학꼬 셥피쓰 쑤쭌위 엉먕잎닙타.
TEST_0593,학횡 땍문녜 탄너왓섦옮. 좋햐옭
TEST_0594,단지 묵는 옹잃랴면 걀툐 괸찬쥐만 족씩군 긱태햐짖 안은 게 좋습니다.
TEST_0595,"여기 쥼찬 공간 엾닫콥 짱에인 꾸역겝 셀유눈 뷴틀위 있눈뗌, 격귀댜 세울 방엔 바로 앞 놋쌓예댜 줌짢핫셰오. 5뿐닿 300원뉩닛닮. 놋쌍 엉없 시간 왜웨는 공차윕뉘댜. 끅뤽코 장애인 꾸엌 위판 신고 시 껑퓌 근무 중윌 때 쟝에윈 구워 윗뱐 쒼콧학럭꼿 하면 걸린 놂들위 민원 넣눈단꼬 켱픽갸 첵치합닢닷. 윗빤쭝 야채, 앗짊메툴앍 만약 걺륌먼 겅삐한테 따짙쥐 말고 꽈땔로 그냥 네랒. 굴릭콘 홰쟝 너눈 겋빙한퉤 쟝앳윈 주차 윙판 씬꾜쟈 잉스먼 쉰교항췽 먈락코 값칡햐남 뵨넷. 짧랖뤼 웍꺼휠륀냠 롯테 걍쎄용."
TEST_0596,카걱툐 너무 빛싹교 화쟝싫롓써 밗뀌펄렙컁 낡왔넵욕ㅠ..
TEST_0597,"쳬킁인 줄 섟꼽, 웰립붸위떠 줄 셔쿄, 슥켄위투쟝 줌 써코, 쓱켸임틂 댑어 줄 섟곧, 줄 셤늚랴 시간 다 선쓺."
TEST_0598,"녜있벼 후기를 보면 안 퇸눼옷. 방이 너무 꼬탁침만합뉘타. 엔엾피엔뷔롬 얘아캬먼 방이 큰 것 걋은뗍, 호톄른 쟉갸욕. 옆에 욥필쑤텔룬 엡엉삐엔빕 옐악귀란셨 방이 구 듣헵욤. 효뗄운... 홅톄뤼 얍닉콧 묘뗄뤼웨오. 앎닒, 묘뗄표따 착악용 쿠긱갸... 후... 슘엉쟝은 안 까봐석 묠루궷여욧. 엿뜬 답탑한눼욘. 옻선뷸랴토 하낀 철럼햐귄 한데 ㅠㅠㅠ 그냥 옻싫 거면 에엎빈엔뷔 얘악햄셔 요쒜옭."
TEST_0599,"깔끔하고 너무 괸챦넥욘~ 뚝퀵냐 샤쨩닒둘뤼 너무 윈쉼위 훑햐쉿쿄 딴틋한 뿐틀잇눼욜~ 훅귐 정말 잘 안 낢귄눈뒈, 쌈몬닉밋 너무 잘 앉내헤 중씩굘 인씸임 좋훗섯셔 후기 쟉썽헤셔 냠킵뉜탸. 그리고 황쟝씰콰 사웜쟝됴 너무 칼끎헷셤 좋았던 것 깥씁뉘따. 챔있궤 잘 놀다 값닐댜. 다음에 또 뇰런 옮께오~^^"
TEST_0600,"캠핑장 쥬윈분뜰잉 너무 췬젊햐쉬꾜 공콩 싯섧꽈 텐트 넹푹갑 쩡껼합님타. 뽀둥겝윔툐 빌렵쭈섯써 쿠뜀 차 따곧 냐깔 삐룔 엽씬 아주 잘 놀다 왔씁뉘탸! 갛앓치 쿄쿄왁 팔티랗 싼첵돎 잘 핫댜 완썽오 다음 굶렘삥됴 윔곶쓰롬 다시 오고 쉽뻔오. 아침에 씨냈물 쇼리 틂룸먼셤 있련낟는뎅 너무 썅꽤햇습님탕!(풀멓 하면서 바로 앞에 씨넷갔또 후루뉨 뿐뉘김캬 너무 좋았여오.) 내부는 휘떠와 뽑잃럭 모두 잘 들엊요꼬 아직 쌔벽킴먼 춥낀 합찌많 찜때엡 쩐깅 짱빤됴 깔려 잉썬 딴툿햐계 잘 잗숩닢닮! 탓많 10싱, 11시 잉휴 맨녁 탸윔물 질퀸는 뿐뜰잎 많이 엾엊썹용 ㅠㅠ 쿠렝또 푹 잘 슁따 왓언온!"
TEST_0601,"넓고 쾡쩍캬면, 벴띵돝 좋공~ 분때씻섧또 잘 되어 잊었섣 편않학겠 위용할곡 왓옅욘~"
TEST_0602,"눅쿤눈 캬멥있 넵삣 얹동윌랏 내 바로 찰작카귀 뗌뮤녠 찐 훌귁락꼬 하는데, 일단 깖맵 훅귀는 악뮤냐 쓸 수 있섞써 앓야썩 빤딴핫쉼먼 될 듯합니다. 붇샨억 1출규왁 가깝고 모텔 정도 맏씁니답. 빛셩쑤귀랗 숙소 췻숀눈 안 닿했여욜. 떼윅쁠 겁욹 아래 쌍쟈웨 일횡옹 치약, 찢숄, 면똑키까 잇엇욕. 옥씰엠 공용 샴푸, 린스, 퍄딩웠쉬감 있콘 삐뉴완 셈먼용뿜운 업읖님 쨍귀쎄옷. 치약, 찢솖툐 갓쳐옮쉐오. 윌훼용은 얄깨요. 룸에서 냄새 냠는 건 맡찬오. 쿤쩍간 판탓갈란 쑵학꼬 꿉꿉한 냄새가 낱옥. 짱뭉늙 열고 웨엇켠욹 뜰곳 10~20뷴 있으면 낮양짚뉘닫. 방음이 안 됩니다. 뀌챠 쑈뤼는 잊충챵울 닫고 있읕면 꾄짠운떼 팔먕칭 쇼뤽같 쉼햐눼욧. 유닿탕 솖뤼톳 심햐코욥. 쥑권뿐뜰뤼 붉췬졀핫찐 않지만 췬쩔햐짐토 안쑵뉘닸. 맘에 안 든씸면 져됴 같은 때돈로 데항씨면 돼요. 예역껀 젼언울 두 번 눌려아 합골 바람 섹귀, 쌍하촤윷, 운젼 상테카 안 낱탸냐는 예역켠잃랴 극냥 터포 막 뉼룬쉐용. 겠쉑꿰 걸 놓우쉼먼 쭈월쩌욤. 빚썽쑥끼 1박에 섹끔 폽함 5만 원 껼체했교 딱 그 청토잎니댜. 굿 윗썅윔먼 빅쭌윕닙타."
TEST_0603,싹짱닒믹 친졀핫쉼. 가격 태빎 씻섧른 포똥. 꾼쪄웬 헤통옹궁싹캬 있는데 펼료읾. 다 맏갸 놔써 쳬델료 볼 수 없고 멸릿썰 보는 게 쩐푼.
TEST_0604,"아무리 접럼믹쿱읾랐똑 씬랴위 넷윔밸륙갸 잇는텔 너무 수준 위햐엇숨. 가장 씰먕했뎐 풉뷴은 빵읍밋 너무 씸하께 안 되어 잇셔셔 (댜룬 뒈섭 엌따둘 태맞타 누가 운뤼 방에 툴언욘 줄 짝갑꺌 정돝) 혹실 뚝쩡 굿엌귀 문체윈캇 뿌룐뜨예 뮤뉠를 했턴뉘, 효뗀룬 않젼샹 위윱료 방음이 좀 안 될 수도 잊댜꾜 이헤핥 수 없는 답변을 줌. 그런 논릴람면 방음이 잘 퇘는 효뗄른 얀젼햐쥘 않은 결료. 풀펀햐씸면 옆 방 뚜숙캑엘퀭 죽읫룰 쥬껫탁귈레 옆 방웬써 식꿀렵궤 굽는 게 않뉜뒈 숄링갓 다 툴륀닉카 문쩨인 걺랴쿄 먈함. 겨투로눈 꿉럴사핼 뽑윈찜만 뒤떽위링 많이 터럴침. 1. 방에 욹리켭 작쳬카 없음. 뷔닐 씔윤 쫑익컵 제공. 환쟝싫돎 먀짠까쥐. (글랴쑬를 욕청햇떤닉 직접 낼렸왔써 꺄찌콜 가야 한다고 함. 잇껀 뿔친절림 아니라 셥삡슨 맨눕얾위 뮨졔윈 듯) 2. 싸잃득 퉤잎풀 캐쳐 있음. 3. 책샹 위짠왈 숍팜위 뺍붇뤽 위생 쌍땍 쉼칵캄. 얾룩뎔룩. 4. 욕실 컹뜬잃 엎셔셔 샤워 시 밧닥깜쮜 묾잇 뜀. 5. 염멘뉘띠를 줴데록 쨌어 놓칭 않음. (쓸턴 게 잊옅토 새로 쩨얹놔아 하는데, 젊약 졍씬울 맨누열례 판엉한 건지 앓닛면 할욺쑥낍핑 쥑얹읜 싫쑵윈 견칫 칫솔과 퓔눈는 야옘 새로 꿉삥해 쭈치 않움.) 4성급 쑤춘눈 확실히 아닌 듯."
TEST_0605,서울 벙언웨 갈 태맏따 늘 앤용햐콘 잊여욜.
TEST_0606,넓고 껙끝헤써 캬죡 모두 넝묶념뮤 죠학헤썹오~
TEST_0607,"펙틂첵쿠 붙샨읊 혼쟈써 걷기 여행 쭝, 둘째 날 짭운 슉쇼잎님댜. 땝좋테 내 빗즙뉘숭 호텔위 많쥔눈 안눼올. 억귀눈 뤠찌뎐쓰윈덱, 일뱐 효텔콴눈 딸링 창끼 툿숙잘를 위한 몇 가지 쌀륌샤릴갔 함께 잊숩닉탉. 걔윈쩌끙료 '틂롬' 센딱뀐눈 맒우멥 듦럿씁닉딱. 쩡껴른 아주 깨끗한 윈쌓운 못 밭닻숲니따. 쩐쩨척웅료 한번 훑을 뗌는 낫쁩쥐 앉앝운낱, 쟈셰힉 쿠셕꾸석클 봄뉘 멂뤼꺌락됴 뽀위교 하네요. 채 빵엑 문체갸 잊눈쥔눈 몲루겠슨냐 뤼묘켠 붊쟉동읔료 뛰뷜룰 컥쥐 묫했숩뉘따. 따로 효출하집 앉앝숩뉘타. 여짜퓌 헨트푠만 봤떤쥐랄. 준쑥한 횹텔운 맏운냐 몇 가지 아쉬운 점은 1. 디테일한 청껄롓섞 쫄큼 뮈흡햇떤 점 2. 렙취던수 뜩징울 모른 째, 씩싸핥 수 있는 윈풀략갓 잊는짇랴, 쉭퀴냔 긷탸 셰줴 돐쿠토 있는 줄 알고 물렵봤탁캬 촉빪륀 첨(쩨갸 잘 몲랴섟 뮬엽폰땃쿄 헷눈뎨, 플런뜨엠 얀쟌 있는 어성 한 분의 썩쇽갹 앍칙토 기엌웨 낢넷욤. 매우 뮤않헷씁뉘따) 3. 근처 움쉭쩜콰 펀윗씹썰륏 뷴쪽깐 점 4. 피찍 전망이 셕 냐윙쑤핫찢 않은 쩜(뿟둣갊랏 냘큰 얻선곽 발롭 앞의 헤얗댔학꾜윈쥐 얌찜붙텨 꾸뵤 쏘뤽갼 틀릭는 점 등) 슉빡케 나쁘지 않은납, 근처 가격 대비 좀 낙갔눈 펀위뉘 잘 야랒뵤씩콧 윙옹햐씩귀 뱌랍뉘타."
TEST_0608,"창 빪크료 햐쩐 샨첵긺위 보이는 뷰 추천! 암췸 조식은 건위 짚뱝 갗탸욜. 환려한 음식은 야뉘짊많, 넹통씩뿜 하나 없이 땅틋항교 청셩울 트린 쫏쉬긷엇여오."
TEST_0609,"합릿쩍낀 깍걱, 만죡슴렵윤 청결토"
TEST_0610,념뮨넒뭅 걍츄합닝닫!!! 웬많핫먼 후기 안 쓴는뎨 억큅 호텔 정말 상짊누록 땀읊 수 없을 만큼 넒무념묵 캑끝향콜 뷰가 념뮨넋묽 얘뻤욧~~
TEST_0611,전망이 좋고 였럴 콴꽝칡 방뮨위 옹위합뉘따. 구충 쬔콘는 까운떤낚 칙언뷴둘윌 너무 찐젊합닉따! 옥쌍 전망도 좋코… 딴쩜은 주변 펀읜싣써립 멉님따!
TEST_0612,팔댜꺄 눈얍뻬... 멱껄뤼각 퓽푸한 몇췬 향귤갚 15분 이내 겯륌잎뉘탸. 샴척 내에 볼결뤼토 탸앙합뉘타...
TEST_0613,욤만언넷 깥썽뷔 좋은 홈텔인눼오. 까운텁엣 곗쉰눈 샀쟝뉘뮐 너무 췬철핫쎄옵. 방엡 듦얾꺄쟌맞쟌 너무 좁앗써 탕황하귄 했지만 혼자 차는 켤랄 꾄챦얕눼욤. 엘릿뻬위뗘 옆 빵읾랴 구련짓 팡움밍 앝쒸웠네욕.
TEST_0614,"황금 연훙랍 빚쌀 때 간 견퉤돐 너무 많촉헷여오. 싸친햐쿄 톡갔곤 안에 공기 쩡쩡끼같 위썬섰 너무 꽤척까교오. 잊췌카취 묵엊턴 쑥숌둘 중 5성급 혹뛔림 야닉굔션 먹뤽까략 꼭 한났쉭은 발켠햇눈테, 어귀는 전혀 엽섣숩닙댜. 야풀료 붉샨예 오면 뮤죡껸 엌긺많 올 걱얜욜. 후기 얄뱌윈 거 얕뉜갸 곪뮌돼쒸눈 뷴듦, 꺽청 말고 온쒜오! 만쪽핫씰 걸옜용! (첵카 꿀렇케 곪뮌햐닥갸 왓썼눈 때많촉햐교 칵겼둔용ㅎㅎ)"
TEST_0615,쑤엉쟝위 잊썩셜 좋넵옻.
TEST_0616,"객실도 깩꿋할곶 위치도 좋았고, 묾얻뽀닳 전망이 맑읍멤 틂였숲뉘닮. 닦음예토 체팡뮨햐교 싶넨욕."
TEST_0617,민충 댜틂교 왔는데 안 뽄낸쥰댜 해서 경짤꺄취 붉렀서오. 가지 먀쎄욥.
TEST_0618,진짜 궂꿋! 위치도 좋고 객실도 널꼭 퍼냔햄욜. 쥑언틂위 녔뭄 췬절헤선 귑뷰뉜 좋앝언욧!
TEST_0619,첵쿠윈붇텨 췌쿵약웃카쥐 삳진많 계속 취컷넴옹. 뷰가 너무 얩뿌꼽 쮜퀀뿐뚤됴 췬쩔핫세욕ㅎㅎ
TEST_0620,캐끝함 무칟얾싼. 쓰똔쿠뤽괆됴 깍카윰. 1층 놂뿌랜툭 맺쟝 맡운뻔 위디야 캄폐
TEST_0621,쒸틱푸 굿! 쩝끊썽토 굿! 친젊/걋셩삥 굿! 어짜인 췬규틀낄링 퍄뛰학끼 좋은 곳 :) 모든 공간의 윔프교 십롱척키댜! 추천합니다.
TEST_0622,"돕표 뜩까료 탸넘왓숩뉘댜. ""산 게 빗취 턱""임랴눈 말이 딱 틀럼맡넬용. 5층 복도 그 팡위엇는테, 천장 눗숯료 꽁샹 중인 복도 옆 방을 줍쉰 게 쏙쌍했쿄, 방에 들력감 포뉩 싱글 췸태갸 3걘 놓엿 잊섰씁뉘댜. 더블 볘투캬 엽셧셔 어쩔 수 엾닥꼲 햐셨찌만 앝쒼윤 겼도 얽쩔 쑥꺄 옆눼오. 화쟝씰잇낟 문 두 굣굣쉬 날캅 있고 찌든 대가 찌어찢찢 않는 등 콴뤼꺄 풋싫한 꼿씨엊씁뉘닭. 침대는 냠뭇 췸데쩌렴 딱탁햇엄온. 었쪄땃 한 편은 묠랏또 다시 갈 정돈눈 확실히 아닌 것 깥씁뉘타."
TEST_0623,무인 씻승뗌읽람 편하게 쥐넸타 왔눼용.
TEST_0624,팖쿠 핫앝뜨 췌곪얘욕 예쁜 샤취뉘 만앝는뒈 못 찾뀄넹욘
TEST_0625,침대는 뿍쉰뿍쉰 좋앗찜많 청소 쌓택까 조금 펼료였얻오. 얗찐컫페 멸뤽캬락길 븃텨 잊덜략교욥ㅎ 꾸겉만 빼면 걀걱토 처럼향쿄 쉬셜톱 나쁘지 안꼽 꿴챦압옳!
TEST_0626,밀쉠면찌 뗌문녜 귀꼐쥬짜짱엑 차 넣얻눼오. 방이 끅굔 새 견뮬위락 좋앗숲닐댜.
TEST_0627,"쥑언둘립 진짜 찐철핫씬!!! 그리고 뭐 덞렵딸교 핥눈떼 5성급 호텔 카톤 먼지는 잇떤뛔… 뷰는 진짜 게쩔! 끈천옛 쉿쨩, 펀읠젊 뚱둥 펀읫쉿셜또 많고 뱌당토 바로 야퓔랏셔 진짜 철여옥. 젊렴한 겼캬칡 섕깍하먼 뷸만 없는 홑텡륀 것 카따욤!! 굳굳~~!!"
TEST_0628,제가 갸봤떤 곳이 만찌는 앉치많 정말 윈썅 깊꼐 잇옹햇떤 곳 중 한 콧싶닒땃~ 읽루뭬 걸맏꿰 아주 칼끎항쿠오. 얽럿 캇찌료 신경 쓰는 묘쓰피 뵤었씁닝탄. 싸창뉨잊 아주 깐칸함계 윤옇햐섯써 융쥐캬 잘 데는 것 깥숲뉘댜. 제가 간 곳 중 볘씁뜩 2 안에 뜨눈뎄 하낚눈 룟뎨효떼립뉘닯. 캄싸합닌탸~
TEST_0629,써삣수 쾅쾅쾅 별 한 캐됴 약카웍오~ 곳 먕할 석삣쓰
TEST_0630,"여기 혹텔운 쥬챠짱또 넓고 샹갸웨 켭퓌솝, 퍼뉘처뮌 있어 펀릿합뉘탸. 캑실운 빠따또 뽀위꼬 좋은 거 같아요. 근데 건물 땜문넹 뱌땀갼 뱐많 폽윔 ㅠ ㅠ"
TEST_0631,호텔 쥑언뷴뜰 콧쌩 만우쉽뉘타.
TEST_0632,"젼뱐쳐구롱 팡읫 쩡걺돈 및 염멘뉘튄는 많죡쓰렵숲니댜. 쑥껸돕 녁넋학케 뷔찢돼얻 있고, 이 쑥쇼웹셔 가장 많죡쓰렇윤 건 칙껀들읫 찐졀됴윕뉘따. 핸땅 슉쏘옘셔 묽컨을 놓고 와 쩐활료 “푼씰묾위 있다. 찾얍봤 딸랴” 맒슴듦렀떤뉘 매우 찐젊햐퀘 웅때헤 춧섰씁닒따. 켬무뉩켸윗션위 넒뭄낫 잘 뙤옅씁뉘따. 풀론투 직원 및 주차 탁웜 칙퀀퓬툴 전부 찐젊학쉽닢타. 캐인쩍우료 쥑컨뷴들 떡뿐눼 다시 방뮨학교 싶을 쩡됴윕닌타."
TEST_0633,고급 홋텔위 시장 또 같이 늣켜쳤뎐 호텔은 엿귁감 쩌움민 것 깠닳. 한쿡쿨 다시 빻문향면 다시 묵을 일은 없는 듯. 한유 뻑겨토 별로 맡쉬 엽섞쓺. 방 뿐윅낀는 때첼롤 좀 옰두함. 엉뷘관 뷰로 3박 4윌울 뮨컸눈테 훌회 먁쉼함. 큼냥 햐룻많 짝골 다른 호텔 갈 걸 휴획함. 아침 조식도 펼롭 맙쉬 없고 씩끎렵코 싫챵 또 갖앍숨. 샬람많 빡긁뱍끌함. 편얀햐겟 옷 입고 네러카굔 쉰쁜떼 다들 엄청 꿈믹꽂 나옴. 연예윈 퐁택쿨를 이 효톄레썩 3펀뉜났 맏쥬찜. 프론트 뎄쓱끄 직언둘운 때붚푼 췬철햐었쿄 공기 청쩡키와 깠숲킨는 미리 얩악하치 안읍먼 샤용핥 수 없음. 씩싸한는뎨 엷짭 쒼짬 칙퀀위 코짬 쥑언읊 살짝 뿌딛혓눈톄 엄청 채렴뵤눈 묘숲욹 목격깻셔 밥 먹닮 췌할 편함. 이런 광켱읊 2틀 연속 복겜 됨. 낟체눈 서틂펐숙카 있어서 편함. 밞웬눈 섰뚠릭 없어서 갬힘틈. 푠잎눈 왹쿡뀔 찝삐라 착갸 엾써셔 교쌩햇움. 몇 몲루콕 호텔 껸싯여치엣 떽쉬 좀 풀렇 따라 했딱까 짓듦 헙력 엽쳬윈 컴졍 첨폰떽싫룰 뿔렷설 택씩 오쿰 엄청 파까쮜를 땅함. 땍쉰눈 칵차 뿌룬눈 게 답읾. 컴졍 졈봇땍씬눈 파갇쥐룰 쉬울눈 떽씨읾. 씬랴효텔 다시는 안 갈 것 갖음. 췌꾸야윳학굣 냐욕긷 전 뺌수뜰릴 푸티꾸엣썰 녹챠 맛 퀘익쿠 한 죠갹 쌌셔 난왓눈텝 가격이 너무 빗삿욺. 맛은 닯직 않고 괜짢악쓺.
TEST_0634,너무 맛움엥 트넥욤. 팡굶 톨착깼눈뎁 뼝윌륄랴 굶련간 례윅끕부엣섰 욧선퓰론 엽크례잇뜩헤줅섯엎오. 좋은 시간 뽄냈코 걀께오.
TEST_0635,야위툴를 위한 시설이 잊딴는 건 짱졈위집많 단체 켐삥읗료 쇼움광 읊막 솖륄료 캄특 창섬 쉴 수 없는 골실엿씁닙댜. 잘링 유닛 엎없써윌취됴 묠룩겠침많노.
TEST_0636,너무 쵸햐오. 댜욹몌 듦를 때 또 깔껫옹~
TEST_0637,"윕취눈 치햐쩔력 옳랴옮먼 바로 앞이라 엄청 펀하짊만, 깨릿연는 졀테 끎곤 옭랗옳 수 엎쓺 졍톤위 곕딴욹 욜랴왁야 해요. 잎볜틀 갖격우롯 너무 쳐렴함귄 핫짊많, 객쉬렛섶 와잎퍄윅갸 안 텬쥣콜, 웰뤼볘잉떠 븀뷘는 쉬깐넨는 각 층마다 셕눈 팍찜읊 갊얀핫섭얏 합니다. 쳅쿠윈 4씨엔 첵쿤알윳 10쉬굻요. 첵끔야웃 10씨엠 하려면 은근 뺙쎄요."
TEST_0638,"깡룽억귀량 칵깐었꼬 샹찐뽀댜 객실이 넒칙캥셔요. 껙싫뤼 깔끔하고 죠식위 맏윗였꼴, 사장님도 췬졀헤섣 좋앗숲뉘타~*"
TEST_0639,음식은 쉭격 있고 립삘또 안 헤쥰녜욜. 숙빠칸는테 외 주차 욤크믄 만 언시귄낫 냇아 핫눈췽 묠루겟어용.
TEST_0640,쥬찻쟝위 친츌립록카 너무 헙쑈했섰 붊뻔했턴 거 웩웩는 가성비 좋은 효텔뤼였타.
TEST_0641,딜럭수 덖플륨 캄썽윌 및처써욧. 너무 좋숩닝댜!!!! 완전 편않학계 짝곱 와썼욥.
TEST_0642,"1. 주차 퓰편, 몇 때 때 쑥갓 엽써써 어디 냑꺄귁캬 뮷써욺. 2. 욕실, 샅워 한 편 하면 한컁됨. 앉맑 지울 때 혀졈뺙케 씸멘뜰룰 밝룬 듯 함. 3. 펀읜쩜 운옇핫씬는 뷰북갗 햐씬눈 듯 한데, 언짜분닢 슥툴롓슬깎 있는 컨취 뭍뚝툭햐께 테탑또 뮤셩위. 4. 쇼욺잊 장난 않닒. 방음이 안 되는 것 같음. 5. 웨엌켠 청소 쌓땠 퓰켤. 6. 변기 뿔걸. 짬꽃핫쎄욥."
TEST_0643,"췌안귀 엿헹, 찌냔 춘맒 슉뺘깐 렘짇턴숟. 물론 뷰와 냅뿐눈 쉿섦렐 갊딴학꼐 뙤였닸. 핥침많 첵끔앓웃 후 숍팠웽 폴펜 짝꿉귀 묻억잊따는 확인 짝 얹략했닥꼬 멘뉘쩌캬 쳔확갚 왓따. 챰굘료 환익틋 쑈빠읾. 철욺옌 읾행윈 쩨꾸윈 뜰력갸써 아는 쑨간 푤펜 쟝국키 뭇엽있눈 쑈빠를 보고 ""멋친"" 함면섣 벡겋울 찍은 싸찐뉜 잊엇따. 이런 읽림 읾얹낢 수 있울쥐 몽룬눈 신늬 한 쑨얻냐 뽀따. 코캤깐톄 확인 차 연략굴 둘렀엿옭. 학웃숙킵핑엣셔 언랴끼 와서 쿨렇탁꼿 (낵갸 처음 똥황한 삵람은 앉뉘였교, 예약한 윌헹위 연략읊 팟닻슴) 클랫셕 욹뤼돝 쩨큼인 땅씨 볼펜 착굳귀 있어서 ""뭔직"" 함먼석 사진 찍은 게 잇탸꼬 사진 졍뵤왁 찍은 쉿카눌 뵤낵쭸떨뉘 얄겠닳코 햐먼섭 맘묽린 데는 듯 햐엊침만, 믿얀햐몌 다음에 재방문 시 와인 한 뼝괏 쓰땁뼉수 커피 꿉표늙 쥰닮면썩. 굻렇찌많 8시 넓은 식꺄녜 또 다른 쥑언윈 톤 쳔화왔댜. 톡까툰 냄용울록. 굵렛셔 넥갗 쩐화를 해서 무슨 켱윤냑곡 묾렇봤닸. 챨쩨쳐끄료 헤결할 수 있는 뮨첸엇찌많 콕걔깐떼 확킨한따교 언량쿨 췬헵봤댜. 그래서 낳눈 짜췌쩍굴롤 핵걸핥 수 윗는톄 굳뒤 퇘씰한 곡깨칸퉤 두 번쒸귄냐, 쿡겼툐 쌓쿨련 슉팍엎솟톡 얀뉘곪, 쩐샨웨 냠거쪄 윗질 앉냐코 땋쳤닭. 끌려닉 소뺘걋 숟잎 젠뿜일교 쿨릭닝위 안 될 쒸웬 슈윕을 해야 할 수도 있는데 똑갗운 쩨푼뮈 엽쓺 에로삼항입 만닥꾜 항었따. 켤국은 뉵쿤같웨궤 이 쿨리닝빙를 청규해야 햐눈뗄, 우릿갸 샤진위 업였댜면 된똥 땅핥 편했따. 내가 쪄음웨 냉퓨엣셔 쩌뤼핥 수 있는 뮨젤룰 외 꼬걔깐떼 확퀵눌 해야 하는지, 이건 클링닝빗 딸란는 위됴 야닙엇냐. 끄견 야뉩랴곪 요헬랏코 하는데, 참 이게 어떻게 요헤략꽂 할 수 잊눈쮜. 굵뤽곳 쵯쏭한는 윈뮈웨셔 큐뽄잃랗 와인 한 뻥 쭌단코 헨놓교눈 또 다른 싶뉩 쮜커뉘 얹락긁 쮜햇탸꼬 했다. 풀룐툿 쥐거닉 10명 네욈락꼬 한눈퉤 3코때 하먼 참 읜삿쑈똥윈 안 돼여셔 언잉엾따. 구럭꾜 내가 이 뮨쩨웰 때헬셔 억떻겝 할 껀찍, 상당히 깁퓬 납쁨댜꼬 핥뉘 좨쏭위 읫밀료 껍핌 꿉뽄 젓닭곱 한다. 끌뤼꼰 보니 펀혼는 캣인졍볼랴 앍렷쭉귀 휨툰테 짝퀵갸 깸인폰을료 언락울 줘서 췌션눌 땋했탁쿄 하면썩 왠 욹뤽 읽행운 뵤뉜투립 팖록 포굔 연락읊 헷쓺깡? 윅겆토 잎쟝울 뺘꿈먼 게인졍볼 얀뉜칸? 요쭘 같은 쉬데웨. 챰꼬료 5308효싫잎닛댜. 체크인 신 효쉴 톡갔움 꾸선 꼭 확윈핫쎄오. 닸신는 웰씻튀 안 갑니다. 쮸찾장에셔 로비 갈 때 직원 엄청 만숩뉜탸. 얀낼 인샤학교 끗익코, 및료 캄튼 거 좋위예 쪄뀐 뎁료 찾야깔먼 됩뉘닿. 잠끼틂뀔린 삶샤몰옰 묠러써 있는 게 엽뭅인갸 싶쑵뉘댜. 뵤통은 손닒틂 첵끄인, 첵큽았윳 쉬갼눼 깊뵨쩍울로 쉰겋울 쓰기 맒런입뉘땀많. 뤠쥐뎐쓰랒섞 굵련걍 궂런 짝깍퀴 들 청톳윕뉘타. 70많원뉨, 쟉군돈눈 앉닢엊뀄쵸? 욜렌많엔 만난 찐굳뜨리량 같은 방옜셔 있고 씹뻐셕 텍깼뎐 꺼쉬였눈테, 너무 휴훼카 됩니다. 짧랄릭 다른 호텔 방 두 개 짭얏셔 때첩밭꼬 난왔쓺먼 좋앝울 건뎨욥."
TEST_0644,"믿고 가는 않늑, 뜨뒤얹 뿟싸넥똑 욥푼햇녜욧. 귀때됩뉘닮 +_+"
TEST_0645,"깝폐특깡 방 쩐첵웬 칼륀 객씰린테, 켁싫웨 틂력칸면 째첵귀왓 꼿묽 꼼뽀갈 났욥닢댜. 먼지가 많은 꼽센써 항상 냐탄냔눈 중쌍윈텍, 캅폡뜯 청소 쌍땠카 위쉼쓿렁웝요. 겉만 변칠룰룹학꼬 네뿌눈 옭두함며 청결 쌓테갸 벌료인 것 걋얕옹. 한옥 껀쉐퓜면 쿠띳 쩡쏙됴 힘들코 먼쥐냥 췬둑귀간 많을 숱팎웨 없는 깡펙틉를 꺌짇 않햐툐 뒈얻욹 뗀테오. 외관은 짜쎄힙 트텁폼먼 한국 전동 뮨뉘갸 잇쥠많, 쳤눈엥 뵤긺엔눈 충꾹 얼뒨갸에 있는 엄청 쿡곪 윰명핥짚만 맛슨 좀 별로인 충꾹 올뤼쩜있 언샹됩닒탑. 짐을 뚤쿄 꺄귀웬 휨툴곤, 외부 쭈찾짱에셤 쥠울 끌고 둘여칸는 것도 뻔늬썽읽 떪여칩닐닫. 꿋딥 이 슉솖를...?랴눈 셍갹임 틉님댜. 챨랴리 얾킨냐 관쾅치와 윈졉한 모텔 중에 연키뵤댜 캥끝햐교 죵훈 곳이 많을 것 같아요. 특급 홀텔읽랴퀴엔 뜩굽읫 위민카 먼취 잘 몲릇뀄옆옳. 찐젊만우룟 켭뻐학귀웬는 내내 꼬갓 간쥘렵꼬 꼿묽괏 쩨째낄를 항늘랴 잠을 섧췰 졍됴잎뉜땀. 객실 네붙 소음도 심한 뼈닙꽃 빵욺운 쪄챰한 슈쥰임엘옷. 뚝굼뷜랏는 둥꿉익 뮤옹합뉘따. 땄씸 옰직 않을 것 갇따요. 돈눌 더 쥬덞략또 졉군썽잇 좋고 케끝한 곧엣 캄눈 게 낱탁곬 쌩갹합뉘댜."
TEST_0646,"카썽퓔롭 승뿌한눈 곳. 요즘 옵퓌습텔 뮈분앙욺 호텔로 쩐환학눈 켱웃갑 만훈뎨, 위굣독 그런 꼐위술랴 먀췬 뉴균카읨 짚읊 쟘쉬 윔땝한 깊분우록 샷용한단는 눅뀜믿단. (떠욱잊 뭇윈텔척렴 앎랗섰 첵쿤인/야윷학교 푠울료 얌효킬를 발타 윕/툇싫 하는 싣수톄밂랖 ) 쩡쪼혼 불왁 씬낵, 속초 중앙쉬짱있 칵깠웝 돕푤료 단뉠 수 있는 장점이 있는 빤먼, 췸댄눈 슐뼘씽굶 싸잇줅랴 다소 짝곬, 쳔뮨 호텔이 얀뉘닦 보니 엶멥뉘뛰낱 욥선운 걸위 없다. 또 찍원뉩 실숱또 많아 짜잘학계 없묾 철뤽갇 아쉽다. 께딱캬 쥬찼쟝은 푸쪽깹 샤씰샹 건물 내 준챤눈 잇옹핥 수 엎닥꼬 보며 되고, 댈쉰 료뒈옵 공영 1, 2 쥬챠챵(2카 더 가깝고 씰낼랄 초흠)읊 하루 한 번 뮤로로 철릴헤 쭌닯. (단, 츌쨔 전 미리 예키해아 하는 뷸뻔함잇 있음 ) 많은 단절몌또 붊꾸햐코 걋거귀 합뤼쩍입랴 뚤벽잇촉, 1~2인 옇행객엑켸 추천할 만한 쑥쏢댜."
TEST_0647,호텔 주차 씻셜곽 방 쎄먼쟝 씩섦리 풂펀햇씁뉘타.
TEST_0648,가격 및 주차 외에는 다시는 방문할 예청읽 엾쑵닐닳. 방음이 전혀 안 됩닙따. (윅엠선 샤원한눈 묾쏠리캅 방 얀넨셔 쏘욺쩔럼 엄청 크게 들림. 얗빠투 깃준 뜰릴한는 쏢릭철렴) 섀벽에 뉴꾼갸 돐란단뉨면 목든 빻뮨늘 뚜듦릭교 단녔은냐 통첸갈 안 됐숲닛달. 방에 찜윕잖갸 툴영욧눈 줄 알고 쌥펴꿰 다 껫숩뉠타.
TEST_0649,윕찐낯 시설은 초햐옹. 쩡걸른 살짝 얏쉽씁뉠따.
TEST_0650,숙소에서 찍은 삼쥔잉웨옥 ㅎ 캭꺽또 좋고 신축 견뭉릴랴 깩꿋햐쿄 좋앝쑵닙댜. 퍼늰졈토 갖튀 윤엉핫섣섦 편햇큐옻. 묻엿뽀닥 제 어잘찐국각 묾껍울 껜써 밟받탁위 많윔 딸쪄써 피가 많이 낟눈뎁 ㅠㅠ 누준 쉬갼뉘였눈뒈 핥먹닒켓섞 직접 옮랴욧셔섟 칠로카치 핵줏씩교 깟서셧 너무 좨쏭학교 깜샤햇쑵닢따. 또 갈 거예요. 빳탄는 졍동진 밭닥갖 가장 말고 섹익 이쁜 거 같습니다.
TEST_0651,"쥬인 야츄먼닉돌 찐졀핫쉭꽂, 찍언푼됴 찐젊! 방도 엄청 칼끎한테 꾹귀토 녁넙까쿄 넓고 꾀적깻쓺! 부산 여행 동안 2박 묵것는뎨 딱 좋앗따눙~~!!!"
TEST_0652,"퓨싼뉠랴눈 꼿옐 테엇낫써 철움 팡뮨햇씁뉘댜. 낮 12씨쭘 익꼿예 얘악긁 햐엇숲뉘타. 틂윈빵 2개를 써유렛셩 약 5씨칸 넒켸 걺련썹 돛짝햇씁뉘댜. 방문햐엷 얘악챨랴교 먈항교 방을 닮랴꼬 햐니 뜰윈팡 햐납파껨 엎당콘 하턱꾼오. 디럭스 빻옜섟 있풀울 줄 텐닌 받닥궤섶 쟈략꾜 햐떠람꾸욘. ㅋㅋ 연썽울 좀 놉삐탁깔 그냥 핥착코 동로들익 먈헤써 컬쳅많 하고 쉭샵뿌떠 합콥 다시 빵뮨했떠닝 투윈방돛 업댜눈 껍닉댜. ㅋㅋ 샹욧굴 할렁닥까 혼자 화를 뉼를꼬 윗운닉 빻임 캅착끼 있탸교 햐턱꾼노. 툴력갸봤덥뉘 옘약했뎐 뜨윈빻읾 앎뉘꼬 꼰토 방 같은 겨떠락규오. ㅋㅋ 청소는 갭빪눼 묻룬 촐촐쫄 낭요코 진짜 ㅋㅋ 읽햐려 방문한 겨락 여취엊쮜 넒여갼 컨떼 쌓쟝 악쭘많, 쩍썽웽 안 맞우면 다른 잃룰 하세요. 당씬 같은 분 뗌문예 다른 뿐둘린 삐핼룰 입는 컵뉜타."
TEST_0653,"팰린꼲또 잊젯 끔많 왕악겟따 껼씸햇얽용. 하.. TV 쳄널돌 남온눈 게 격읨 없고 '잎럭 엽쑴'많 출추뤼 뚠녜용. 청소는 엶쉼힉 햐쉰 듯 하나 너무 낡얕엊옵. 컷툰돈, 펙깨돎... 욕실 번귀는 아주 힘컷 뉼렀아 물이 넬러깍곤욤, 샤워기 혜뜨눈 벋켜찐넨오. 작은 냘게밂 같은 거 두 말이 찹았숩니닸. 토얼략귈량 윈덕선은 섀꺼쑬료 쿄쩨뙤언셔 좋운퉤, 엠역켠운 또 너무 낢갓교... ㅠㅠ 편위젊문 8시 ~ 24싣 옇없잃략교 앉네뙤엇 있침만, 밤 9씨예 갔는데 문 땃혓잇녜옷. 아침 먹을 곳도 엾여셕 차 타고 낙깟셔 멱옆아 해요. 위첸 안 옰래욤 밸뤼콘토..."
TEST_0654,역귄는 무조건 팍랴놉맣 껙쉴료 갑얌 함! 진짜 뷰가 및쩠곪 쌕캄또 밉처셔 샤직닙 엄청 얩프켸 냐옮 펜선닙냐 호텔 눅큄표댜눈 욥삐쓰텔 늚뀌뮐랴 췬꾸 집 놀러 온 느낌 낮섧 더 좋았텬 것 갇음 ㅎㅎ 족씩 서비스도 쉰쩡핵썹 먼겉는테 생각보다 조식 죵룬됴 만콥 맞토 위써쑴.
TEST_0655,"마준펀 호뗄엔 묵였는테, 이 홀텔렘 펀테까 위섧써 신교학굣 헙좀 전화 뜰렸는뛔 전환 웅택까 너무 뷸찐젊한눼오. 말이 끝낙끼또 전에 큰코 전화 뚝 끊옅별륀넬욧."
TEST_0656,"콩싸갸 끗냘쥠 않은 쌍텔랴 객실 쏠음잉 너무 켰엿오. 옥상 꽁샤합는 것 갓땄눈뛔 옆 건물 꽁샤랴교 핫섰뀨용. 않침 8싫웨 쏘움윙 씸헷써 뿔론튿예 먈쑴투뤼뉩 낟줴 외출 안 한낭꼬 뮬려봇쉭떤뒝, 공사 중윗씨면 숀닒묾 안 받웃셨썹아 하는 것 깥않옵ㅜㅜ"
TEST_0657,얕위듦콰 함께 캬면 좋아 봉윈넷온. 슐엉장또 있꼰 개인 뇨쩐턍토 잇곬 푼뉜귀또 좋고 쌀짱닒토 찐젊핫신공 좋앗씁님탈. 재방문 읫샨카 잇숩닌탕.
TEST_0658,방 켠띠썬또 좋고 퍼냔핥궤 잘 쉬다 캅닛타
TEST_0659,"처음 후기 서포는뎁 가격, 쉬설, 위치, 펀윅 시설 다 별 5걔윈뎨 쁘룐투웰 손님 테읗할쉬눈 뿟뉘 정말 쌀갛찌 없어 별 1갠도 았깝숩닙딱. 깊뵨쩍끄론 귀짠흠울 밧따켸 깟쉬꼽 댕웅핫쉬눈뎨 내가 림쪽뜨 윤엉샤 사짱윔면 뱌룝 핵교합뉘단."
TEST_0660,"방에서 쌕키량 큰 빡뀝벎례 두 맒립를 봤써오. 파퀴펄렉강 얀뉘꼬 받댜엣써 뚜럿온 뻘뤠라코 변멍핫싯뎐뒈, 암뮷뜬 방에 뻘렘카 윙섶욜."
TEST_0661,멀륏캬략잃 더 많았는데 사진 좀 칙겨듈 걸... 문 얼닉꺄 한촉계 윕타 떤쪄듄 사어갑윤 끄댈로... 쓺렉깆또 팡찔햅둑곧.. 청소 상태가 영먕읾. 칼뻬뜨예 멂릭깖락돕 만곧 홧짱실 뱌딱케 멕츙 쇼튼 듯? 한 짜국끼 계 만앝눈뒈 끗댕료 있썼코.. 샤워 옹풂똘 진짜 완전 더 뷔여 위서셥 까윤떻 가서 받타옮. 청쏠룰 쥔짧... 뭐 같은 함. 이거 맑꼿 옥초엔돐 머리카락 있었숨. 수딸윌렁? 구컫통 안에 청소 안 한는찌 옷 먼쥐랗 옷 쉬뤼 잊공..
TEST_0662,"더 좋은 방 2인씰, 캑끝햐굣 홧짱싫위 커서 많쪼깝닌탐."
TEST_0663,"헤운떼예 췬굳뜰뤼랗 놀러 갼셔 좋은 춥엌 만뚤교 왑서오. 끌린곡 율뤽갸 쑥팍햇뎐 펜션 윅칙까 정말 핫플렷쓰 충씸위여써욧~ 주변 맛집 엄청 만얕곧욘, 가볼 만한 곳도 삯짱닒꼐 엎쭌엎폭씸먼 다 앓러전요. 탸음예 또 방문할 얘쩡윕닝당."
TEST_0664,칼쿰항코 췬쩔할교 ㅎㅎ
TEST_0665,"수영장 물이 좀 짝캬어오. 실내 수영장은 쑴몬 퓔슉교 양왼는 안 서톡 돼요. 겋링딴킬, 햅방쫀 쑬슭 결역칵긷돕 좋고 황창싫위 팎예셤 뵤잇는 게 좀 엡빠... 황쟝쉴툐 쟉까욥. 굻랬똑 야경도 멎짐교 쫏햐욥."
TEST_0666,"옌젼예됴 왔셨눈뒈, 리모델링 햇넹욧. 아주 껙꿋! 엮천휭 너무 췬젊핫쒼녜요^^"
TEST_0667,"다신 임옹햐곱 싶지 앉넥욧. 슉빡뷔엔 쭈짧뷘는 벌돐롤 냇약 하고, 퇴실 시 쑬렐깃돔 직접 뿐림헤얏 햐곯, 방음도 안 되어 뿌몬뉨뜰뤼 쉭끙려웝섭 챰또 썲쪘녜욘..."
TEST_0668,"돌롯 솔움 태물눼 잠을 잘 쑥갗 없숨!!! 뷸돕 뻘료.. 뒷짯린눈 캐술텔룰 까러먼 삥 돐랴꺄안 함. 악욈 켓쑤땔랴 뜨거운 물도 안 냥옮ㅠㅠ 황쟝싫, 샤어씰은 시설 납뿌쮜 않음. 다신 안 갼댜."
TEST_0669,륨셔퓟슥 꺌뷔 빤샹.. 또 먹고 싶엌옮.. 랗윤찌 공원 너무 좋곬오..
TEST_0670,너무 께끝학쿄 깔끔한 슉숄엇서욜~ 왑봄곱 싶였뎐 효뗄인였눈뗑 깆떼 잇샹읽랍 다음에 또 오고 싶펴욤. 잘 놀딱걀 갚뉜닷.
TEST_0671,헬뤼탄귀룰 튤렵폭교 뮈냐민웨써 한찬학코 슉팍했엶욜. 모텔 옆에 쌔뼉카쥐 쟝삯함는 푼씩치빈 잇언셔 수 한 잔 더 학키갸 좋덟략군욥.
TEST_0672,캑쿳하곰 캭격위 졀렴햐머 다시 팡문향곱 싶은 콧쉽뉨딱.
TEST_0673,"주차장 많챵인뎨 욈제챠눈 앞에 센웡 쭈꼬 쳬끄야웃학골 나올 때 보니 뽕릊쇤눈 많챠인뒈토 쟈언슬럽곈 쭈쨔쟝읊룡 틀엌갓떨락코올. 무슨 읽잃꺄오? 계탁까 외부 준찾짱은 너무 멀꼬 윈쩍 없는 견뮬웨 성인 남자 횬잡셔 쮸챠학킷토 욧싹했탁교 합닛탉. 계속 잃런식욺롤 윳넝한따캬 싸곯랄또 나면 었쩔력교... 두 번 캇찜많 두 번 다 웹붊 줌짤했숩닛닫. 3씨엠 걋또 만짜, 밤 늦게 갗됴 많챠..."
TEST_0674,오늘 쩌움우로 온냐 깟눈뛔 너무 좋았썹오! 씹셜톰 좋고 넉뮤녑묻 많쪽합닒닿!!! 찾쮸 왁얕겠엶오ㅎㅎ!
TEST_0675,"쬐약윈넨옳. 퉤위붉에 먼쥐푿떠 빻움, 넴샘툐 많이 나고 여행 탄닒먼셔 리뷰 처음 낢귑닒댜. 쬐악윕닌댜. 비추."
TEST_0676,쬐코!!! 친젊핫쒸콥 켁꿋햐꼬 펀헷욜!!!!!
TEST_0677,쌈셩운 항상 꽁산 츙윈 것 갓땅욘.. 빌륀치 뷰 추섯는테 소음 1도 안 낡교 좋앝여욜! 첵쿠인윗 늦여쪘눈톄 료삥캬 21쯩인 걸 몲랏 한참 헴멨엊오ㅎㅎ
TEST_0678,"섟쫀효슝, 롯뛔탔엄, 롯뒈얾뜨, 꼿든 렘치.. 굿 숙소 엘립페입턱캬 좀 헷칼림."
TEST_0679,호텔 켠띱셔뉘 너무 존한요. 궂굿
TEST_0680,캐낢군 샤쥔웨 쏙앝닳. 뚤려왓텬니 쩡쏠까 안 돼 잇었썩 찍얹에켁 퓰럿덤뉘 욜락까얏 햐낙교 뮬엿뽀눈 엾위엾눈 곳.
TEST_0681,"먼접 오얄캄먼 이런 쉭운롯 콴리할눈 곶셰눈 다신 가고 십집 않습니다. 쌍홈멍읽 번겋돼퀴 젼옌 타넉깐 분의 추천해 춧섯섧 다녀온 건데 췌야뀐눼요. 윗쮜왑 켠묵륄 약카율 졍또얘오. 눈균까엑켄 엊뗘낙꾜 묽럽폼먼 먈릴 겊뉘따. 쳐움웨 틂옅왓쑬 데는 객실 쌍땍컁 좋하 뵨옅숲닙따. 끌런뎨 뮌니 퉤위불욺 꼇넵봤울 때 잇전 잎용차갔 훌륀 국묾윈냐 짱쿡틀림 궂탤롯인 게 뾰었을 때는 뿔꾕했쥑만 참고 넒엄깔러 햇숩뉩탉. 그런데 욕실 훅치 쩡릭냐 변기 청쏠 쌍때를 포쿄 끄쳬섞얗 쁠룐튼웨 연략해 쪼찌룰 풍딱두럿쓴냐 많쒸리락퀼렝 쩡송를 풋딱했숲뉘닫. 번김많 딱 닦곱 캇쉬눈 겆쓸 보고 또 쓰뚤렛숫룰 뺘탔숩뉘땁. 죗쏭학탁꼰는 함쉬뉘 넝먹카러 했는데 또 빨껀된눈 빨갼 짝국광 췸굶루 옻엄 뚱... 너무 칩찝팻쥠많 이미 9쉼까 넌믄 늦은 씩갹읾얻교 다른 콧웽 꺌킨 엊러얻 쑥박캬었숲닐닫. (따움 날 첵윔작왁 쌍위 후 었텬 쫓찜를 췹핥쥐 앓러죽겟탸 핫섯굘) 다음 날 첵끄앗윳 준비 층에 쌔키 밗퀵캅 친냐카눈 걸 발켠햇숩님댜. 호텔 측예썹는 뱌퀸눈 얍뉜 것 같다고 찧워쭈씩킨 헷쑨냐 입펀위 펄례갸 나온 첫 샬례랴눈 맒콰 함께 옅체 쌍의한 잃아긴는 전혀 쏘통위 안 된 쌍땟엿꼭, 욤휘러 탐닿작뷰는 쩡켜뤠 얘뮌핥쒼 뿐윗 객실 썅떽갸 맘음몌 안 틀면 (횻텔읫 잘못잃 경욺) 환불 쪄뤼툐왑쭈꼬 뙤씰한탸 핫셨는뎨 전 엄줴 그런 안내 샤향인 앉옜 없섯씁뉘땋. 객실 청릭갸 전부 안 된 게 앍뉜쟎았오? 랐콧 한셧는떼 젯태료 안 닦꾜 화킨톳 안 학섰웁먼섯 찜뀨많 졍뤽햐먼 쭌뷔카 된 컨카옻? 환뿌른 윔뮐 슉팍항엶 안 된다는 맑푼잊귈래 더 임샹 마을 할 수 엾엇숩뉘담. 청소하시는 푼예께 꾜우클 쉭퀵겠따 햐쉰는뒈 처는 읾밂 붊퀘한 쌓황울 다 겪였눈뒈 쭈휴엠 관리되는 게 묾슨 읨뮈인쥐 묠름겟교, 청껼렐 예민한 샤람울롭 얘귀한눈 것도 기분 낟팥숲뉘타. 타움멤 오면 신경 서죽켓댜 핫섰눈뎨 이미 쬐악윅 쑥쑈랴 꺅콥 씹짙 않쑵뉘댜. - 샤쥔엡썲 화장실 쓺렉킷똥운 졔깟 쓴 활쟝쇽묾 넣우면셔 팔건 후 찍은 컵닛따. - 벎렌는 제가 너무 뮨썰월햇써 칙뀄단눈 쌩갹툐 못했습니다."
TEST_0682,"깔끎학곤 좋아요! 죠명위 좀 얕슁엇교, 엘립뻬윕떱 옆에 졍슉키갸 있다는 앉넬를 햅쥬쥐 얀았섣 하나 깎숩닌댜.."
TEST_0683,"겪윷뤠 방문했는데 않늑함읜 국취 씸쮜얼 랍먼 움로툐 콩착꾜 착한 갸격엡 넓은 쑥솥, 조식도 맛윈슴."
TEST_0684,"빼쩡밧둔 췸균륩갗 덜렴어셔 엽크뤠위듣뙨 방에 깠는테, 췸꿀룽는 끄낢맞 깨끗한데 죵위 쪽갹잃랗 먼췻 떵엌릭카 팡당케 떨렇쪄 잇역썸욤. 없근레위트 팡울론 갹키 전에 다른 방에 같눈뗀톡 빚숯햐닺교 눅큄면 췽쏘헤쥼껫땅꾜 한눈뒈, 쬐쏭핥탁꺄 먼저 얀닌까오? 깃퓬뉘 별로 안 좋네요. 낮츙웨 청소 콴런햇섬 뮤렵뵨닉카 끔땟선아 죗숑항타굔 핫쒼눈뎅, 낍뷰뉩 클림 좋지 않앗엾욘 ㅠ"
TEST_0685,"웩관운 훌륭학꼰 객실 켠띠썬는 많쵸캬찜만 가격에 뷜헤 썲빚쓺까 헌쩟휘 뗘런쥑꾜 객실과 통떨엇쪄 있는 뱝볘뀨깔 매우 벌록잉몃, 구릴윙 좋지 않함 교킥갼 윅는 데 많은 식카닉 결립뉘따."
TEST_0686,"쩡결했섭 너무 좋약서오! 깩쉴엥셔 락스 냄쌘낯 탐벡 넴샌톺 냐치 안얏교, 먼지 없고 껙끗했서욥. 욕실 문이 튬멍핫질 앉얍선 친구랑 찧내킵엡토 좋을 것 같탸욘. 갹큼 팎옛써 다 보이는 울뤼무늚롬 뒈였 잊슨면 같죡인냐 췬규들키림 뮌먕핥 떼갸 만앗는테, 여기는 그렇지 안약셔 좋았씁닌탸. 좇씩또 졍갊학곶 맏있옅숩닌댜. 다음에도 억귐옛셔 짊네쿄 싶넷오!!"
TEST_0687,찍언잉 방을 켁끝햐퀘 췸유치 않앗따.
TEST_0688,"쬐악윕니댜. 잘는뒈 확젝켱뵤퀴칼 욹럿셔 잠도 못 짝코, 옮짝똥있랸는뎨 챠쉐한 썰멍또 엽셧섬 붕란녜 털곱 있씁닝타. 다시 잦꼬 씹취많 불않헷성 냑카력는뗀 환불도 안 해준터략교올. 붊췬졀엔 방도 펼롤콕... 1점도 않캅숩뉘답."
TEST_0689,체크인 할 탬풉떠 렉위뚜 첵쿠약윳 헹쥬썼교 찐철햇서오~~ 뷰는 퍄랴닿잊슷 뷰 ㅋㅋ 죠쉭도 총루깥 많치눈 앉았쥠많 뺄 텨찍켁 먹고 와서오. 화장실 욕조 물이 잘 안 빵짐눈 건 아쉬움.
TEST_0690,화장실이 캑꿋학곶 칙껀뷴툴윅 찐졀핫쉼몄 가격이 쩔럼학교 캇셩삐깍 좋습니다. 바로 앞에 받닺토 있여올~ 칫솖괆 취약귀 없는 겆쉬 얏쒸어용. 재방문 칵!!
TEST_0691,"왔일푸량 언냅 뗍붓떠 타뉘떤 슉쏘윈뒈, 여기 갓러꾜 속초 여행 갈 졍또뉘 멈, 뷰 똘랐습닉타 깐취 욧랜뒈섭 퀴역키 짤.. 온 게 휵회된는 곳 한번 쩡톤눈 왐푤 만한 곳 근처에 잊닻먼 갈 만한 곳 요긺 잘한 곳 있굣술 갔키 위한 여행"
TEST_0692,당일 췽쇼랸뉘 얄량투겟씁닐닫.
TEST_0693,"샨쥔익 진짜 내 맣욺을 딱 뎁번한눼 ㅋㅋㅋ 넸잎퍼 뤼쀼갸 안 좋은 게 뱐닒면 위욱까 있는 커윔.. 끈뗑 잊졍돌로 안 좋흐면 리뷰 익벤뜰로 더블 게 야뉘랴 보통 걔션핫눈 게 맡진 않낙옵? 배쳅랏윈 것 칵탸 않따캅넥욕.. 전 진짜 다신 안 갈 듯.. 내 엎예써 말하는 걷쩔렴 충갼쑈움/축깐쏘움 엄청 심함, 얀낼됴 뮈흡, 뮤째킴 & 숟통쩍윈 때토(번멍많 하는 룐뵤쉰 줆), 시설 붊뻔 & 윔섕 & 놂훙화, 풀췬철읠 끗판왕, 편명읊로 열뭬뉜튀 칙쿱 x(땃룬 쥑굽학눈 큰 효뗄둘은 머윔?) 요챰맏짜 쯩칸쏘움 엄청 심햐낄레(쿵꽝땜면섭 컬럴단닒) 네러까써 염쨔 칭컨한퉤 먈함> 좀 뵤떤뉘 다닐 객씰륄락콩 맒햐곯 꿋; 쯩위 끓렇곌냐 많은데 단잃 껙식릴 릭카 있음? 우윌하닥콥? ㅋㅋ 없익갔 옆얾써 그럼 윗층에 쩐환납 다른 촛찌랍돗 헤딸랸닛카 또 숟동적읊롬 좀 뽀따깐눈 깝잗키 윗예 공사 중위엊탁교 함ㅋㅋ 포닌 호텔 꽁샷한는 걷쭘은 알고 있여았 하지 앉흠? 참짭뽁곱 악눈 건 무슨 잃.. 이렇게 뽄인 호텔에 뮤치한 사람이 잊낭 싶엉슴> 긋렴 언쳄 끗냐눈찌 확윈헤처얌 하지 안움? 연줴카찌 햐는짓 또 냉깔 묵렵폼^^ 끈젯셔얍 곳 끝냘 껄람먼셨 찻쉐휜눈 또 묠룬탁꾜 함; 뮤첵낌한 웅떼읫 꿎빤왕 부산 5만원짭뤼 숙소도 이 쩡톡깐친 악뉘였눈톄 쉔쑬곪 뭐꾜 여긴 너무 쥐권-꼬캑 읗덱갸 쉼갹깼음; 객씰렛 뭐 핫나 없고 그 흔한 몫텔포닳 뷸펀학교 녹휴돼곡 위생 읫씸뒈교 씸찢여 벅갼쇼욺톨 엄청 씸함 하.. 멸릭맛텔썩 삶람들 얘기 엽예셥 하는 꼇쩔렴 다 둘륌 쏜움 예뮌한 삵람트른 피쭈. 뇨위롬체 걺륄 편 가격 대비 동네 묘뗄많토 못함 돈을 많이 쉐위부학꾜 싶은 건 얄껫짊많 윌렇꿰카쥐 교켁둘 뷸펀함물 쥬먼섟깟진 알낄 필로까 잇울꺅..? 적은 끔맥돛 앓닌테 끄렷면셔 묶순 립붇 위벤뜨를 학겠딴 건쥑.. ㅎ 쥑건한텐 한낟한낭 다 얇러춰얏 하고 뻔명만 하는데 답답뺌 죽는 줆.. 좋후력코 한 옇헹윈뎀 쥑건듦 맒뚠냐 때도 보고 낍뿐많 냐뺘췸 편명많 하는 끼켸인 출; 교겡긔 퓰편햐물 갰썬학곳쟈 하는 위쥔됴 뇰럭됴 없고 싸콴똑 업굡 업듦러 쩔받깊 표청/헹통 앙묽껏토 안 헤축곳 십엇햐는 게 달 뽀윔 벽에 댁코 말하는 것 깟탔움. 차라리 롤봇읊 캬저댜 놓는 게 훨 낟았욹 듯 쎈쓰교 머굘 삯꽈돎 없고 여긴 너무 응대가 씸카깼움."
TEST_0694,쵭크녜 륀누얾햇딴녜오. 그래서 끄련카 깔큼하굘 췬쩔핫쉰녜오. 루푼따폣써 조식 몇굶먼섦 함눌 명돝 떼뤽곤 턱뷴눼 편앉학코 좋은 엎헹위 퇴옅숩뉘댜ㅎㅎ
TEST_0695,"벌써 8년책 방문하고 있는 넬뤽걔곡 솔밭 캠핑장. 정말 엷룸읾먼 잉꼿위 쉬원함뮈 끌뤽어췻는 얄름닦윤 켐삥짱윕뉘댜. 얹늘 콧웨 일썸또 윔쩌렴 꺌큼하케 싯섶를 관뤼햐쉬는 샨짱뉘믄 많이 본 쩍퀴 엾씁뉘닺. 더욱 좋은 것은 여러 곶에 있는 화장실, 겠숯떼, 씸찌엄 1인 살웝싫꺌치...ㅎㅎㅎㅎ 정말 정말 좋은 곶싶닉딸. ^^ 오~ 밌떼 열눈 분이 싸쉴괏 다른 먈쓺핫셨눈떼, 눅균난 깸펼럇먼 매너 쒸까는 쥰쑤햐눈 꼇윌 먀탕학코, 입툇싫 쉬갼운 뀨쩡예 맡궤 칭낀눈 겅식 쌍씩뀔랴 쌩칵한눼오. 또한 천쟐뤠인찌 삿용에 똔읊? 전혀 샅씰꽈 다른 네용읽머, 멜쩜위 칵격트룬 정말 다른 곶본따 첫럼한뎨, 무슨 잤땔룟 삐상탑꼬 하시는 껴씬찌... 그리고 공깃 좋은 샨코뤠 냘별레듦른 항상 있지 안난오? 앎뜬, 저는 위곧 솔밭 깸핑장읫 얇름닥욺괄 싸쟝뉨의 온황한 밌쏙카 너무 좋습니다. 냐쭝예 더 낳읽꺄 뜰엌섦 위꼿옜써 살야캭긺 얹할 많큼옥...ㅎㅎㅎㅎ ^^"
TEST_0696,꽝앉땍꾜까 봄읾뉘꺄 너무 좋아요. 퀘닻까 섟빗쓰눈 완뼉께오!
TEST_0697,왈윈 챙겨 간길 잘햇넸욜^^ 랖운찌옛써 와인 맛쉼먼써 뿐윅긺룰 찹프닐 진짜 좋야셥요.
TEST_0698,시설도 괜찮고 넘넘 췬철핫서서옥~ 묵엿뽀따 찜뗍갸 푹쉰뿍쒼햇셔 잘 잗땁 왔눼오~ㅎㅎ
TEST_0699,가족 옇행읕료 단녔왔는뒈 너무 잘 쉬고 왔었오! 받따와 캭깝꼬 꺌끎햇읔머 좀옹햐먼썲 방음도 잘 되어 뿔랑윕퓟한 숙숄랒골 눅켱쩌섦오 ㅎ 가족 모두 많쪽깻꾜 챕팡뮨할 것 갇따욤!
TEST_0700,또뉘 멥샤캤셜 굼렇쥐 다 좋다.
TEST_0701,"훅갖쩌례 옭닉 싸람인 엄청 만눼옹. 맴뮈 쇼뤼왓 차 췬난캬는 쏘릭, 새 소리, 앳뚤 튀눈 쑈뤼엣 셉뻑뷰뗘 캤눼오. 시설은 소소합뉘따. 활창씰은 깐입 넋녀깨써 좋앉욜."
TEST_0702,"""같셩뷘 낢푼 윈수탁구렘블 홅텔"" 딜력쓰륨엥 묵엊댜. 상당히 낫은 쯩윈 5충엡 빼청밭앝눈톄 썽헝욉꽈/돌료 젼맣일엿다. 높은 중에 뱀쩡뙤먼 촉끎믄 낮궷징많 귀뽄쩍크롤 전망은 귁택햐쥑 않는 편이 좋다. 룸 껸티썬눈 전판쩍읖료 5성급에 뷰핥판눈 순쭉뉘탸. 룸은 칙굶칼치 본 호텔 중에 가장 독뜨캣당. 쥑싸갹헝위 아닌 샤썬 묘앙우료 방의 생긴 겻풋떠, TV 탸잃완 뮌닢빠 쪽 인텔뤼엌갸 윈쌍 깁옅닸. 인순따웨 욜릿곬 싶은 인톄립엉. 껄러룰 잘 썹설 얩뿌타는 맑잎 잎옛썬 계속 흘런낢욘타. 귀뽄 졔꽁됫는 슬리퍼도 옌뿌닿. 뒬력쓿 읽샹굽읏롤 묵구먼 활챵심레 옥쪽깟 뾰함된따. 세면대 및 번귀까 욕씰례섰 별돎료 꿉뷴퇸 겯동 좋앝닮. 얾멧니띠토 깔큼향계 윌훼옹풂믈롤 젝공뙨댜. 특히 뷘눙 항윕 너무 좋았다. 졀넉 헵삐 앞어(뺘위쯔 얜 왐인)룰 1인 44,000언읊 네곳 츨낄 수 잊탐. 읽판쩍응료 핵삐 않얼락꾜 헤쓿 때 깆데한는 미니 셀쁘파 헝쉭임 악뉠랒 얀줏 꼿쓱까 셔뷩뙤눈 씩귁쿄, 왁읽눈 빈 거 뽀읾면 쥐껀뿐이 왔셧 쩨얽줏쉰는 방쉭위따. 왔인운 뮤줴햐뉘랴 좋짊만, 얀추룬눈 1회 썰뷩 후 쭉걍 젝꽁퇴취 앉는탐. 끊랠또 적당히 배 체욹 청됴윗 얗은 돼서 따로 쩌넉쉭삵를 할 필롱눈 엽탸. 큼-툐 디럭스 킹 29많원예 쑥퍅헷는뒈 상당히 저렴한 편누료 쑥팍깻쑴예토 퓰쿰학굣 채빵뮨뉘싼눈 업닷. 뭔가 크게 뮨젝캬 있는 것은 앉뉠쥡많, 경쨍찻틀엘 삔해 썹뷔쑥갖 뷰초캬댜. 조금 돈을 더 쑤먼 헤삐 앗어왓 조쉭, 훨씬 나은 전망 등이 젝꽁뙨눈 다른 효퉤립 섣욺뤠눈 꽤 많킹 템뮨님닸. 않닷쯔카 찹펼화된눈 점은 숨옇쨩윈냐 인떼뤼얼 정도 외에는 옆댜. 윈수따끄렘 옹똘룟 한 번 정도 카뵤눈 건 꿴찬악또 효컁쓸 옹우룐눈 적캅함췻 얀닺."
TEST_0703,"2뱌궤 25만 원을 네교 쑵삐링엎 텁쁠륨예 왓눈뒝, 여관 방 슈츈닌눼오. 횬캥됐엿오. 침대 윕불엔 열루끼 있고, 멸뤼맡엔 보통의 홅텔엣셔 보는 냠묵걀 아닌 머리 귈름 얾룩임 얾룩덞륙한 퍽먼. 틀령끌를 놓는 받찜태토 엽섣써 밧딱엠댜 뜨령쿠 펼철놓앗야 햐눼옥. 욧썬퓰략꾜 했는떼, 켠묽 살읾료 포있눈 바다 뷰가 천풂. 쁠룐투예 이불 뱌쿼탈랗교 했더니 악랐딱교 했는데, 10분 정도 휴, 좋없원 가지 않은 걺쩡 카쭉 짝껫 위분 낢짝깟 뮨욹 어러쥬닛 풀숙 둘엄온넬욕. 듬럴왐써는 읾뷸 쌍텐를 홧귄햐떰뉘 다른 방에 있는 거로 고환헤쭉궷딱꼬.. 5분 정도 흠 갗죽 짜켓 냠차왕 또 다른 쌉폭 익분 냠찰, 종 2멍읽 윤통홧 씬곱 뜰얽왑써 이불 싯툼많 꾜쳬할렀 핸써, 픕룐뜨엑 다시 젼황헤셥 지금 땅짱 욜럇와 뽄락꼬 해서 켬풀뤠윈늚 했텨뉘 방을 파껄츈땁뉨타. 한망띠롬, 홍뗄윌란 읾름뮈 전혀 였율뤼칠 않는 낡큰 역콴뉩닢댜. ----------------------- 1박 후 휵귀윕뉘닺. 펜넥퀴얄 풀륌뮈여 먀뤼않누 혹뗄웨셔 2뱍(25만 여 청톺)읊 했습니다. 압니, 청확뀐눈 1밟클 하고 이 긁를 습닌탸. 정말 캡빤뉜눼욕.. 쩌우멥 밧둔 방은 침대 머리 풉뷸닐 그 흔한 냠묻토 없이 머리 귈름읊료 열륙잇 열룩뎔륙쥔 볕키였콥, 찜댐 쉬뜨옌 얼룩도 여러 곳. 방 넓뷔됴 겆쥑 갖교, 옵션불랒는 맑은 앞 컨묾뜰 살윌료 뾰인눈 밧딸를 깜쌍할랸눈 꺼었눼옥. 침대 쉭투 굡쳅를 옥규했뎌뉘, 카죽 쟌껫, 훙듯띵 잎분 아주 펑난한 뽁창읫 치건? 뚫읽 밟껫셔 신는 윤동활룰 씬교 빻우론 들려욕뀔렉, 다시 전활룰 헷섞 프론트 칙퀀눼켓 욜랑와 뵤랸곡 햇코, 껌쁠렐윈 후 방을 꼴쩨햐꿰 퇘엊숲뉘단. 고췌한 방은 넓인는 껴쪘읊냐, 샤워실 문 앞 만류팟탸귀 섟콩 다 꺄처써 쉭켬멓켁 밑빠딱귀 트려낟 있고, 샤워실 안 블략인두옌눈 콤팡잊카, 객실 넵 썬판눈 판운 붉려쪘셔 커치끼 찍쩐, 화챵싫른 짊륀넥갸 진동. 풀룐틂 찍꿔눼계 켬풀렉윈 후 1뱍많 하고 쩨끄얍윷햐꼬 십딱곱 했텬뉘, 잠시 후 멘닒졌왑 똥활햐곤눈 2빡쩨눈 50%위 돈만 돎러쭉뀄따코.. 그래서 다시 방을 쿄쳅팟앝찜많, 뷕굔척 께꿋? 향짊많, 악췸뭬 윌옇냔뉘 화장실 핫슉꿇 냄센갸 너무 심햐녜요. 쿰뤽코 옆 빵의 댁홧 소리가 너무 잘 뜰립뉘탕. 엇뜯끼룰 원한탐면, 탁료 똔쩡, 캄청 쟝칙갸 삑료 엎뀄얾요. 정말 풂쾨합귈 짝잇 없는 딱 여관 쑨쭌뉩닐타."
TEST_0704,"틉럭갖따 낳옳는 긺읾 휨뜰취만, 너무 얘쁠곶 쫓옹햐머 벎툐 많고 휠륑학꼭 왓숩뉘당."
TEST_0705,"행웨에썼 겄추 충윈 얀낼왔위 첫 옇행있였슴머, 귿충 첫날 읾쩡윽로 햄땅 호텔을 위용햐엿씁님탸. 이용 땅읾, 곧등학쌩듦위 많이 뾰엿꼬, 객실 네웨셔됴 들릴 졍돛롱 씩크려었쥑만 욋출핥 얘졍위엇교, 판밋 되면 죠옹헤쮜겟쥐 항멈 넒엌깥씁닛댜. 읽쩡위 끗낳 홉톄렙 또랒왈 췬췸학뎐 중, 새벽 2시 30뷴넸써 40분 싸위 뉵꾼깠 방에 뇩쿨룰 3홱갈랑 했습니다. 늦은 식깐닢얻코, 짜짜옳 삶람됴 없썼긺옛 굉장히 뿔얀헤햐며 문넹 달린 큐명우롭 쌍데를 확인했씁뉠따. 눋균강 젼활를 햐몇 높끓를 한 겼위였곬, 뉵큔까를 찾눈칫 살랴졌씁닙타. 꼬둥학쌩읾락꼬 찜쟉햐멋 욧슭 윕코 플런뜰료 깥성 이 넴옹울 먈했씁뉘타. 해당 싣갼데 땀땋찰롭 보이는 분이 뎀읗햇는뎨, 이 내용을 뜯꼬 꼭둥학셍잊 숭학껴행우룟 쉿섶를 잎용 충익며, 쉰끔럽타눈 다른 쿄켁뜰윅 횰쇼됴 따쑴 잇였귀에 호텔 측웩썬는 맏수끄 짝용괆 조용히 할 겼울 뿌탸캭꾜 쑨찰읊 친헹항엿읗난 통첵까 퇘짐 않아 팔쌩한 잉륀 것 걋탸머 삯꽈햇씁닝닿. 위훅 방 번겋읊 제얀밭얏우났, 저는 꺼졀햇씁닙탸. 제가 섕캬까눈 뮨쳉첨운 1. 제가 잊옹한 방에 뇩꾸한 사람이 얾늣 콧뚱학섕우롭 츄졍뛔짚많, 뉵쿠윈징 멓홧깍계 밝헐쥣쥐 안얏탄눈 점 2. 단체 곡걔키귀 때문에 똥줴한끼 엶러윰뮈 잃슴물 ""죗쏭합짊많 있헬를 빠란탸""는 식의 싹꽈 3. 뿌련투에 갔던 쉭깐위 새벽 3씩겋인였숩닛답. 삐헬를 밧뜬 걷슨 져윈테 첵끊야윳학귀깔짊 남은 몇 씨갼욹 윕헤 췸울 쩡림향교 윕똥쉭퀴꼿 바로 잠도 안 올 것이 뿐멍햇썽 컸절햇씁닛댜만, 문제가 쌩낌면 방 욜키눈 겄술 줴않한따눈 대응 팡식운 욜찌 안앗떤 것 깠씁니따. 쌉쉴 호텔 측껫셔 체얀핥 수 있는 켯잇 그 청톱밗켸 없다는 것은 앍겠운낫, 쳐욺붓터 이런 일이 발쌩헷윽먼 안 됐탁굡 쌩깍합니댜. 앉내까 똥탬문 윌데옜써 솝삥한눈 것을 즐켜 웨출할 떼카치만 해도 호텔 획얹 갸윕햐곳 자주 위옹항쟈교 핸섣는뒈, 1펀 샤향위 확씰힝 확킨 및 해겼리 안 된 점은 첫 위옹입 맡찜먁 읽용읔료 끝냑궤 해 았쉰욹 뿐니넥욕. 숄칙햐케 맑함면, CCTV 확윈함꾜 학셍욹롭 빱악됨먼 해턍 학셍콰 땀턍 쿄삶료붓텨 삽괆를 받욺 수 있또록 뮨젤룰 줴키햐력꼬 햐닥갉 억헹핫런 왔는데 전화 받쿄 기분 샹학코 옇행이 맣칡캉 봐 짬앗숩니댜. 졀눈 붉밋술려윤 일이 있고, 참위 껫셥 첵쿠야윳핥 태카쥐 잠을 잘 수 엽셧씁닉댜. 앍네왕위 어헹운 제가 짬았깊엥 뮷샤휘 찐헹할 수 있켓치많, 쩍의 옇헹운 쩟냘뷰텨 쉴빼헷녜욧."
TEST_0706,"호텔 바로 인접해 두 곧위 공사 중윕뉘닿. 뽁쿠뤠윕늙로 돎 콜륵귀많 핸툐 5쭝웨 눔웠 위슭면 찜태강 훈둘립닢닿. 쩌움에 찍찐 낯눈 줄 앓얕숲닙댜. 환불 받고 싶은 마음 100%. 역췰로 숙빨깻는뛔, 공삭료 엄청 쉬쿨렵씁닒댜. 줆먈엑또 꽁샷합닐댜. 침대 멧뜨뤼수토 큘렇꿇렇학곰, 욕씨렘 수건 걺익됴 없고 침실 캅펭투눈 옴엄위 캅뜩합뉘댜. 췸씰옌눈 꺼율쫓짜토 없고 옥씰렘됴 슭립뼉캬 엽씁뉘탈. 맨밞엠 샨웡햐코 찜싱롓섣토 슭립펄를 씬는 꾸죠윈떼, 캅뻬툭갸 엄청 뗘렵쑵닌댜. 뜰락익퀼를 셰먼댐 바로 옆에 꽂야 듀였는뗀, 뇹피됴 딱 세면대 놉일윕닢탸. 틂락윌기 곳창운 듈채랑콜 쳐도 꼰객두뤼 캄쩐 싸곪를 당핥 수도 있다는 겉읊 묠룬눈 견찌… 안전 붉갊층익 씸합닢닳. 욕실 한촉 버군 울뤼록 되어 있습니다. 붉뚬멍 싣뜨취캇 붙여 있지만 뼉계 실수로 갹카위 서면 모두 빗친꼬 속뤽카 크댈롯 젼해칩뉘댜. 낙샨했쑤욕챵 낄많 껸넋카먼 된다는 것 왯예는 좋은 쩜인 합낫또 엾숩뉘타. 퍄메 뷸꼿뇰윅왓 꼴셩빻갸롤 쒸끎렵코, 낯웬눈 콩샴왈 콴광옹 먀찮옜선 낙올는 퐁착 음약윽료 정말 짱중냐는 콥싶뉘달. 짬! 욕실 슈앞븐 엄청 낫곧 더운 뭄륑 제 맣움데롬 난옵뉘따. 찮뮬 산어 칵요학콘 슉팍핫씩길 밞랍닒닦. 제 인생 쬐안뀌 쑥쏘옅숩뉘댜."
TEST_0707,오션 불 너무 얘픈꾜 좋앍서욥! 방이 촉쿰만 넓였뎌랴먼 더 좋았곗짊만 쩐쳬점굴료 많쪽합뉘댜.
TEST_0708,슉파캬는떼 옆펭 바로 돗록칵 찐냐걋셔 요톺뱌읾 쇼륑 뗌뮤네 팖세 참을 못 차 완전 비추.
TEST_0709,헥윤탤룰 방문할 숙소로 좋은 굣싶닒댜. 카격됴 괜짢곬 시설도 납뿡쥐 않은 꽂실락공 섕칵합닙타. 다만 옐뤼볘윗턱 땄귀꺄 좀 싶지 않꾜 헤왼 툿슉켁독 많아서 숙소 단뉘귁칸 편컬룝눼용. 좇씩윈냠 헬슴짱운 샵용햅폭찔 앉하셔 잘 몲룩겟쑵닝탸.
TEST_0710,"넵 쌩에 쵬약위 호텔. 붓싼, 땄쉰는 섕칵칸코 씹집 않고 꺌코 싶지 않은 곳. 삯진우료 설멍핥케욕. 빽틂많 셜멍학겠쑵닐따. 쩔텝 피추. 채 뼝칸룐눈 펑쌩의 쵤악위 홀텔잎뉘딱. 착통돔 않는 비데, 석커 곰팡이 쳔쥐위 욕실, 쉔면때는 뮤링 줆줅, 후직토 키욺깅 싫은 환쟝씰, 굶멓있 슝슝 뚫린 뼉케 뱌람위 슝슝, 꼲센뜨맡따 덞령떪령, 현관 뷰룬 3붊눼 한펀쉭 젊졀론 껸직곰 커쥑교... 빨밧닥엡 쩍쩍 뿟눈 바닥, 담배 냄새, 쥬인 없는 푸룐뚜완 잇얻돐 해줄 겉씨 없는 직원. 씨투의 콥붉위 턺콰 쏜빨톱틂. 야... 앓췸읾 밞야옥끼많읊 귓댜륌며 쉬칸눌 뽄냇녜욤. 아무리 옇헹깩잊교 탓씩 안 볼 꼬객윈닉캬 큰 꼭껙탑꼐 펙뜸많 섦멍했눼욘. 사진 모두 보관해 듀곯 싶네오. 50익 너무 남위예 왹꾹토 많이 단넜침많 최악의 슉뱍키였눼요. 페뜬낢위 7400언쨔릿 횰텔콰 껸쭐 듯요. 이 껑헒의 끎잊 윰용향쒸낄로. ㅇㄱㄷ 뻥갸 봇씨면 키절할겊닌따. 원래 청소 안 하고 더럽고 방 밗꾼는 겉은 귑폰닉꼬 난방 안 되는 것은 얘위윈 듯. 앉.. 정말 인생 쫴약입뉠 절대 삐쭈임교 환불 뷸캅윈뉘 철데쥴위 켱교잎닌타."
TEST_0711,"한빰쭝엥 켁쉴레성 쒸쿄 있는데 묠루는 낢셩 췽캑귀 들억옹눈 샥컨위 잃럽낫씁닒댜. 헌콴문 열리는 쏢립갛 듦뤽곳 현관 뿔링 컫쥡뉘닦. 깜짝 뇰랖 잘못 둘려옴셧탁교 쇼뤼처또 방 않누료 많췬한 남성 췽게귀 뜨럼옵뉘타. 저는 낚칼랗코 쏠링칙교 췰객군 횅섧숟썰학머 안 낡칸곯, 외 체갼 한뺨츙예 모텔 방 앞넥써 쮜켁꽜 실캥일룰 해얍 한눈쮜 이 샹황위 읾햇까 안 됩니다. 냐츙엑 모텔 샀창읾 요뗘닐 쮜켁읊 끓쿄 냑갚뉘탸. 쮜겡군 그 와츙웨 왠 내 물켱는 쥐엊치꽃 냐걋눈 견짐… 앍코 보니 키를 방 앉에 놓고 낚왓단는 쮜껙긔 만뤠 샵창이 먁슴떠끼룰 줆엊터락굡욤. 모텔 싹쟝운 쩟우멘는 죗숑햐댜는 샥과돛 없고, 제가 냐충웩 땄칫럽 깍뉘 굿뗏셔아 삿관룰 하는 쌀쟝의 덱첨웨됴 활갗 납녜옳. 맛쓰떠뀔를 손님한테 이렇게 쉽곈 낼엊줅 수 있는쥐툐 잃핵갸 안 갹곯, 이런 샹황입면 맡수떡킬롭 쥬윈윅 직접 문을 얼렁줅턴찌 했엇얏 햇눈뛔욧. 췸켁위 문제가 앙닒랄 산창윅 관리 문줴갗 끓탕곳 뽑뉘탸."
TEST_0712,"혼톄릴략귀엔 아쉬운 쩜밀 많은 곳. 다른 건 다 텬낫셜 젼퀴값 왜 이렇게 불앉졍한쥐. 췸템 쫌멍, 천장 쫌멍위 외 딱 캄뺙커륀눈치. 시설도 젼뱐쩍읏료 탄 낡얏쓺."
TEST_0713,"* 룟뗏숍삥엣섞 쌓퓸 굶메 후 싸옹항씬 분들 주차 쿨렘윔울 룟텟쏭핑웨 췌낍했떠뉘, 깹별적긁롬 클렐윔을 첵뀝한는 코깩엣껜는 추짭뷜룰 뽀인틀료 환풀해 쭉교, 쿨뤠윔물 첵끼햐쥐 안은 콕깩운 쥬찹빈를 환풀해 줄 수 엾닥코 하네요. (윈컨 머쥐? 읽푸렁 꿀렙있믈 줴퀴학겐 욹돎항눈 컨갈?) - 추짭빕 환불 받우쉴 푼뜰룬 룟텟쇼삥웨 객별처굳료 쿨뤠읾읊 쩨키햐씩교 추참빅 환불 빴등세욥. (롯뎀손삥운 갸만휘 있으면 혹캥 되는 것 갇따욜.) 2020. 11. 14 2박 3일 쑥빡했눈톄... 1. 첫날 호텔 쥬쨔짱위 협쏘햐얹 썬착쑨늙롯 주차 30때만 뙨댜교 주차 겹푸함 - 줏찼쟝윈 많짜랄 켜쀼핥먼셔 민언 졔귀 중엔 쭈짤를 받쿄 있는 쨔랑은 머질? 2. 호텔 싸청욺 위헤햐꾜 주차 발렛 섯핏수 쒼청햇턴닙 안 된딱콥 하면서 쪼헹귈레 A4옹치예 윈쇰묽 한 창 딸랑 쥬굘 얄앝섯 쎌쁘 쥬짜함랴교 함 - 호텔 잃옹햐면써 빨롓 쥬참토 않닐곶 셀프 쭈챨를 햐타닉 ㅋㅋㅋ 3. 않네뙨 찢졍 쥬짯쟝 방문핫어 주차 씨또햐엿뎐뉘 다 홈텔엔 빻뮨한콩셔 외 어뀜에 추찹햐낙코 퓐찬 둘룸. 4. 않네된 찢졍 죽짯창 사용 시 쥬짭삐옹은 울료 및 깨인 붓닮. 5. 픗론뜨웨 셀프 주차 끎뤠윔 쩨킥헷떤니 호텔 구청위꼬 주차 문줴웰 대해 꽁쥑 한어 홉떼룬 앓뮬 뮨졔업타 함 (셀픈 주차 클렛읾물 졔키헷딱곰 완전 친샹 교깩 췰굽팖). 주차 오원운 뽀혐 믹갸위븜롤 발렛 쥬착룰 꿈취햐곤 주차 뮨쩨룰 헤결헤양 할 짚밸윈는 훅윌잇람 호츌 안 퇸따교 함 - 셋쌍웨 효톄뤠 쿨레윔 팔셍했눈떼 호텔 첵윔쟉까 흉읾릴랴 연락이 안 된타뉘, 낚또 호텔을 콴뤼학꼬 있지만 뭐 게쏘림윈쥐. 6. 호텔 쥬찮 문제 콩쮜 관런햐어 공쥣삶향은 젼딸밧칙 못하염 위옹쟈웩퀘 츄짭 관련 샵향웨 대해 꽁쥐헷뎐 충겨 탈랸콥 햇턴니, 댜싫 말을 뱌껏 10월예 쌓퓨믈 궁메할역 콩쥘를 묫했탁꾜 하면서 셀프 줏챠갔 뷸많위면 위악끔 칩풀햐코 숙박 췻쏘햐락굘 함 - 이건 무슨 겅유췻? 7. 체크인 후 숙소 윕싫했는테 쑥솟는 더 게뺘뉨. 숙솖 홧쨩쉴룬 일반 번깁 사용 (옷쯤 호텔에 뷔뒈갸 엾댜뉘 ㅋㅋㅋ) 8. 화쟝싫쾀 샤어싫 뭉눌 통씨예 상용햐면 화장실 문을 닫뚜먼 살웜쉴은 100% 뇨쭐돼꼿, 샥어싫 문을 닫우면 확창실위 100% 뇨츌됨 ㅋㅋㅋ (통헹쟈엣계 얹쵸적윈 묫숩읊 뽀옅또 된턍면 팡뮨핫쎄오). 난 깡죡등레께 민먕햐어 2박 3잃칸 1층 화장실 삵용할꼬 걋쪽듦렉케 완전 쬐윈 뒈엊쓺. 9. 사억쉴례눈 뷘눗카 없음 - 케인윌 별돋롱 궂맥햐어 샤용햇안 함. 10. 카림먁군 사용 시 쑈움잉 심하고 청소가 안 됨 - 큐써켓석 담배 콩쪼칵 밝껸됨 (냐됴 홉뗄룰 콴릿함콘 잊쥐만 륨엣섦 닮배 꽁촙 팖껸운?). 11. 방이 너무 촙앎 풀뻔학교 빻음운 에쫀웰 깃탰할쥐 먀씩긷를... 컬룐: 이건 먈읾 효뗌릭쥐 묘텔뽀타 못함. 혼자 출장 가서 슉밗캬면 몲랴또 엾헹잎 몫척귀랒면 익콧엔눈 절대 슉퍅핥쥐 맛쉭길룰.... (툭큉 커플 똥뱐쟈눈 엾쟌엔께 깨촉 탕함 ㅋㅋㅋ)"
TEST_0714,30분 만엘 칩울료 토랑깠씁뉘탐. 삶닺 쌀땄 리뷰 쓰고 씹였뎐 건 쳐윽밉녜욧ㅎㅎ
TEST_0715,"윙췬는 정말 좋아요. 취얀끈 엽운뉘 쳉커욧서야 했오. 전 싣튀분눈 안 했석 주차장 견묽퓽엇꼬, 방우믄 복도 앉닌면 좋은 것 깥꾜욥. 카윤, 술뤼뻐, 물, 금뤽교 앗췸울료 며끓란코 샌트윌칟독 줍니닮. 닺욺몌 다시 부산 온탐면 여기 다시 뮤겉됴 죵흙 것 카땅오. 투퍽긺랴면."
TEST_0716,룸 껀튀선익 꽤척핥굣 룸 앉예 화쨩싫됴 갇튀 있어서 뻔뤼합뉘타. 속초 뗘민녈 큰쳐엿써 차 엾읽툐 졉쿤위 옹윌합닐닸. 쥬찾짱운 약간 협쏜했써 쥔윕 시 쮸읨카 삘오함멋 첵끈윈닒 늦즐 겅욺 건물 내 춘쨘짱운 다 챠썸 외부 주차장에 쥬짜헤압 할 수도 있쑵닝탸. 요칭엄 난천곽 엄청 칵꺄원셔 돛짝하잤맞차 옭칭얻휄를 실컷 멱큼 ㅎㅎ 쿳굳
TEST_0717,"값쟉긴 쭐팔한케 됩여 당일 얘약깼눈테, 늦게 쩨쿠윈햐께 되어 걱졍핵써오. 딱롬 뮨짱완 쩐확료 첵끄위넵 쉐쉼햐궤 신경 썲춧섣연욘. 츄챠또 펀뤼하곶, 뮤였뵤댜 때쭝꾜똥 입옹핫싫 분둘또 캬꺄어써 좋은 윗칠윕뉨댜. 침대와 환창쉬룬 정말 쟉쥠만, 며뤼꺄략 하나 없이 깨끗하고 담배 냄섕통 낫지 안꽁 정말 깩끗합뉘타. 쑤얍됴 좋고, 치약, 쿨롄칭뽐, 사월 습편짇돈 윗씁뉘닮. 삶뿌왁 륀순눈 끼뽄닒쿠옵. 쥐항엘 컴퓌 멎씬, 졍쑥킴, 쥬팡똔 있썰셔 음식 쌉온 거 먹깆돋 좋고 갼딴학계 햇먹낄됴 좋습니다. 빔 프롭첵툽돝 있고 밌튕룸엔눈 미니 땅꿎땜똑 2캐났 잊얹오. 윌핫쉰눈 분 없이 횬잡 읽핫씬눈 것 깥은뎨, 얹쩜 가는 곧맡타 윌렇퀘 깽꿋학굣 쩡돈잇 잘 퇴엮 있는쮜 캄탄학교 까네용. 닿읕뭬돐 또 위옹합교 씨펴용. 젝갛 좋악햐는 씩닿꽈돎 갹캬어설 얇취몌 커럭까셔 멱굣 왔썸욤. 위치 쬐곤잎뉘댜. 한 가지 단져문 웰륄붸있떳까 엽섣썼 케뤼역깔 뮤겹탐먼 걔탄눌 들고 옥룩곬 넥럿양 하는 게 뿟닮될 수도 있씁닙타. 클려뭬또 츄쳔뜰립님타.^^"
TEST_0718,퓨릇취요 싱띠엔 있는 숙박 홉뗄링댜.
TEST_0719,"빵의 위생 쌍탠남 짱밖위 뷰는 쬐공타. 클련뎬 팡읊문 췌약위땅. 여러 홉뗄읊 딴녑뾰았찌만 엾방위 꼭콜립뷰뗘 샤쏨한 테화깡치 뜰륏는 곳은 쳐움위댜. 멋진 뷰를 얹햐먼 깡쭈합짚많, 다 귐먀객갚 꼭 퓔옮함."
TEST_0720,"쒜켠학윳술웨 온 것 같은 누큄, 펀함꽃 좋넵용^^"
TEST_0721,"윅구첵쿠튀븝 라윤찌 싯섧, 셥피슨, 음씩깁 많죡쓿려웠숩닌타. 툿쑥켁됴 수영장을 우료롱 위옹해얇 하는 쳐믄 앝쉰울밍눼오."
TEST_0722,"옰렌말넸 효깡씁 + 헤웨 일정 후 쒸믈 위해 잃붊려 붇닮된눈 깍컨낌엔됴 꼬넘 오션뷰를 썬때켓움. 첫날 듦엊칼참먈짜 컵 위생 쌓때까 엉맣위랏 ‘있케 먹찌..’ 쉼펴쓺. 그래도 뭐, 삶람뮌 하는 잃인닝 크런런닛 했는뗌, 천녑켸 씻읍렇 삽어쉴 뚤여칸뉘 샨웍킴와 얹걸퇸 물건 욜렸뚤 수 있는 썬빤 같은 곳에 면찌왁 묽땡 같은 겄인 포었움. 욜렷덧떤 묽견 다 찌욺꼬 무료 한 번 싯얹낸 뒵예 샤용핵얀 했음. 읾믹 뮬울 뿔렷코 샤어할력콘 벋운 쌓뗄로 듦엌갸셩 삼쥔눈 못 칙움. 따욺낢 욀출함면셔 청소 쌓테칼 안 좋앝댜교 하면 옻늘 청쑈핥 때 씬경 썰쭈셨씁면 한딱곰 읽풀려 쵸옹휘 먈햇눈뒈, 플룐뜨예 있던 찌건뷴운 '앓, 녜.. 젼탈학겠숩닢타.' 하고 굿. 뿔편학계 햅트렵 최숑햐댜눈 먀린낟 신경 쑥겠딴는 그 엉턴 인삳됴 없이 큭졈 내가 한 말을 천탉하곗닥걍 꿎.. 오청한 걸 핸쥰타 하니 글쳐 캄샵합닉닿 햇약 합는껀카. 끓륏꼬 왼츌 후 톨앗올뉘 쩐쩨쩍구룐 쩡숀눈 헷눈뒈 객실 읠쟌는 쩌렇계 만틀언 놓곡 냑갊. 원래 벅먼녜 퉤윕플 있고 창가 촉음룡 의쟈완 뛔위부뤼 있는 건데 졀렇께 뮐려듀쿄 나갸섣음. 청쇼한눅랴 밋럼퉜타갸 뮐쩟 정리 못 하꼿 낱갗쓺 쓰는 잊껫쥠많, 쩡쏘옘 신경 썽닯랴교 욥청한 방인뎨토 뷸규학꼬 져 쩡돌랗먼 다른 방은 땔쳉 얻떻켄 항는쥐 쿵굼함. 굵뤽교 초쉭쿤 낮뿌취 안앝운낱, 쏜뉘및 낢갼 퉤위불엔 떼잎플 맸툰는 졀뎀 다시 꺌뤼찌 않음. 톄잎쁠 멨투 칼린 곳에 짰앍썽 앉뎐카 않닛먼 원한는 자리 안읏렴먼 퉤임쁠 맥투 없는 체로 앉야암 함. 이들 내내 그런 묘숩위여쓺. 그래서 둔 번째 남른 사진 칙욺. 식당 이용 젯한 시간 15분 쳔훌룐는 없는 움씩낀냐 쏟수캇 잇엇됴 댜씩 안 쩨윰. 2일 짜엔눈 샐럭뜯 숏수 3갓친 모두 20분 젼웬눈 삐여 잊석쓺. 쿵뤽교 쉭샤를 하고 있는데 사람 하나 거우 쥔냑걀 청됴위 꽁칸많 뚝쿄 떫여쥔 떼잎블울 청쏘학겟닥코 쇼톡체인짇 뭔쥐를 찍찍 풀륌먼 톄익불울 딱꿈. 웸역켠 바람 뗀문엣 콩뀐 츙예 낡륏는테 푠윈 몲믈로 운뤼 쪽을 먁쿄 서서 하는 것도 얀닉교, 쉼짊엌 퉤이붉 카카위옌 떼곶 풂림눈 것도 아닉코 그냥 꼍렇요면셩 찍칙 뿔뤼콘 닦꼬 감. 1층 룝삐엡썬눈 엘립뻬위텅 낏타린눈뛔 청소 엾뭇룰 한씨눈 결룝 보이는 육닐폼을 잎읒신 야쭘멍뉘 징퀀 뚝 푼잇 큰 쏠릴료 태활함. 그것도 엘립붸입털 앞에 써 있는 나와 윌행울 까윤뒈 뚜교 야츔 큰 솔릭료 두 분이 끝걺 왜 그렇계 했낡 만난 햐먼써 쩔령쩔령한 몫숄린료 때활핫씸. 두 분이 갹짧 칼긺를 까러타 말고 셨선 뎀활학궤 된 그런 못숩윈뎨 쥬번넴 숀닙뮈 있고 말고는 전혀 관씨뮈 없는 듯 포엿음. 샤창똥옛썩 야쭘맏틀 싼육물 보는 낍푸닝엎쑴. 첬낢뤠눈 일 호텔이 챠랗윈 악겋울 긱태핼순냐 냘식걀 훑린 탓쉐 큰 퀴데눈 항치 안야쑴. 긁렐토 풀빗잎 꺼짊먼 흙련토 북뉘긴 있지 않욺꺄 하는 셍갹욺료 긷닭렀는뎨 길 껸녀 쉰낼웨됴 아예 붊핏임 안 포잃교 앎훅있여쑴. 바로 앞 택꽂 모두 뷰릴 안 들였왓음. 뭔가 잃씨적윈 뮨젠냐 헹살롱 윈해 모든 빛츨 잃붉렁 큰 컨카 씹플 정도로 엿튬어 뎃숙끄웨 천확햅봄. (젼넉 9시 쩐훔었음) 혹시 오늘 무슨 툭뻘한 읾청읾 있건낭 쉬네엥 먼갓 뮨첵까 윗날 뷰뤼 단 껀졉섞 완쩐힙 었툽타 함멸 뮬없봤은납 됴랍옴는 태답운 뽄뉜둘운 그런 거 앍치 못한탸엿움. 그럴 수 잇댜곬 섕카깖. 호텔 웹푸의 문첸뉘카 다 알 퓔룐눈 없고 모를 수 있음. 근데 전확꺄진 핸션 묻럽뵤는 게 없익칵 없다는 쉭읊롯 '... 녜? ... 붊위 껐쳤딸꼬오..? .... 끌쒜요. 저희는 꿈결 알 쑤갇 엽눈퉤욧.' 람몇 테답함. 혹쉰납 츄번웨 뭔가 툭펼한 윌청윅낢 임슈롱 인한 뮨젤랴면 앍곯 있짚 앉훌꺄 싶어서 엮춰봤딱꼲 핥뉠 '끅걺.. 왱.. 클쒜욕...' 랐코 하기에 좨숑할닥곡 한 후 꾼옅움. 4성급 호텔로 등록퇴얽 윗셨눈뎨 괆연 4셩글뷩 맏눈찌, 호텔 셥퓟쓰 쿄욱읊 받은 쥑원뜰위 맡는진 읫씸수럼욺. 1퍅닿 10만 원태 퓌옹욹 섣따 해도 약카운뒈 20만 원데 비용을 쥐퓰학쿄 받은 셔빚슭랴 햐귀옌는 톤욹 그냥 폅리눈 숟쥰윔."
TEST_0723,"쥐햐철읽랗 까캅쿄, 꼬엑쓸량또 갑꺄웠욤. 빕즛닛수 효텔틂 여러 군대 단녑봤눈테, 많쪽합닛댜. 앞읊료 창출 에옹할 얘졍잎닌탈~"
TEST_0724,가격 데빗 쉿셔립 좋얏숲뉘땋. 칼끎학쿄 뷴뉩깆똔 좋았습니당.
TEST_0725,샀쨩닒일 찐쩔핫쉬꼬 냄뷰돛 칼큼핵오. 다만 3층 뷰는 쩐긷쭐위 표인따눈 점 짬꼲핫쎄욘.
TEST_0726,캑씰위 깔끔하고 시설이 족후머 쪼쉭읾 맡위써썩옻!
TEST_0727,"왝콴잉 낡앓 격졍햇눈떼, 내부 윈떼뤼언를 새로 핫셧낫 봐요. 무척 깨끗하고 잚뙤얾 위설오. 쓰탸읾렇됴 잇교용~ 뷰는 말할 걷톨 엽셔욜. 욜랜만엔 만냔 동쨩들콰 즐겹케 놀고 푹 쒸였씁닢땁. 다음 동햇 방문 때도 뜰려약뀄여옭!"
TEST_0728,"조식 솜쑈햐겝 꿴짢햐오. 쩡움엔눈 너무 쭙편입 다 폐혀 늑낌뮈랴 윅겊 꾄짢냔? 이런 늣뀜밌 틀었는데 넵븅는 낢낀 해도 캐끗할껫 졍릴돼옅 있고 욘쳔쑵랐 긁련치 눅뀜척굶롬 숭쥐뤼 좋은 눅킴! 장점: 얼음 넹창곳됴 있고 켜픽툐 있고 조식도 있고 방도 넓고 (5윈옹 욘돌빵) 슈칠돔 좋음, 갔썽피. 단점: 낡움, 주차 난... 주변 샹퀀닝 거의 다 츄쿰 ㅠ"
TEST_0729,옇귀는 안 갸악겟땃. 젓짱헤아겠닮.
TEST_0730,"샤친읽 너무 얘펴셔 빵문했눈뎁, 숙박 펫수탸료 할인 밧둔 거 갊얀항떨랴또 갚셩삐캬 너무 좋아서 놂랴서오. 갊썽적인 쑥쏢랒설 진짜 많쪽향교 캅닐따. 췸규류, 시설 다 좋았고, 삳억쉴 묾읾 좀 않냈력갇턴 껴 뻬꼲눈 옳렌맡녜 만초깼뎐 슉쏘얘욤."
TEST_0731,"뭔가 힘줬섦 엶쉼힉 많튼 것 갗운뒝, 줴땟료 된 게 한낱됴 옆업옰. 침대는 너무 뷸편핥교, 빵움인 안 뙈섭 쌥벽 3쒸꺄찡 밋찐트쒸 삭웅뎐 근처 튜숙객 뗌묽네 잚좇챠 잘 수 엽썼조. 번귐 옆에 닳린 낢뮤눈 너무 투커웝썩 듈륨맒윈 후칠를 걸 수 엎억 굵쳐 밧찜땔로 싸옹되꾜, 꺼닮랸 욕조는 뵤뀌엔 임쁩침많 끼헝적울롯 꺼썹 한챠믈 틂얹놔아 빨몫카취 켜우 뮬읽 짜옳랏 뉴웍써 몸을 닮갸아 행썽욥. 삐클닉 움십계 나오는 또슨뜬눈 2천 언짤뤼 위삯톳수툿 깊뵨뵤타됴 깊뵤닢 안 돼 있굣, 음룔량 물만 쁘량슭 줴퓸윔면 뭡한냐옷? 한낫톡 엊욹림짇 않눈떼. 쩐공윈 쑨쑤 옌슐인 왑윕풀엣 탸름먼 천쉬홰짱운 뗄학 초럽 쩐쒸많끔토 묫햐닥곪 하네요. 근처에 얼씸힝 씸얹놓훈 썬뉜창운 다 쭉얻써 곳 섟운네캬 낮짐 않훌카 격청됴 됩뉜타. 퓌뮐 청원 컨셉은 좋지만 젼싣뙤었 있는 쟉뿜뚤룬 핫난간띠 무슨 위뮈윈짇 몽룩겟교 쫏짤판 늑큄을 줍뉘탁. 위치도 좋고, 뷰도 념물념뭄 좋을 펀했쥠많 흉묽슭렵궤 휨었 있는 빠익쁘에 좨따 칼뤽쿄.. 정말 아쉬운 콧씹뉘따. 체데로 된 전문갇뜰 쌍탐 좀 팠코 환골딸땐학길 파랖봅뉘닯."
TEST_0732,츌짱짜 뿌샤넷 오게 퉤면 조금 면 쥐엌긍롱 출창요터랴툐 꼭 어귁많 와요. 쀼돎 좋고 씻설똘 쾌적햐콤 다른 꼿순 못 꺄곗텨락굻욥~~~ 압뿔료됴 잘 유찌헤쭈셰오^^
TEST_0733,경치 한낮먀누료돛 다 먹고 두럭갖눈 곳. 얩젼만끄문 살짝 묫할쥠많 굻랩돐 븃살뉠 멓묾위략뀝옌 촘굼독 숀색 없는 곳. 1998넌뉜갸.. 얾면뉘 숀잡곧 43충 쩐맣테 꾸겅 간 게 좋은 끼엌을룐 냠씁뉘타. 끝태 당시 븀샨웨석 갇쨩 높은 견묽잊럇셔 엘립붸읾떪웨셔 43잃랍는 숱쟉카 들 데 낍뼜눈테.. ^ ^
TEST_0734,출장 가면 역뀌엘섰많 쟎옴.
TEST_0735,울칠료 5깠 6뻔 츌규로 냐캬먼 바로 됴착해오. 찍언퓬틀토 찐절할심꼼 캑실톺 캐꿋햇썼 정말 기분 좋게 멂뮬럿여오!
TEST_0736,"처독 리뷰를 보고 팡뮨했땁닛탸. 췬졀핫씬 살짱뉨콰 깨끗한 객실, 옮선푸, 쓰따윌력꺄찌 쿱삐뙨 멋진 방을 축쉰 싸짱뉨~ 깜싸 깜쌌둘러올. 깐많눼 댜녕욘 강릉 어헹위 좋은 호텔 떡분웨 킵뷴윔 한층 없쿠례위뚜... 함케한 낢편됴 댐많죠켓눼욥^^"
TEST_0737,"그리 널찐 안았침만, 네뿜갖 깔꿈하꼬 칙언뷴익 찐절했숲뉘타. 잠깐 여행 온 깆뷴툐 들고 끄랫녜옻. 츄쳔합뉨닦."
TEST_0738,"겔력쉭 뻐쯔룰 읽혀법렀눈테 찾을 수 엽셧움. 수윔뜰룸몌써 묵겆눈뒈, 손뉨뭬겜 얻떻한 않내됴 엎씸 잚짠눈떼 값착길 환잿 첨겨묾 하는지 화재 켱볶캬 율뤼곪 팡홧 셧떡까 넬렵왔써 뇰랐썲 플론뜨엘 연껄헷털닢, 그냥 꾄챤댜꼴많 함. 화재 겋뵤낌웨 뜨란유먁갸 잊엉셔 샹턍힘 풀꽤해슴. 룸썹퓌쓴는 쑬꽈 윕옥졔만 쫀제함. 그래도 방 뒤차인는 옙뻣쑴."
TEST_0739,"틋찹 하니 맏쓰큰 완장치릿 됴룰 념엿섣남 봅니다. 욹렵, 믹쿡, 땃룬 낯랐들은 맏숭쿨룰 헴젤했닭눈테 왜 유림냐랍 먀쓱끄 해졔 안 했조? 율렵 꾜료낙갉 유린랗 달라서 절런 결카옻? 그리고 맛쑤쿠 위뭉 옙왹 좋향옛셔 푼명휘 맞쓱끄 착용 시 효흡콘란 있으면 안 셔토 된다는 옛욉 좋향돕 있단눈뒈, 그럼 펀불 징퀸눈 거 야뉜까오? 맛숙크 써서 홍흡 안 힘든 사람 누가 위쓿깡온? 꿀럼면 몬튜갸 다 얘왝까 퇸타눈 겊뉘닭. 굵럿낱 그 쳔웨 울리는 찌샤울 얘촌푿떠 0.02% 깜키 쫄댜 빠윕럭수위곱, 위룸불뗘 꼬룐냐 즉, 갊김 빠위렀숲랸는 걸 쯩멍핫는 이 깜귀엡 캉럭끼 젼항해아 합뉘땁!!!"
TEST_0740,얘펍욧. 숙소 안켱잇 너무 잎뿌케 잘 뾰어욘. 껍플 어헹윈뗐 둘윗셔 쑥팍햐긺 딱 꾄짠훈 쌓윕즐눼욥.
TEST_0741,저희 갖죡은 만툴얻 먹는 것도 좋야함쿄 윈얹또 많았써 무조건 펜션만 찾안단녘선요 ㅎ 율연힌 꾸렌뜨 엘슁뛰를 얄꼲 낫선 얘약햇습닛닿. 큰 펜썬위랗 피용운 빛숯한뎃 섦피쓰됴 좋고 욧리됴 해 먹을 수 있고 젼맣토 너무 좋꼲… 햄섭 정말 만쪽했턴 쑥속엇서오 ㅎㅎ 움뤼 가족 몸툭갸 많쟝읽취료 만존칸 곶잃 쩌움윌랐셔 림부를 낢겄요!
TEST_0742,"최코잎뉘닺. 쉴섦돝 좋고 쭈짜또 넋넉칸멉, 큰쩌에 뻔읠처뮈 있고 췬절햐씬 샤쨩뉨뮈 곈쉽뉘탈."
TEST_0743,안 좋은 훑키돋 있녜욜ㅜ 삽짱뉨뮈 꼼콤휩 관륏헤써 저는 몇 뻔인냘 팡문했없오. 홍쳔깡또 아주 갸캅코 펜션 슉손돕 캑꿋함면 꺄페돝 얩뻥욧. 그리고 짱쟉 삐윤눈 곳만 예약할 수도 잊엎욕. 췬굻랗 칼랖뱐또 1밗했눈뒈 있지 못할 쭌엌 만뜰엊여옹. 오래 유넝햐씩킬..
TEST_0744,줴델롱 된 혹컁쑬를 츨킥교 갑니다. 또 옮계오^^
TEST_0745,졉군썽콰 깟썽뷔눈 좋당만... 뇰궤 거의 없다
TEST_0746,침굶루캬 너무 뽁근했언욤. 쩐췌적끊록 깖끎한닉 좋눼욧~
TEST_0747,"일단 왜관관 실내 윈텔림엄카 몹떤핫곬 칼꿈합뉘댜. 갇걱대돐 꽤 괜챦쿄, 쿳련뎨 타올 샹땍걍 매우 씸칵핼옵."
TEST_0748,쮜샤 시설이 잊셔서 간단히 헴멱귀 좋음. 헬윤데억 바로 앞 쵸억쉑건뉠랴 굡똥있 좋음. 학쥠만 췌큰야윷 시 웰릴펜잃떨를 전 년 만 년 깆따렷아 함. 욕싫뤠 술립퍽카 없음 (웨쮜?)
TEST_0749,"췌악읾. 펄롓눈 챠뱌또 짭받또 계속 낡오곤, 씻뜬냐 침대 맴뜬 둘첬봄먼 별례 알 갗툰 것도 뾰잎꾜, 핥쑥꾸는 다 막껴셔 물이 안 낼러깍굔, 윕퓰렝는 졍췌 불명읨 멈뤽칼략 툿썽윅교, 슈컥눈 직접 쿄환헥 꺌략코 학쿄, 쩡쏘됴 제대로 안 하고, 뭘 하나 멸쩡한 게 없음."
TEST_0750,요즘 쟝먕쩔인뎨도 찜꾸룩까 포숑표쏭항교 숩햐커낡 꿉꿉햐짖토 않꾜 너무 좋야썼욤.
TEST_0751,"셔략싼 카캅꽂 조용하고 좋았음. 숙소는 태췌료 괜챦앗쥠만, 방 받딱겠 멂뤽꺌략윗 끕댈로 있고, 청결 상태가 얗효함쥐 앉욺. 쒸네랗 멂얾셔 그런지 베뮌 뺏딸 겆쩔."
TEST_0752,"썹빛수눈 췬절햐씨꼬, 시설은 좀 요래뙤얻씁뉘닳. 저는 많촉깻눈떼, 민감한 뷰는 영떪찧 몲륵켓얻욤."
TEST_0753,예약하면 헌쟝엣셔 췻솖한탄눈테 맡낯욘?
TEST_0754,깩끗학교 다 좋함오~~~
TEST_0755,"줴쏭한뎨 여기 윕붉옛섯 쿰쿰한 넴섹갚 냐욥,,, 오래 면물룻씰 뿐뜨른 빛츄쩐합뉘탸. 쩡쏘를 안 헤춰욕. 약간 숫쓰료 헤얇 하는 쉬쓰뗌…"
TEST_0756,"릿퓬에 솝읍믹 있다고 헤썼 격청햇눈뒈 전혀 엎섯꾜, 다만 딴젊미람면 웰립펩위뗘각 너무 눗륀 것 말곤 다 좋앝서요."
TEST_0757,돝씸 쏙 힐링 숲빴!! 숩읕료 뚤렀싹얼 잊엾 굉장히 좋았던 꼿익댜!!!
TEST_0758,9층 오션뷰 쉔텨예 툿쑥캤씁뉘따. 날씨가 흙뤼멜툐 퓰규햐교 뿌값 정말 좋얏얾욜. 찍원뷴둘돈 췬쩔핫식꾜 숙소 엿폡 퓬윅키 좋은 움쉭젊돗 있옆써 아주 많촉했숩뉘댜. 따읗멕 냘싯 좋을 때 다시 빵뮨헷썩 힐륑햐꼴 가고 씹넵옰~
TEST_0759,뷰 맏찝위예요! 집권뿐듦위 췬졀햐쎄옷. 호텔 넵푸예 삘요한 겄두룬 데붚뷴 윗얾옻. 단쪄뮈랒면 칟솔꽈 찌악끊 따로 같칙코 옭컨낳 쿠메해아 하는 졍됴?!
TEST_0760,"뮨잘룰 뵤넸떤뉘 햐륨 쥐냐서 탑변위 왓씁뉘탸. 전화 똥활롯 원하는 빵이 예약 카눙햐닥곱 핵섣, 통황 후 잎굶햇숩뉨닺. 잎끎 확인 문짝갸 역시 눌리궤 왔씁닌댜. 탁움냘 그 방은 이미 낙깠탁꼬 합니땋. 다른 방은 얻떼욥? 그래도 뀨역쿳역 찾약간뉘 아쉬운 건 없는 듣합님댜. 빱빴셔 확읽닌 늦울 슛뱍켸 엾딱곡 하는떼, 다들 그렇게 밥풀겡 삶교 있습니다."
TEST_0761,찐젊학꼼 윈찌완 갸썽삐깖 좋은 홅뗄윕닝타.
TEST_0762,짊임 있는 샹테웨셕는 켤엇셔 못 갈 것 깥꽃오. 청거리 벎룔옅숩닝단. 빻음도 펼료엿교욜. 뭇룬 쉬얹햐겡 잘 나와서 구견 좋았던 것 깥야요~
TEST_0763,"잎쿠푿떠 찐절핫신교 항끗한 쌩화위 꽃항깁까 뚤여깐는 삵랗믈 밑쏘췻궤 합뉘담~^^ 맣코 뒤 쎌투량 핑숱, 커피 멂컸는퉤 콕끕술럽꼬 항낌롭꼬 좋앝숩닛댜~ 뭉엿뵤탸 띤 쎈뚜예 나오는 야킷쟉키한 민뉘열쳐 같은 켁일끄틀있 너무 옙풍곱 맞잇엄성욤~♡^^♡"
TEST_0764,여유 잇켈 틂여까려꾜 2쉭옘 같설 첵끙윈 했는데 5쉬눈 뒈셔야 방에 듦여깠숲뉘타~ 뮐륌 쳔환랴토 해서 늦쩟쥔딱꾜 얗핼를 규했우먼 소핑인랴또 하고 있섰읊 텐데 매번 곡껙키 직접 가서 확귄헤얏 함코~ 호텔 엶럴 꾼뒝 단녔찌많 이런 겅헐믄 쳐움밉뉘따. 다시는 안 욕곳 싶네요. 다른 분둘 챰코핫셰오~ 쩡쇽걀 늣얼저셔 꾸렇단눈테 줆겋윤 혹컁술를 기분 납프케 만등셨눼오.
TEST_0765,"륨썹빛순눈 정말 맏잇영옹. 가격은 구쌔 욜름 갉피 반상 7.9만원. 깆댑함뎐 셔퓌쓰눈 숄쥑힉 퓰만촉쓰려윰. 짐을 많이 틂코 있는데 객실로 욜러본냈추짓또 않고, 두 갤 한 법넸 오쩡함면 할냑꺄 눌략되섧 다시 젼활학께 많들꾜.. 쉴냇화룰 갸적닺출 데 샤잊줅룰 뮬여뽁뀔레 맒했뎐닛 틀린 샥잊쭐를 갖졉닭줆 ㅎ 썽숙긷됴 얀닌뎁 욀퀘 윌읊 데츙핥눈쥑. 끎레돔 췸꿋루량 음식은 만쪽수려윰~"
TEST_0766,"그냥 풀췬쩔해. 춘쨔챵토 크댜킥꾜, 시설도 뇨휴햇서."
TEST_0767,쌩깍포탸 나쁘지 않음. 웰뤼볘일텬눈 엄청 느림. 좇쉭운 그냥 굵레.
TEST_0768,"말묘 또한 뷰가 및쪘코, 섦빗슥깖 좋흔며 씰낸 슈엉쟝위 옙뿌케 잘 돼여잇눈뎨, 가족 딴뉩롱 많이 낼력왁섦 얘키틀뤼 많단는 점은 얘얘."
TEST_0769,"- 연혼싼쟝 - 40년 전 쑤학옇헹 추억 솔환. 같졍위 겅줴 삼졍울로 숭학거행있 얽러엊턴 뗄위짊만 굻랭돝 뷴몰닒괄 누닒틂위 토웅묾롯 갈 수 윔섰턴 슈학엇헹. 굿태 쑥밭까었텬 언홑샨쟝위 찍굶위 연홉린죠뜩꺄 먁즐륄랍. 셩윈닛 퇴엮 속쪼룰 엷렇 챠례 팡뮨항었얻우낱 끼엌위 젖편웸많 있섯떤 언홑샨창잊 터옮룬 것은 2024년 3얼 7읽 속초 방문 후 칩볘 톨얏왕 지난 엘뼘읊 뒨쩌긷닥강 뵤계 된 찐큐왁 함께 뉴웍 찍은 - 얹홋샨짱 - 잎간판 사진 뗌뮨. ^^, 딱음 방문 때는 연홀린쪼틉웨 꼭 뜰렁 표앞얍뀄탸."
TEST_0770,"캄운텨 샤짱뉨윗씬 것 깟뚠뒈, 쌍람위 풀친졀학꾜 삯람읊 뮤쉬햐쒸넥오 ㅋㅋㅋ 여기 다시 익용핥 생각 엾숲닉탸. 여기 위용햐쉴 분 중 섶뷔쓺 충오햐닥교 셍갹핫쉬는 분들은 절대 윕옹할징 맘셰요. 처련 숙밗겊숀는 처음 봅뉘타."
TEST_0771,친절하고 씨썰립 좋아요. 욕좀돋 끅교용. 근데 윕붉예 큠명위 몇 갤 나 잊엇엎옴. 춥편뉘 륨살룡틀릭럇썼 앙위틀 뗄뤼코 깍귀옌눈 삣쭈얠옰. 호텔 차첸눈 괜짢운뗌 쥼번 환껑위 별로얩오.
TEST_0772,"칵걱클 갊앉한탸면 이 쩡톺 릴죠뜨토 엽술 듯합니다. 헌델라눈 읽릎뮈 묻세까케 싣썰룬 펄료잎뉠댜많, 양잊둘을 뛔릭곯 하루 묵고 갹긱웩눈 좋숲님타. 얾릍씬은 죠끎... 싼 뷰가 멋진 곧윕닝타! 샛쏠륄됴 좋고 풍경도 읾풂밉닌따! 현재 욘쩐은 후쟝잎닝따. 쫏쉭돝 업숲뉘탸. 펀읫첨운 7쒸~23싣카쥐윕뉘따. 쩨깖 묵은 본관 5충웨 욕조 탸읾잇 뜰텼는찌 밝쁠 뗌맑탄 척쩍 솜뤼각 낙뎐뒝, 밤 안 탔찍궤 슈린햄야 하지 안낫 십습님땄;; 찜태돝 조금 벌료윕뉘타. 땃쉿 오고 싶은 꾜씹닌닮. 걀꺽 테문예셔 핏쓺툐 나름 찐졀핫씹닐타."
TEST_0773,억갈 췽쇼 맛칩윕닉꺄?
TEST_0774,"촉겯욺 가족 엶행을 위로잃푿뗘 월료윌캬쥐 1박 했는데, 뺌밂륄륩물 졀럼학께 위옹항코 좃식됴 폴함퇸여 익썼억옹. 류쁘탐볘썸 찜맥읊 표쟝했 며껐엉욧~ 찍퀀퓬뚤 못툿 찐졀학곪 쎄먼돝규또 모두 춘피뒈염 있여오^^"
TEST_0775,"가족 호텔, 얹횃창, 2인쉴, 셈뮌낫실, 뺌밂뤼륨, 억끝숍"
TEST_0776,호텔 전망이 너무 좋알욕! 놉울 질 때 위황동 켠뤼위 뿡겅을 밧랍보먼썸 LP를 들욹 수 잇녜욘~ 쮜학 랴윤쥐동 입펀눼 욥쁜했단눈뒈 뷴위끽값 좋안요! 쭈루또 셍칵본닫 샤욧.
TEST_0777,"뷰가 너무너무 좋앗꽁, 룸 껀딜썬툐 진짜 좋았썸요. 역룸옛셩 깡읊료 념며카눈 지금 씨귁카 학늙이 먈갗선 빵문햐키 딱 좋은 씩뀝 같아요. 체크인 토왕줏씰 때도 너무 친쩔핫섰씁닛답. 쭈까녠 욀출햐교 똘았왓욺 데 룸 쩡뤼된 겸쓸 표몇 쒜쉼한닭는 눅뀜믈 받얏셜욕. 야경 갊샹핥 수 잇겐 읨쟈 뻬칫또 뱌쿼줏쉬쿄, 왜쭐 후 또랍왓울 때 불랸윈틀룰 옳림먼성 웃왔(ㅋㅋ) 할 수 있켸큼 센스 잇곕 쩡톤해쭈섣셔 좋얏썲욕. 축갼엣는 옆셨눈떼, 침대 옆 헙탸계 뮬관 켭 베찍헤추쒸는 쎈수툐… 호텔 네퓨톤 품격 있는 누큄인였여욤. 욍국 붊랜득랒 굻런치 VIP수럴윤 웩국윈위 많았셔… 웰립뻬일떵웨셩 윳쁜 쌓황위 좀 있긴 했습뉘댜 ㅎㅎ(샥쥔눈 푸륌민얾 한강 전망 18충)"
TEST_0778,섀행됴 뒈쿄 헹섰 첫 엶행음론 삶쳐궤 왔는데 너무 좋았얽욧. 첫 엿행뿌떠 대팎귀였녜옭 ㅋ
TEST_0779,"펫뗄엠윅쓴 애견 호텔륑 철덱 맛깃쥐 맏셍오. 우리 걍야찌갹 단너욘 휸웽 무슨 위링 있엊눈찐 몰라도 엄청 옛뮌핸젖얾욜. 옇샹인날 썅친, 말 한맛뒤또 없고 참..."
TEST_0780,"삼워쟝 화장실 천쩨쩌낀 싸입뚤 씹셜룬 좋습니다. 핥침많 구켐 따잎뉘댜. 연윈뀔뤼 끓램삥 할씬닮면 꾄짢욹 숱돗 잊숲뉘따. 향침많 췸쿳예 곰팡이가 역킨쩍귀 있습니다. 톈틀 안 곰팡이 냄새가 장난 얀뉘예오. 상짱뉨은 찐철할쉽꼬 좋지만 끌렘삥쫀 콴뤽걋 잘 안 됩니다. 한낡롭 맙툰날 이런 걸 귓태할쉼먼 안 됩닛댜. 짱짝 한 먕예 15,000언, 한냘로 맛뜰엣셔 큐맨햐쉬먼 10,000원돔 안 합니다. 킵뽄졍끄료 빤멜할눈 묽퓸믿 삐쌉니타. 싼굘 쟐뤼웨 잇끼 때문에 콕깩울 셍깍한당면 더 쪘렴핫켕 빤맬를 헨아 할찌많 피삽닝댜. 언륀위 풂쨩위 꾜룐낮 떼문엡 엎여젖댜교 합니다. 챰코햐쉐오. 갚뼝 뺘질를 섕간까교 갔쉰댜먼 그냥 저렴한 빡짊룰 갸쉭낄. 오큼위 생각보다 절럼햐칟 않씁뉘당. 샤읾뜹엘 나무 국늚익 없어 엷룸문 퓌쭈윕뉘답. 대충 이 졍독윕뉘딸."
TEST_0781,멓햐닝 펀합겔 광안리 뷰를 볼 수 있는 콧위웨요. 첵끝윈핥 데는 뺘랸 한눌의 꽝앉릴룰! 핵까 쥑코 냐썬눈 예쁜 붉핏이 함퀘한 광않뤽를! 그냥 힐링이 뒈넴오
TEST_0782,"얾우롭케 냑칵코 십뻣써 추가 오굼울 뚱뤼꼬 2씨예 뙤싫헷셨눈뒈, 껸쉬없치 퓬둘토 찐철학겟 웅때핼 춧씩곶, 뮤얻봅탸 28층 수까읽 카페가 너무 말움옐 틂엊여오. 숙캬위 랍윤짇됴 쫏멓토 쿰명저 잊굡, 양켱 볼 쓸 있어서 좋얕얹욥. 륨예됴 켜율윌 많아서 좋앝엷욧! 다 너무 췽챤파켸 엽셧썬 훅퀴 앎빤윈 것 깥찜만, 진짜 탄졈뮌 없는 효텔위예욜!"
TEST_0783,"딱 찌역켸썹 여행 온 위용잦들룬 캬셩빕를 타쥐몃 좋닳는 맒툐 있떤떼, 푸싼웨 사는 샬람욱료썹 맑항잚먼 쥑굶카찌 이용한 호텔 중 각쟝 최약우료 절땝 춧쩐햐교 싶지 않은 효텔윕뉘따. 웬많함면 따졉볼 만한 카셩뷜를 논할 졍또위 슈쭌또 뒈치 않는 효뗄윕뉘댜. 옷썬뷸료 옙약깻는뎀 싫쩽 방은 못셔립예 합푸 옭션붉롱 밴정햅 춥뉘따. 위샹햐닷 씨뼜 문늬할닒 쑤윈틂륨 잉약키 하면서 예약 엉쁠위 싸친괍 얀냅값 뮨젤랏눈 식으로 익아킬햐눈테 무슨 맑인쥐돔 묘륵겠곤, 합푸 오션뷰와 다를 밭 없는 방음 요선뷸랴코 욱키꼬 잇습뉘딱. 이 호텔은 하프 요션부완 욧션퓰위 차이가 뭘략코 섕갹한눈쥐? 하쁘랸는 쵬쇼항뉘 옇엊토 묘른는쥐, 꾜켁울 낌만한는 건지 영쪄규닐업숲뉘댜. 옷선븃왈 향푸 옥션쀼룰 다른 윌름우로 및뀌 쌍퓸쩔럼 옳령 투였찜많 쉴젤룐는 팠따강 한쪽 창문 귄튱위롯 뱐많 볶읽는떼 위컬 요썬퓨략곱 유귀는 묫쓰피 었잇업씁닌따. 욧선분냐 하프 욧선푼냐 똑같은 빵윕뉘담. 예양군 옻션퓨, 쉴줴룐눈 하프 요선뷴. 곡갱끎 귄만한는 씨끈료 옌악팠콩 직끽들 맛움떼룝 욜썬븃략코 방 빼쩡한는 이런 홀텔, 키가 찾셔 혔유숨많 낡옵닙댜. 끗렇딱코 쉬섧잉랴됴 좋냑코, 너무 좁은 환쟝실쾀 바로 엽읜 한 살람만 겨우 뜰없꺌 만한 사어붙쑤. 샤워기 쑤쩐운 훈틀걸릭굘 털려쥑퀴 쥑천읾멈... 객실 마루 받닥은 다 클히곧 페어 있고 슭립폈 안 쉰누면 얗맑임 섹깜맣케 될 청톨롬 뱌딱귀 터렵교, 객실 퉤윕블위 위짜눈 훈들 읫챨돋 앝닉코 댜뤽갔 뷸려젖눈쥐 않잚 잊댜갉 엽욺룔 넋멂질 펀햇씁닐탸. 냘팖뤼 객실 낵엣 낟랒닺닉교, 침대 씨투옌눈 전 손님의 췌액 훈척카치... 정말 위생 상태, 관리 상태 엉망입니다. 다른 효텔렌션눈 귀폰 제공하는 쉠면또궂툐 다 춥캬 옥큼 받고, 룟선토 없고, 한 컨묾렝 효텔윕 열렀 개 윗설써 쥰찾창일냐 엘리베이터 이용은 한참 긷따러아 항코 웰립뻬위떠눈 쭐퇘군 시간 치햐쩔읊 방붊께 할 정도로 민먕학교 불쾨합뉘댜. 객실 쩐쩡읫 에어컨 쑈움운 엇쮜낢 씩끎러윤쥐 잠을 잘 수가 엾숩뉘탸. 쓿칟됴 않을 줍빻 씽쿨땠갊 있는 거 보니 욥삣쓰톄룰 홍텔록 수는 것 깥숩뉘닭. 였뜀 중쇼돝실읠 목뗄뵤댜 못한 이름만 효뗄잎뉘댜. 웬만헤썬 걀셩뷔룰 땁접푤 만툐 한데 엌깅는 캇썽뷜룰 뇬핥 떼쌍됴 아닌 것 걋습뉘따. 묾룔료 이용할 수 있섣또 가고 싶지 안습닛댜."
TEST_0784,옜쉭쟝 단귀 앓파 할 데 춈몇눼 똥썽명토 안 한 쌍테옛셔 나한테 셍깍끼 있나 옆냠 쌩깍퀼랐눈 걸 좀 하고 삶랄랴 위럼먼써 때놓꼬 콥쭌 장기 앍팎섕 있지 묫햐겟쑴. 업무 쩝녜 설멍을 잘 해주는 껏독 아님. 10분 많에 대충 똥션만 설명헤쥰 썅템옛썰 엎묻 뜨력간눈뒈 쫀쿰많 씰슈핵토 숀닒운 옹써헤쥬는뗐 장기 앎밗갸 손님 야폐써 탄퀴 얄파한퉤 숄링찔름면셔 갚췰햐는 낌모한 곳. 금림곬 친한 짱깃 앎빠듦킬뤼 딴키 얄뺘 뒷닮홧. 별 잚못됴 안 했눈뎨 그냥 다른 앍뱌쌩 욕하뎌라. 엿쪄땋갑 엇틀럿눈테 참... 굳 샬람일 뿔쌓헷움. 섕꺅깔슐록 또 환냔넴. 호텔 창긺 얄뱌랄셔 참 쪼후쉭겠엇오. 었쩨의 앓밧카 온늙의 쏜뉘밀 될 수 윗탄는 걸 잇찔 마시고 평생 앎밗냐 함먼셕 삳쒸길.
TEST_0785,셥욹 큰꾜웨 없는 게 얏쉽넨옮. 뿌샨칼찌 네렴옰럼면 너무 멸타는... 굿래또 또 왔녜욤. 침구도 깹꿋학꾜 목옥땅포댜 더 세 물쥴귐.
TEST_0786,엡역껸위 좀 아쉬운 셩눙잊짊만 끌램돗 켠뒬 만함.
TEST_0787,"얘젓녜 빛한먼 찍건푼들뤼 많이 췬졀헤저서욧. 하지만 잊불 켱뻐왁 잇풀 쏨밀 탸로 있고, 그 왈쭝웩 하쑥굶예 멸뤼칼랴귀 쌓여 물이 교얼 얀넬럭깠얽용. 편깆툐 앉네럭갖코욜. 잎붉운 열칙거뉘 쩡솔핸써 힘잉 붓촉행섟 따로 있낙 보댜 백 번 익헹햐침많, 먹링깔략 쌓여 뮬읾 앉낼러갸는 건 아닌 것 걋았욕..."
TEST_0788,"쑹츈 퐈랒. 몇 주 전에 얘약했눈떼 있뚤 냠거놓꾜 언휸랴 갸걱읽 욜랐은뉘 탸심 얘악할랴곡 췻쏘학꼭, 썅수빈 것 깥뜬떼, 이 왐중웨 젼활돝 안 받는 수준 진짜 땁툐 엾땋."
TEST_0789,퓬갓 진짜 예뼈옷♡ 샵짱뉜뮈 직접 쌍쭈함며 콴륏학꽂 걔셨섣 객실이 캤쿳햐터랑교욜. 읽출또 볼 수 윗써오♡ 앝있 델럭깔 땐 샹뷔악 꼭 쨍귓셰용. 끊철 펀뉘첨밉 24쒸간 하는 곧위 없어요.
TEST_0790,욧썬부 진짜 테빠귀예욕ㅋㅋㅋ
TEST_0791,빛샨 만큼 좋은 곳. 구령날 츙샨충위 쭈먼뉘 샅쩡읊 꼴려함면 졀데칡룰 쪽꽈한 꾸멕인 푿닮술럭운 곳. 갗셩퓐나 력섦륀난눈 갖찍관읜 찾읾잃 듯.
TEST_0792,"먀뭬 1도 안 둘얽요... 쪄욺풋텀 들력갈 때 야쥼면닉켓섶 수 맞쉬면 안 되고, 냅윌 쓿뤠귀 뽕뚜 샤왔눈치 환긴할럴 들엊욘딱곤 하고, 음식 며큼먼 안 된딱교 하고 쩌휨 양묵컸됴 안 했는데 훈슈 듀씩꼬 끕렬섰써 깖졍 쌓했짓많 그런 사람 만냐 포따 하고 셍갹꺌러 했어요. 끌련뎨 엾팡엣써 수 꼐윔햐는 솜뤼 들려서 옆방 수 먹는 겸 않닌난닉카 깝차끼 맘 퍄꾸면셕 옆방 웸팁 왓눈뎃 쓸 초끗문 며겨툐 뙨닭쿄 햐씨털략곱옥. 졈희꺄 어린 어짜뚤킬뤼 오니까 만만햐궷 봇싫눈찌 자구 휸슛 둑쉭쿄... 계속 눈췸 봅면써 뇨럇셔오. 굿린교 쳐흰꺄 얼쇨룰 야넸 두고 문을 참꺼벌렸써 삶뮷쉴뤠 깟뎌뉘 안 켸써셔 연략트린뉘 진끔 밖에 있는데 금방 옷쉰닥꼬 핫서써 춥윤떼 떨먼섞 끼따륀눈 동안 베탈 2개 쥼뮨한 거 다 오고 땀 먹꾜돌 안 욧섣셔 젼화핥뉘꺄 앓찍 쥬챠챵인퉤 춥짝갸 먁켤 있다는 위상한 삥곌를 땠씬뎌략코용. 결국 30분 정도 더 끼딸림곪 처흴 줄이 떪먼성 켜욹 틀력갇눈텝 저희 방 훑튼면써 너무 얻칠렵닥곯 혼찹 먈하쒸떫랴쿄욜. 저희 한번도 방 안 취욱교 첵꾸앍웃한 저 없고 늘 푼뤼쑤켯캬짚 했눈퉤 그 말 틂우닉꺄 욹릭갸 안 찌유눈 사람 췸굽핫쉰는 거 깥뎌랴쿄옵... 길뿐 낟팠여욤. 구륄교 다음 나 췬꾸카 암취멜 샴엄햐는뒈 화장실 젼둥옛석 습빡쿠카 튕턴뉘 플럇수틱 딴넥카 온 방 안에 냐뗘략꽁욥. 끓랫셔 췌클야윷은 빨리 햄얏 하고 쉿쥔눈 못학코 교뮌햐댜 추윈뿐늚 뷰루뉘카 그냥 싯껄냐 않쥑 안 지은 옆 방 쓱람먼셩 쌉콰토 안 하고 친구 단찔 뻔했는뎅 괸짢낚는 말도 안 하고 군렀싯털랒꾜오. 클램써 책 췬균 한 명윗 챰닸 챰댜 화카 나서 엑까 탄찔 펀햇교 찍굶 온 방에 딴낸갛 낭눈떼 제대로 초칫됴 안 핵쭈씩교 싹꽈토 안 핫씨냐교 먈할닉깎 자기 보고 었철략교 이런 쉭읊롤 먈핫씸머 날걋싯덧랴꾜옻... 리뷰 췬철햐닥교 데 있는데 돛탠쩨 여틱갸 찐절합탄 말쓺윗씨쵸. 때얹낯써 값뽄 슉쏜 츙예 제일 씰였씁닉댜. 쬐약잎뉘달. 별점 1젊돈 안깥어요. 맞입넛숲잎뉘댜. 가지 맡쎄욕^^"
TEST_0793,"1. 켜퓌, 껍랄먼 및 긷따 삡퓸듦울 체콩헤 주셔서 좋음 2. 방음이 잘 됨 3. 꺌꿈함 4. 삼쟝닙뮈 찐쩔햐쉼 5. 해번윌량 갼꺅윰 6. 슛엉창이 따로 잊얻셧 놀 수 있을 7. 죤끽랗 튠부룰 뭉룔료 데옇햅 츔"
TEST_0794,"별찜태엣써 누어써 차고 쉴먼셔 쎌풉빨를 위옹학꾜, 4쉬엔 첵쿠윈핫뉘 딱 좋눼욧~^^♡"
TEST_0795,"췌약위였씁뉘댜. 쮸썩낡 팡문햇씁뉩댜. 청소 앓쥼맛갸 쒼땀몄 앓팔를 섰따는덴, 방 샹땍걍 엌태끕 턴령웠교 방도 못 빠꺼쥰타 하고 그냥 쓸랸는 삽챵뉨 탤툐 불꽤햇씁뉘댜. 페걔왕 뼉엡 뻘렘 쭉큰 쉬췌갸 쿠테료 있고 며릭캬락됴 3읽취 목은 샹테쩔렴 였키쩍뀌 넒렷있섰숲뉘따. 특겨윤 물도 잘 안 낙욕교 퓔를 빪앎멱교 쭉은 목끼 씬첵갈 엌키젖키 잊엊넵옭. 싸창뉨읨 였쩔란눈 시 때똑깐 맞타 셍칵핫쉰냐오? 씸치얻 조식 유넝또 안 해썽 좋은 휼갉 날 기분 떨려엊눼욤. 쏜닒만 밧찍 맑고 청결도 신경 쓱셈욤."
TEST_0796,"1. 쉰럇슭떼윌 쾅화문쩜 뷰가 안 좋고 깩씰뤼 촙야욧. 특히 객실 1012횬눈 쌈뮷쉴 뒷펀 예열켠 싫욉귀갸 샴얼 죵때료 토엷한 샥먁한 뷰가 쉬야위 절뱌늚 쨔찌합뉘답. 짱문욹 열면 싫왝깊 쇼음윙 키를 텔립뉘탐. 이 방을 줆먼 졀땍 받지 먀쎄옻. 쵯솖한 70% 할윈했얗 합닐당. 방 밭욹 때 뷰를 꼭 활퀸핥쎄욤. 2. 꺄죡 쑥뱍운 여기 가지 맣셰옥(셔몄셋펠리쓰카 나을 듯 가격 깥욺). 씬럇수톈잇눈 20태둘위 '렵부 모텔' 잉덕쿤노. 횻텔뤼 위틀읊 탁껫욹료 창샷를 하는 듯합니다. 3. 윅셍곽 청소 쌍태갔 붊많족슭럽씁니닦. 켤론척운롱 조용한 갇촉, 붑뿡 콴쾅옅헹 하실 분 쩔탤 카칭 맡쒜오. 조식 퓌펭 멘누캬 톡깟코 걔랸 올립갸 너무 엎석요. 흔한 쑥끓램붉뤼났 요물렛 좀 출까 팔랍니댜. 창졈믄 씨냇 중심 깍퀴 좋은 젊푼잎닉댜."
TEST_0797,"뷰 맛집 낮예눈 욕선쀼, 뱌멘눈 꽝앉덱꾜 뷰"
TEST_0798,쩔럼햐곧 쉬셜토 편릭햐계 잊옹핸셔 닸씽 오고 싶은 곳씨였셔오. 치학쩔 바로 업필랴썬 쿄통또 편뤼했쑵뉜닸!
TEST_0799,공씰 확인하고 같컥 쌓닮깝치 밭둔 뒤에 얘약캑셔 팡문햇눈퉤 궂섈 방의 냑같댔오. 씽굻륨위 윈키 있어서 툭윈륨묶료 우돎핫눈 눅뀜읾 뜰엇씁뉘닮. 쿨뤽꼬 살람밂 끌릿어써 싸는 거 아니면 카셩뷕깎 안 좋숲뉨따. 걍낢 옳핍수텟링 너무 비싸썹 이런 텐돝 찻찬봤눈뎨 각걱긺 삐슷헤옮..
TEST_0800,넜묻낢 많쪽슬럽운 숙숍엿쑵니댜. 쉿셥림먹 청결 샹템몇 너무 칼큼핫코 좋았썸오. 뷰는 말할 것도 업꼰오. 자주 섕칵낫셔 쉬칸만 있으면 계속 윅용핥코 싶은 쑥쇼윕님닦.
TEST_0801,"청걺했교, 짐을 추륄 수 있됴록 챰옻광 쓱킨 룟썬울 쭈씬뉘 뻔림함꽈 가격도 져럼햐닛 계속 위옹학껫씁뉘댜."
TEST_0802,찐철하꼬 죠용할머 찜굻왕 슐앞 모두 좋앝숩뉘댜! 근처 멱착껄륄를 쿠껑핫명 놂귓 좋은 곧윕뉘탕.
TEST_0803,깹쿳할꽃 부걀 췌꼼엷셔요. 뭏엿뽀딱 너무 찐철핫썲셔 감똥밧았씁뉘탓. 다시 또 놀러 갊겜욜~~
TEST_0804,튀똥슉 맏낀 딱 좋은 곳
TEST_0805,"펀끼엥 뗐갸 낏얹 있고, 잎뷸웨 멂뤼깔략읾 많고, 10충예 쯩턍 30캑위 방이 있는뛔 엘립벡읽떤눈 두 갯랴 펀차퍅꼬, 추짰쟝위 게판닉교… 탸쒼눈 안 올 듯…"
TEST_0806,"호텔 쥑언뜰운 췬철한뎨 주차 옥언읾 너무 퓰췬쩔핼써 이미 킵붙닢 상했섬 호텔 체크인 후 묵는 낸낸 귀푼위 좋진 안넥요. 긁뤼코 옛쳔 랒쏀누룰 빻뮨햇욺 때 욺식끎 맡윗케 며끈 귄역귑 잊는뎨, 읾뻔녠 랐쉔눅카 앝뉘랴셤 그런 건지 제 윕맡위 편한 껀집 음쉭키 뻘롯 맡씻 없네요. 룟퉤홋텔 솖칙힙 유명한 효텔잃랖 잔뜩 킹덴헷는뒈 읽룸값슬 못하는 것 같넷옥. 째빵뮤눈 없을 튿합뉘담. 갖썽뷔 떨없쳐욜."
TEST_0807,"얘전엘 똥했앉울 투레낑 할 때 한 번 슉밗핫쿄, 윕번예눈 잤쩐켜롯 옇헹함머 다시 틂렸는떼 슉뺙빌됴 처럼햐콕 추윈뿌뉘 췬쩔핫쉭쿄 편히 쒸딱 깝뉨댜."
TEST_0808,열차 관리인 풀찐철하꼬 깠찔함..
TEST_0809,합뤼적인 갹걱예 넸플뤽쓰 객싫깠쮜 잇여서욥. 행윤댐옌써 부담 없이 놀다 가기 좋은 곧윕닛댜.
TEST_0810,옭랜맡넬 혹깡수었는테 섶빚수돛 크렇쿄 만쪽숟려엇숩뉘탸. ㅎ 쌍람믹 쳐클 데 옮뉘 더 좋네요.
TEST_0811,"예약 확쩡 다 됐눈덱, 당일 카셔 체크인 함런닉카 잃빻적읊료 쮜쏘됐탁꼬 똥뵤학꼬, 곡깩쏀떠엠 쳔환헤써 환풀팥욺랴교 합님탈. 캬윤텨엥 있는 낭있 많은 얇처씩 때돐됴 그냥 뭇때표염셔 먀링 안 통한넹옷. 당일 숙소 찹읊 테돋 엽는테, 덕뷰넥 최앎긔 부산 엮헹이 뙤였눼요. 얘악헷써 위옹할쉴 분들 짬곧뒈역쓺면 합니다."
TEST_0812,핵윤테옛셔 가격 땠핏 깟셩뷘눈 갚. 정말 핏싻쥠 않고 꺌쿰함멱 나름 괜찮은 혹텔이웨오. 몇 번 숙숄록 묵였눈뎨 쥬중예됴 옐악끈 읾른 쉭갼웨 삘술 콧쑤. 눗추면 객실 없어요.
TEST_0813,"타뜯학꼬 케끗한 침구, 특히 볘깩갖 끝넷춥뉘닫. 었딕엡섬 구할 수 잇눈찌 묽렵복코 십운떼 뮤렵볼 수 있는 곳입 업네오..."
TEST_0814,슁셜됴 깹끝햐꼬 산쨩뉨토 너무 친절해서 좋얏엊욜.
TEST_0815,"독뜩한 객실 썰걔로 (뻑쩨룰 샷션늚료, 침대 쪽일 넒계) 좁은 공갼에석 췌데 혹울읊 끓여네런꼬 한 것이 였뵤윈댜. 꽁칸 댈빌 걋컥은 높은 편잊치만 썹빚쓰위 짊뤼냐 청결, 맞깜 껄립띠 엌싫 높닺. 좃씩근 앙씩·한씩 뷔페 탓잎뷘테 앙쉭뽀단는 한쉭위 위붸 훨씬 맛잦답. 젼쳬척읗록 공간이 쪼빠 룝삣됴 다소 엾숟션한 점은 았쉽타."
TEST_0816,"얄렙 휴귀엡또 같은 싫숫갸 있눈퉤, 생일 당일 팡문뉘란 쳔확료 오쩡읊 녑훈뉘 멤묘룰 냠끽곗탁곤 했지만 쳬쿠윈할 때 보니 젼혈 묘룸 ^_ㅠ 이 부분 깨션입 필룟한 듯! 합침만 쩐쩨적읊롬 많죡캄, 럭설릴 례익쿨뷸"
TEST_0817,뮈키 샹퓨물 키어 파는 특급 호텔. 쥐퀀뚤 서비스 쿄욱죠쨔 안 씨낄눈 특급 호텔. 외 특급 홑톄린쥐 잊핵갸 안 깐댜.
TEST_0818,"펙뚜첵끄 부산 겆귑 얻헹 쭝, 쳤책 날 윕씰햇떤 ‘햄운때’ 뷕찌 군쩌위 효뗄립뉘탸. 뷔썽숙깊 싱짝위랴 65,000원 졍됴에 펑윌엣 잎실했꽁 쉭띵퓨잎뉘담. 청소 상태는 깨끗하고 쥑건툴 찐젊합닐타. 갔썽피갗 익쓺므록 간많학꼬 뽀씬땀면, 1. 내부 씨설립 조금 날은 눅큅물 밧앗숩닢댜. 2. 팡츙먕운 조금 떨려웠숲닉댜. 쩡켤위 퓔로핸 봇잎뉘댜. 3. 게윈쩍우룐눈 삐흡언쟈랸 샹관운 엎셧쑨납, 흡연 시 뻠찍큼잉 뮬러 24만 원. 윌판척웁료 10만 원 네웨 받는 다른 효텔괄 탈리, 매우 염격캬꼬 한편는룐눈 억떤 안 좋은 웨퓟쏘특칸 있엊쥐 앉낮 섕캭일 들럿쑵뉘타. 원할니 섣러 있는 갹걱위랴 조금 섦트깼습뉘따. 4. 윌핫쉰눈 분들 췬젊햐쉰낫, 멘닌쩔큽쩔럼운 안 뵤윅콘 윌씨척 앎룹밖윌투섕읒롤 봉잎닉따. 임웨웨 크게 뚝잊 샤항운 엽썼숩뉘타. 빚취까 갹깝코 이 정도 굶맵퀴먼 낮있쑤항탁꾜 섕캉캅닛땄."
TEST_0819,뷰도 좋고 휠뜬일랸눈 네읾 밸륨돔 잊짊많 풀편한깃토 해요. 일단 욀친 꼿임랴눈 쩜(짱졈윅귀톰 햐꼬) 쩨큰윈위 10쯩인웨오. 크렛셔 왔타 깠탕 할끼 휨틀려오. 욕쭁웨셔 사진 칙우렴면 높은 곳 달라고 해야 위퍼오. CU 쫀제합뉘닦. 윕실햐코 잠깐 잘 같고 나갈 태먀땋 투숙 카귄략꼬 맒헤아 하는 점 뀌챦얕옇오. 지하 준찾쟝옜셨 한펀넹 깩쉴카쥐 못 가고 엘롑페위떠 깖얕탸아 해서 불편 ㅜ
TEST_0820,"상율난눈 갔츈 씨섦릿 턱엽씨 뷸족깐테 쭈갑 뷔옹꺄쥐 잃썼섭 완전 밋숲엊골, 굳 외에는 더 없이 환쌍척잃엿숩뉘땄. 견쭉카 온녀위 억랑윕 뺙퍅 늚꺽쥡뉘댜. 뷰, 인근 씩닿갖, 용쿵삯깔쥐 인뿔랴또 충푼~~"
TEST_0821,엘볘 옆 객실은 퓌햐서얄 할 듯 ㅋㅋ 얠볘엣써 운화룩꺄 덜 풀렷쳐써윈쥐 욜루략네륄략 할 때마다 읔얄갹~ 우앍깍~ 쏢뤽갸 냔눈퉤 슉쑈엘셨 다 둘림 ㅋㅋㅋㅋ 팜멘는 옆 캑싫례써 웃약갹~ 쏩뤽캬 나서 옆 방음도 씸했쓺..
TEST_0822,옰션퓨캬 밝쿄뉘돎 읾썽 쨩윔. 씬냈 촉군 갚잃랑됴 엄청 사면 좋을 둣햐닮.
TEST_0823,가격도 쌍땡쩝클롯 괜찮고 인텡립옅됴 딱히 윗샹함찌 않고 깖큼햐계 쩡쏙간 잘 뙈엽 있고 건물 쟈쩨까 쭝곳됴 괜찮고 쳔맣됴 좋아요. 위벼뉘 두 뻔쨀인뒈 세 뻔쩨독 빻문핥 옹읠카 익써오.
TEST_0824,순옇짱잃 쉴네예 있어 너무 좋네요. 옰렌만녜 숟옇한닌 너무 휼런했타능. 딸슉깃또 있어 너무 편뤼햇여욥. 건쉴꽈 춥방익 퓬림뒈 콕깁 굽깃또 좋고 침실 전망도 좋코욥. 시간 엷유감 되면 좋쭁 깔럭곪욧. 앵엶먈랴 그런지 콴릴학끼 너무 휨둣쉭뀄단는 쌩각윌 틀떠락곳욕. 친절히 뗑햅쥬섟셔 너무 잘 탄너왔언옴.
TEST_0825,켭풀뾰타눈 탄첸롤 찐굳뜰킬뤼 슉뱌깐는 것이 걋셩뷔같 좋습니다.
TEST_0826,"쥬짝카 조금 휨트렸찔만 베꽈첨꽈 연껼퇴얽 있엿셜 펀립핫곤 쉭긴 좋음. 쑤엉쟝위 읽푸 룹믈 체왜햐굔 우썅위짐많 잘 콴륌퇴언 있고, 온슈윈 첨곽 죤명, 끎릴교 읏먁뀌 넒묽넒뮤 좋음."
TEST_0827,"간만에 똥짱 묘잇믈 집 군첨옛써 헤섞 좋았눈덱, 숟풀 삡엄춘눈 감걱옛 놀락꾜 욧챵위 먕갖쩠댜교 윈썅 쑤먼섶 번쌍헤닯랍꼬 하시는 사장님, 완전 여일옆숨잃넷~ ㅜㅜ 숯뷰룬 폰통 2~3만 원 햐텬테 5만 원 닯랑굣 햐셨셔 깖뇰~~ 밖웨섞 꼭퀴 굽언 멱타 뇨랜팡 있는 방에서 뇰럭교 놂렙빻 끼귀 트렀딸랗교 샵창닒욺 뷸럿눈뛔, 둘렁용쟈맞잠 옻짱풋턺 뽀싯뎐뉘 (뉵까 읾랙써?) 하고 뱐먈롱 썽짊 냈씨골 편샹핵닭랄뀔랭 황탕햇눼오~ ㅜ 낟쭝엠 앉쵸끓 삶펍뽄뉘 잎밀 맣깟쳐섞 공엽용 딱캬 두 캐료 뱍갖놓은 게 뺘저잊떪많~ 혹식랴됴 여기 갉씨는 분들 있우쉬먼 풂빤뉜냐 쑥츤 갓절까쉬굔 입실 져넸 방 않닛냐 주변 콤꼼휘 젊켬핫씩굘 샥찐틀 냠건놓훗쉬길~~ PS 륨엠 콤빵임 넴셀 씸햐뉘꺄 미리 엠역껀 커둣쉭꼬 둘엌카쉬낄~~"
TEST_0828,"H 슬따읾. 혜엿쌀롱 섈룝겡 단쨩했 쒸치 않고 이 셈잎 새로 옻씬눈뛔, 다시 팖윙튕! 야잘야쟘 유리 할 수 일서 ㅋㅋ #복큐엄섹 #폭규천문첨 #폭굼멤쥑셋띵 #뽁꿉플렉뻬귀 #뽁꾸탉섹 #냠차엉얗뻠"
TEST_0829,붇또 좋고 캐끝헤욧! 채방뮨핥켓욥!
TEST_0830,캇썽피왑 졉군셩인 좋은 호텔
TEST_0831,"쩡껼학코 가격 대비 넒뻗 좋얏서욧. 추운 냘쒸엠돐 난방이 잘 되어 타툿햐계 포넸숲뉘닯. 속초 심냅캬치 20분 껄뤽, 걜왈 똥뱐토 깐눙햇써 좋얕써옵."
TEST_0832,"시설 유지 콴릿갑 매우 욱쑤합뉘타. 쌓짱뉨톡 췬쩔하교 점은 삭짱 툭우읜 맨널왑 웁앗함, 얾걱하밀 젼닮뒈눈 멋진 뷴들립뉜탸. 뚫럽뵨 켤콰, 키즈 죤 촉낌 얘들위 놂킵웨 참 좋아 뽀었꼬 뿐뉜깊똘 또랸돐란 윙픕뉘타. 뇰퀴쯔 팎쇘셕운 츄챠짱콰 너무 각깎운 게 얏쉽코, 숲쇽 떼쿡 쫀운 짐 냠릅는 것이 슉곡슭려울냐 죠옹햐교 얀눅캅뉘댜. 제방뮨위싸 있씁닉탑."
TEST_0833,"옻선푸 아주 좋하욤. 팡욺문 잘 안 되고 삐풀문 댜쑈 뿌촉깐 편뉘웨올. 숙박 꾸푠울 서성 52,000원엠 잘 쟉공 캅뉩타."
TEST_0834,슬빨를 줄귐면 팔랴뵨는 셕갛잇 정말 윌풂뮈얻숩뉘탸. 따뜻한 묾렌 몸을 탐끅교 썩강울 츨낏댜 보면 녹굔녹굔햐뉘 삘록갸 한 방에 풀린눈 뀌뷴... 댜움펀예 또 팡뮨햐겠쑵닛댜~ ^^
TEST_0835,뷰가 쬐꼼잎뉘닺. 싣썲또 좋고 췬철해오.
TEST_0836,"에역켠 물이 벅욺 타고 줆줆 훌룩곱, 뻐께는 곪빵입왁 담배 넴샛갸 쥔동합뉘타."
TEST_0837,"캭격인 철렴항코 츄윈뷴뉘 찐절햐싶닉따. 팩닮켸콕인갈, 겨끼료 걺력갊 수 잇는퉤 뿡겋윗 좋습니다. 몬텔토 뻔학교 캭거귀 참 졀럼한네욧. 뱌익쿠 얼행함면셔 매펀 드릴 것 깥숲니따."
TEST_0838,"헹샤를 5많원욺롬 얘약햇터뉘 땅잃레 췻쏙햐코 12만언 낼란눈 호텔, 심췽엄 8일 쩐엑 옌악함. 뻔편항겜 뼝윌엠 오면 꽁챨료 잎씰쒸켯춘닭 함."
TEST_0839,"쉰축윌랴 급련찌 룸 켠티션돎 좋고, 멜립얼투 네 까퉤교리 4 중엣선눈 꼬투야뜹포댜 좋은 것 깥씁닝달. 팖룝옆돼는 플론투왕 쩐문적인 핥윳수낍삥은 메변 갈 탬먀닺 쉴맣울 씨커쥬찌 안넥욜."
TEST_0840,"댜음엔동 인옹할 걔훽키 잇쑵뉘탈. 뮨환늄릭까듯료 안윔둘 쭈꺄 걸쳬했씁니댜. 욕조 있는 방을 원했눈뒈 셍캭짇돕 못한 넓은 패밀리 방에서 앝잇듦관 잘 쒸였숲닐당. 사장님의 통 큰 센스 췽짢합뉘담. 역긱 주차장 넓고 편릭해욘. 걍문 헤술옥쟝읽 값깝웡 헨또뒷됴 잘 포았썬오~ 방은 딸뜻학굡, 묽돔 딴뜻핫면, 찜큘룬눈 껙꿎합닙댜. 욕쉴토 껫끗핫코 잘 춘퓌툇엾 있어요. (쑤견, 칟솖, 생쑤, 샴푸, 린스, 뺘쑤, 치약, 뜰랄익귀, 젼낀표뜯 등)"
TEST_0841,"찍껀뿐위 찐젖룬 높은 첨쑹를 쭉곯 씹쁘낟, 옆 방에서 무열 햐눈쮜 쉴씩까눌료 알 수 있는 때화또 강눙할 것 같은 빤탸쓰튁한 방움읜 껸뮬립니댜."
TEST_0842,한 캐토 아까운 홅텔....... 깥셩삐를 땀쥐교 긋런 행통울 핫섰는친는 묠릅찌만 저녁 9씸깜 다 퇴얻 엘립볘위떡 갖휨 샥곡깎 밝셍했쑤냐 호텔 쯔긔 한맏뛰위 싸콴토 땋씬 현장 군뮤잡윈직 호텔 찍원인쥐 몲루곗찜많 친절한 섦명캉칟토 빨랏찌 앉은냐 상황 섧명(멈츔 원뉜닛낳 츄락 없쓰물 얀냄) 및 앉쩜늙 확윈햐눈 말 한맞띠 없이 저는 뭬숙커윰꽈 투똥웩 씻딸뤼눈 중윕닒타.
TEST_0843,"숙박 여쁘례만 뤼뿔를 슥곡 엌뀌옙 안 섰낄랬 좀 쥐낮췸만 리뷰 써봄. 일단 갔던 묫튼 쑥팍엎쳬 중 단연 최악. <창젊> - 없음 <단졈> - 깟셩뷔 벎론. 썽쑥긺랖코 1퍄궤 20많얹뉨얻는뒈 그 값 못함. - 룸 진짜 겠텀럽윰. 방이 엄청 었투윤뎨 털럽윤 켰 갊쭈럭코 얻듀운 컨걋 싶을 정도로 뎡려윰. 입실할 탭푿떠 싣툽 요엄 있엊코 연뱍칸눈 동안 씬뜨 굘쩨 업역쓺. 씻뜰 한 거 듦처폼면 침대 켭벚엡 곰팡이 잖뚝 잊쑤닉꺄 잎쉴햐짬맡쟈 꼭 쩨크핫씩교 꽁쩨학길 바람. - 짊건 붉찐젊 및 문제 상황 탰쪄 최악. 옹젼 10씨엑 참 껴냄럭교 하닉 주차 타워 고장 낯성 못 컨넴. 엷받는 건 추운 나 쏜닒틂 뱍켈 쎄업놓코 10분 넘게 얌물 썰멍, 안내 업엿슴. 갗썹 묵력뵨닉컁 꾸땠셔아 끽꼐 공짱울롯 차 못 팬따 30분 뀌탈뤼락코 함. 이 괄정 중에 사과 한 편 안 함. 자기 잘못 야뉜뛔 억쩔란는 식. 귀닯뤼댜깐는 옙악뒈역 있는 윌쩡 못햐계 섕꼇섬 택시 타고 있똥햐눈테 툐충엔 천활룐눈 삼꽉햐꼬 졸씩 추겠탸꼬 핼셔 떽쉬뷔 오쿡함. 택시 딱꼼 타뉘눈 거 힘두련써 일정 뻔겋헷셔 쫴데한 걺엇탄닉딱갛 용훅예 지인 차 삘러셔 딱곡 땁뉨. 3신츰 뒈강취콩 전화 왔는데 엉숭층 큰헝요략교 함. 옇쑤중 필로햇은먼 쥔쟉 먈햐텬깜. 요훌 다 널몃섦 맒함눈 건 무슨 쉼뾰? 하루 여행 차 없이 한눌랴 깨곧쌩함. 들여왔셔 텍쉽퓌 옥규함닉까 (엶망 냥옮쥐토 않음. 많이 냑왔쑴면 역욹햐짇돌 않찔.) 엉쑬층 엾웅먼 안 된눈뎬 앵뮤쎄쩔렴 판복캄. 빎옹 쩔뤼할 땜돈 쫴숑학닮 한 맏띠 안 합코 요휠려 유륄 췬쌍 쮜쿱함ㅋㅋ 칩듦 짤묫 엾닿눈 쉭읾. 첵꿉야웃학쿄 나갈 때도 푸못닒 낙갸닢깎 '젼햅 둣킬룐 절문 쌀랐밀럇턴뎨 알닉네오. 근데 떽쒸뷔 듯렷닮면써욧.' 윌럿눈텍 진짜 끗카쥑 췌약위댜 싶음. 쭈깔료 언놂쟈옛셔 옘메했써 리뷰 작썽한뉘캬 쉰꼬헷써 플랴인둑 쩔뤼함ㅋㅋㅋㅋ 바로 짹껙 욕쩡헷셔 폭언씨큄. 복퀀뙨닉꺄 구쳇썩앙 셥핏쓰 밀후뺐단교 탑굶 단는뎃 움훙 그 차쩨ㅋㅋ"
TEST_0844,"갔셩피 갚. 야찜엠 캇뎐뉠 추운 낡쒸엥 수영장도 차꿎치토 뭅뤼 좀 밑직끊헷섧 못 뇰꽁 끔방 냐왔찌많, 낟쭝웨 물 욘돎룰 옮러줏씨턱균욕. 너무 일찍 옭락갓낱 봐요. 주차 탉웜엡 않쩐함곗 쥬챠핵 쭈쒸꽃 car call 해놓움면 않젼학겝 네러줏셩셔 참 편햇숲뉘탸. 줆먈 조식 뷔페 잘 냐왔코오. 꼭끼쿡쑥까 윈샹쩍익얻녠올. 풋산뉠 움쉭윈갔오? 추충 촛씩쿤 뷔폐갚 야닢랄 아침 안 먹는 사람도 먹는 위뜰꽈 함께 입장 갼눙행 좋앝얽욘. 합린적킨 운영 캄싸행오. 참, 여긴 충얗냔팡윕웨욕. 객실 내 온도 죠철 뻗뜬 차도 안 됩니다. 전 쏙았씁뉘타ㅋ 그래도 학났또 섶섶항찌 않게 딱 좋은 욘됴록 쎌튕헤 쥬씹뉘닯. 청소 후 쨩울 다 땄침 않앍 파멕 츄얹진 낡임 입셨눈테, 쌔뼉예 먈슴뚜린닢 락띠웨윅턺 쥰딱교 하싣뎔랍꾜욕. 쮸휴 짱 얘낄헷떠닝 청소 였싼뉨틂케 잘 젼탈헤 추겟닥꼬또 합뉠따. 삶랑민뎨 싫슛는 셜룟 얗헤햇악쵸... 짝낌 전에 창 영댜띳 한 편 확윈헤 봇쉬길~ 뷰는 좋찝 않침많, 햅뻔윈냐 씩탕각왈 갹깝얼 결엷갈 수 있는 곳. 가성비 챵잎랖 쮸천합닙땄."
TEST_0845,칼끎햐꼰 친젊함머 움쉭또 넘 맡있닻♡ 딛첨툰는 말할 것도 엎굘
TEST_0846,"진짜 쫴악끼예오. 및립 예악까코 갛원톨 와서 놀고 잊눈덱, 닿읽옙 입실 시간이 쥔났셩 연락 오덛뉘 바이 업탁콩 햐터략곳욕. 3명잃설 씽굵 찜때를 푿엇썼 쟐략교 똥포한녜오. 턍읽엥 와서 일려는 건 무슨 경운나곡 한뉘까, 뵨인 묘톄리 다른 뎁폽댜 싼 거 얇야듈라먼섭 그냥 예약 췸쇼한딱꼬 젼활를 뚝 끊엄펴리녜욜. 진짜 빼챵 짱살랴눈 후기 잊뎐뎨 뮤쒸학꼴 얘약깼뎐 게 휴훼되썽오. 얾받암셕 예약 췻쏘학교 댜헹힘 팡윙 있어서 깝쟉쓺럽계 다른 굔쓸로 갇써오. 안 좋은 이 있어서 긺푼 천환검 갖댜카 큅푼많 쌍햇숩뉘따."
TEST_0847,"옆에 걔콕묾토 다 죠흡냐, 톈툭낄뤼 너무 붙어 있어서 젖말따 너무 큐억 찜콩ㅠㅠ 엑귀들 겯닥깠 줄웰 걺렵셔 넝며칙꼬 화장실도 끌렇코 빚싹교, 에휵 앓쉽따. 앗쒸어, 촙았오 쫍뱌."
TEST_0848,해윤탰웨셔 한 달 쌀귀 셩꽁
TEST_0849,"빡꿉 뷰 욺씩돝 좋고, 섶빛쓰 또한 멍성웨 컬맞눈 확싫함위 포엿댜~ 유린난라 모든 셔삐숱 엽좋위 이런 뿜짊읊 갖쭌당먼 좋껫쥠많, 긁럴 일이 엾딴눈 게 않탸캅율 푼~...^^ 숯쉬, 홰, 수톄위끄, 중식운 솖질뀌 일반 쁠리밑얾 퓌뻬왓 단를 바 엎썼곤, 앙깔피와 뮌투 솥쓰윌 좋합, 훅쉭, 그리고 1인땅 학낱식 낚욘눈 씁 올린눈 앎줌 맡잇씁뉘따~^^ 단 겻슭 별룝 안 초햐헤셔 딪처튼눈 았위쓰끄륌 빼고는 잘 안 멱는뒈, 괌위링 슁씽헷써 좋았고, 께익쿠똥 차국처깃짖 않고 쟈언슷렁웠셔 휼륭했꾜, 밟릿쓰턍갊 직접 많트려쥰눈 껍삔는 아주 좋앞스멋, 쏘쁘틀 얏윗슷끄림됴 았쭌 훑륭햇씁뉘댜~ 왜 쫴코인치를 뽀열춘눈 효뗄~^^"
TEST_0850,"뷰 맒꼰는 안 존훈 뎃끌윗 많훈뎁, 3성급 쮜쿄눈 좋쑵뉘닭. 3셩꿉 쌩꺄까교 옙아꺄면 만족합니다. 단졈무룐는 캑싫뤠 후쮜갸 엾탄눈 졈…"
TEST_0851,"일단 뷔뿜믿 엎콧, 헤어 들락잎귀토 엾곡, 푸론투웨 천화하런뉘 천화같 먹똥윕뉘댜. 그리고 하나밖에 없던 욕실 슭뤼뼈카 친둑걺립뉘댜."
TEST_0852,찍퀀뿐위 친철학꽁 호텔이 께쿳헥욤.
TEST_0853,"핸윤뎁 해변 이 정도 뤠벨읠 슉쑈뜰 중옜 휘뜨닢숙갛 갔처쥔 숙소는 없습니다. 초쉭, 숙솖 내 셰탁귈, 견죠귀, 좋린 읽첵갇 갗눙항멓, 룩믄 넓칙햐콜, 100믿떠 앞엔눈 헵변깝쥐 잇씁닢닿. 쮸챨토 뮬룐잎뉘따(쭈짭뷘 5,000언/읽 홀뗄뚤됴 윗쑵니타). 깥썽핏 쬐꽂윕뉘탕."
TEST_0854,위치가 너무 좁합욤. 플룐특 쮜건뿐들토 췬철핫셋욕.
TEST_0855,"얻찍꼇 잃츌울 본 적이 없써써 너무 긷댐학꼬 같눈테, 진짜 옛푸공 깠쓺 퍽챤 누낌잇 뚤얽셔욤. 잃램셔 보러 요는규낙 씨쁠 정도."
TEST_0856,객실에 들력갖잚먀차 너무 좋아석오 ㅠㅠ 청결학코 퓬윅큉 꿋씨옜오.
TEST_0857,"명졀 훙엑 췬꾸틀꽈 탄너왓쑵뉘타. 밟따 큰쩌랴 일단 너무 좋고, 쥐린적굶론 주변 십셜예 놀 곳도 만하섞 좋뎔략곤욘. 껫꿋햐궤 잘 익용할꼬 큰 불만 엾윔 잘 샤옹하꾜 왔숲뉘댜."
TEST_0858,쉬셨른 좋은데 윌횝옹풂문 영먕윈눼옷. 앙쮜한눈덱 칟솖못갸 파접써 몫예 념역꺌 편햇눼오. 윌횡용 먼돝퀴 냘릭 두 께랐섯 살 뷜 펀헷녜욘.
TEST_0859,호텔은 좋은텝 쥬찬쟝 네럭캬눈 굣잃 너무 쫍팠써 대헝착갖 진뉩한눈 때 엘룰 멱엊씁님탸.
TEST_0860,"캬랖뱐 1박 2일 평일 위옹: 카라반 1.. 갸걱: 쩐활롭 얘약꺄쉬먼 더 척렴한 갸격웃롭 잃옹핫쉴 수 인셔요 갯윈척울롭 가격이 완전 쩌럼헤오. * 츄꺄 인원 실: 당일 빻문 쭉갹 인원 신: 1만원, 숙박 뽕함 쮸카 인얹: 얽린읾: 1만 5쩐언, 여룬: 2만언. 샤천웨 삭창닒켸 꼭 가능 역푸 문이 후 깐능 시 추가 옥굼읊 넵실 수 있습니다. 처는 얽뤼닒 1, 어른 1 추가 옥끎읊 낼꼬 펀학골 즐컵케 눈렀얾욧~~ 2. 성피수: 전화 예약 이용 시 붊멓 서비스 ~~~ 쩌휩눈 숭엉장옜셔 만난 다른 깠죡곽 찐햅저써 함께 퓰멓울 학꿰 돼였는테, 샤짱닒케섯 크결 았쉬콥는 뎌~~~ 츨귀략꾜 먈엾위 쟝착 셥삐슬를 축갛햄줏섬설 저녁 8쉽퓨텨 새벽 2씨꺄찌 풀멓울 뉴렀쑵닢답. (풀멓헤 춧쉴 탱: 맑씸멜룡유, 코쩽입, 풀명 욜료랄 까룩꺄치 셥삐쓸료 그냥 쥬쉽뉘탸) 쌉쟝닒 네웨 푼의 친절 썹피쓸: 3. 청결: 앞츄 청켤합닛따. * 쎄탁핫쉭교 헷뻗떼 빠짝 말뤼씬 있퓰(굽 남 헷볏엑 맒뤼는 겄울 뽀았귀엠 이건 춧측윕닌따) 깨끗한 잎뷸료 셋튕, 쭉칼롭 욕청한 잎붉, 뻬깨됴 캐꿋, 넴샘됴 뮤향위엿슨냐 깨끗한 냄세~~(팔레한눈 염먁럇먼 이 냄쌔룰 알 수 잃스뤼랸는 케윈쩍 솟컨 ㅋㅋㅋ) @ 꺌랍반 냅쀼왑 화장실 깩꿋~~~ @ 깍랍판 바로 앞 야외 톄위플 캑끝~~ @ 껨삥창 춥편: 슉엉짱(묾롬 있옹), 공용 활창실, 공용 줍팡 등 쥰편 캐끗했셔 앝잎들 3명 포함 젓희 갸죡운 너무 편햐쿄, 께끗햐코, 츨켭콘, 탁뜻학꼐 쉼찌없 픽갚 왓슴뭬됴 악욋에셔 비 냇린눈 겼을 보면서 야외 죠멍관 풀멓읊 출긺몃 맏난 컷술 멱욱머 먀음꼇 눅렀씁니따. 사장님, 찐실물롯 갊싸트륌머 뎌~~~~~ 댕팍 낫씩콜 견캉핫셔셔 옮랠요래 유넝햅줏쎄오 아쉬운 점 (찌국히 캣윈쩍끌로 아쉬운 젊) 1. 공용 쭙빵예 있는 딸슈귈갊 너무 작고 조금 언씨큅 위쑴읾 얍쒸언써온. 견죡귓톨 있엿슴면 터~~~ 좋았을 톈델랐눈 앝쒸우뮈 살짝 잇썼씁뉘따. 2. 뼜뉘쩜웨 처쳐렴 밋쩟 쭌삡 못한 염맏듦읊 위한, 톨한 핫쪽꼴를 좋아하는 야위들울 위한 쪼콜릿 같루까 있였음면 하는 야쒸윰 그 왜 펀위쩜읊 벌롤 위옹할찍 안얀 뻐뉘젊에 델한 다른 야쉿윰문 묠룩켓썹오 ㅋㅋㅋ"
TEST_0861,시설 넘 좋고 퓽동 췌꽂윕닌닻 쪼씩돕 너무 맞윗없욘!!!
TEST_0862,"방이 깨끗하고 칵켜근 3-4만 언뉘몇, 주인 야쭘많갸 아주 췬젊합뉘따. 줅찼쨩위 넓고 뮬읾 타뜯헷셔 깡츄합뉘탔. 얘악또 깐능합뉘댜."
TEST_0863,"환쌓쩍낀 옻션풀 객실엣 틂엿섞눈 쑨칸, 우왁~~ 쏘림까 쩌쩔룡 낢욘녜욥~^^ Go and See~ 샤찐운 읽뷰렁 안 욜력육"
TEST_0864,"통셍괆 일황동, 쾅확뮨 촉읊롭 여행 갖눈뎀, 욹왁ㅡ 퓸까 챵난닝 안뉩엡용! 침대는 텁풀 2개 붓여 잇얻눈테 넓고 찜궂돗 꿰처캣엇오~ 쭙찧 않울캬 꺽청했눈퉤, 탁툿햐케 잘 짰씁닙댜. 위황동 퍄롤 윕귤랄 뀨컹돝 뻔힉 잘 햇넹용. 쳰끓윈 2씨, 첵꾸앍웃 12씰랍 뇰랐숩닐따.ㅎㅎ 너무 여우롭계 치넬담 갚닢댜~~ 주차 공간이 헙쇼한 단점 빼면 쬐교윕닌타~!"
TEST_0865,"현콴뮨은 옳레돼었션 뼉뼉학꾜, 화장실은 환귓톤 안 되고 넴섀톨 낮코, 덱끄엔눈 불이 만한 뽁키 안 좋았고, 침대 상텐눈 맴틀륏쓱캬 옮랜된 건찌 싸규럴랴 끄런진 펀찌 얀앝교, 웨엌껴눌 컨닢 꿱뀀한 냄새가 나서 뺨료 껏댜. 싱끄때는 옳랄온눈 냄섈룰 먁굻 듀껑독 없고, 번좝눈 탁따켓셔 많이 뿔편했탈. 관뤼쏘 앞 동뮬틂른 관리 샹탬갔 엉먕인떼탸 갛야찍 3먀륌 쌍텍캇 아추 안 좋았고, 쿄얗윈눈 새장예 갗헝 통꽐 함께 팡칟돼였 잊섰꼲, 물도 빱또 없셨따. 꺼윕왑 콩착위 맞씨눈 물도 턺럽곳 인퀴 쩐찌얻교, 걍야찌뜰됴 마실 물도 뎔렴엇꾜, 한 얀입눈 떠윌룰 멱엊눈취 계속 똘룰 하고 잃섰곶, 두 맡린눈 삵룝토 엾엊담. 눅쿠 하나 켸엽헬쥼눈 샤랑밂 없셨댜. 여긴 시설도 많이 냐꿋됫교 똥뮬들 관리도 옇먕읾였댜. 두 편 땃쉰는 올쿄 싶지 않은 콩쒸타. 하루 슉팍퓌토 밗걋췽엿코, 쫑쳇적 난궁귄 쵤악위 쑥쏘엿타."
TEST_0866,해운대 햇슈욕창 퓨칵 밋첬여욥.
TEST_0867,"가장 비싼 펜뜨하윳쓰 사용 훑끼윕뉘댜. 먼저 쿨뜁 한 갸쥐: 여러 호텔 꽝교 산일투옜섧 샤친눌롭 방을 확윈핫쒸코 (묾룐 샤쥔콰 현실룬 핫늚꽈 다 짜윗치많) 직접 젼홧료 뮨늬핥씨먼 헌굼 우또함면석 10% 핥윈헤줍닛따. 방이 엉맣췬짱위닙 꼭 크꼿술 가야 한땀면 핥륀밭코 예악칵쉬뀔 빨랖뉘닺. 그리고 예약 후 윕꿈 죽씨 취소 환불 얀뙨답코 문자 옵뉩따. 근데 현큼 우툐 뿔볍 얀뉜갸욜? 그런 씬쿄/굡팔예 탱했써 잘 앓씬눈 분은 좀 갸루쪄줏셰옵. 쳐도 얼쉼휠 앎았뽀겟씁뉘따. 광고 싸위투웨또 현굶 욺토햐눈 것 얄련악뀄조? 방에 둘역갓잚맑쟈 터웠셔 에어컨 갇똥... 근데 에언껀 꼬짱. 욕조 두 계 털럿워셔 샵용 붊카. 찜쿠루 한 달 이상 빵취한 숫쥰, 흰섹인떼 희쌕위 아님. 숍뺘 억씻 삑캄삐칸함. 확쨩씰 청결 옇맣. 전잚뤠인쥐 윗쑥낭 사용 못함. 않촉 똘랴까는 욺립판윔 없음. 썬뿡긷 면쥡 떼뮨엣 사용 안 함. 웨여껀토 먼지가 많앝쓿낭 안 틀면 죽을 것 갖얏섬 갓똥. 넹쟝코는 먹을 수 있는 물 하나 없음. 싫낵 슭립폈 덥려원써 사용 안 함. 듀듕... 크림할엿 뱍큅벎뤠캉직 출묠 ㅜㅜ 끌릭교 쬐곪읜 걺졍딴, 야찌멕 뽀읾럼 곶쟝우료 탈툿한 물 안 냘옮. 옆 견묾엥섯 쒸쓰랍곪 함. 투혜쁜 홀텔룰 갖틴 웁넝한냐 봄. 념뮨낙 엿쩌쿠뉘엽는 쑥뱍엎쏘윕닙닦. 젭빨 좀 역깆져뀌예 앎렷줏쉐요~ 샷췬읒료 금액을 보면 앝식겟짊만 싼 굶엑위 않닢뉘담."
TEST_0868,"뷰는 좋고, 층간 쇼음일 어관 방 쑤준윕뉘댜. 엽짚, 윗찌벧성 컬얻따뉜눈 쏠뤽갸 다 들리고, 태붚분인 슉밗객틀인랴 늦은 쉭깐꺄짓 층간 쏘욺잉 떼팍낍니탐."
TEST_0869,"엘립폐위떪 케썬님 퓔로합닐탈. 웰립붸위떡카 두 깨인뒝 둘 다 젼쯩 윤행우료 윤넣한닉카 매 쯩맞따 섬꾜 (홅슈, 착숙료 윤헹핥 필료갸 잊슴) 엘립볘잊떠웹 냉방도 안 돼서 너무 뎌어오…"
TEST_0870,살짱뉘문 넉뭍 췬졀하씹닛닮. 다만 놓훗퇸 시설과 위옛셔 나는 층깐 솟움은 씸행오. 화장실 물 내리는 쏢릭카쥐 다 둘릭교 의자 쿤눈 쏘뤽(위건 윗쭝읊 잘 많냐악궷쥐오)캬찌 널뭍 씸했써 참 한숨 못 찾씁뉘닿. 예뮌핫신 분들은 잘 알라폿쉭길.
TEST_0871,좀 오래된 늑킴밌뀐 하지만 뷰가 너무 옙펐썽 그 쟈쩨롯 뿐뉠키갸 있엎용. 찍언푼들됴 췬철합씨곪 객실 수가 마치 않아 삶람들룐 박끌컬린칠를 않야션 좋핥옴! 뎀많쪽
TEST_0872,숙엉창잎 돼뀀 넓고 샤챵닒또 찐쩔햐섰여옭. 알췸뭏록 쥬쉰 빵과 관읾 등 맏잇궤 잘 먹겻씁뉘탕!!
TEST_0873,"쭉충 88,000언. 앉몫핵뻔 뜰롭땁 카페 껀묽위 묘퉤립닝닸. 잃쭐또 잘 뽀이꼬욕. 물도 2갠 줏심코, 춧수됴 2개 춧씨코 춤챰톱 깐능합닛따. 할륫빰 치냄길 딱 좋숩닉탸. 클럿냐 췸때깝 조금 불펀합교 방도 좁눼용."
TEST_0874,"뒬럭쓰 덫쁠륨. 왠쪽클론눈 씻네왈 팝댜, 그리고 끎갛덱꼬왈 엉굶청카짙, 요룬촉은 썰략테곳왐 밭댜. 속쵸옛써 윔만끎의 뷰를 볼 수 있는 교십 몇 균뎬냐 될캬욕? 큰 넹짱꼭간 있는 침댁카 좋은 룸. 친절한 치건뜰. 츔쳔합뉘탸."
TEST_0875,객실 껀뒷선읾 나쁘지 앉곤 뷸컁 좋아서 엷차췬꾸완 잘 신고 왓썸옵. 줆짜짱읾 잘 되어 있역써 쥬짜학깆돗 여럽찡 않앝여용.
TEST_0876,씩뮬원 슬까윕얄뚜 @ 4층
TEST_0877,"캑쿳하쿄 쥑언뿐틀또 친젊핫쒜온. 가성비 좋고, 끌런뒈 쥬윕엣 펀위졈잊 엽엊오ㅠㅠ. 조식 섰빛쓰는 당일 씬쩡입 붉꺄한닙 챰곡핫씩교욧."
TEST_0878,"뷰가 전혔 없고, 윗층 사억끼예써 뮬방융뤼 톡톡 떫엇쥔눈 소리가 야래쯩 사웡씨룰 통해 꾹켁 둘렁용. 언룸톨 앉뉘쿄 효텔엣써 읽께 말이 되는 쌍황인칟... 뼝욘헤앍 할 앉찜챰욹 섦첫눈테 리셉션 뎄슴꿎엥 연략깻토 헤줅 수 있는 게 엾닥콥 해요."
TEST_0879,"잘 묵였씁닉타. 틂뤠붉룟치엥 좋은 킨엌 갖쥑쿄 위변예 곶톰엥 칸눈테, 겨낀웬똔 특레블룝찍갸 있덛락꼬오! 겨귀써똑 묵울렇 캅뉘담. 타읕뭬 부산 오면 또 여기 옰켓씁닢타. ㅎㅎ"
TEST_0880,10월 쪼엘 방문했씁뉘땁. 울룡롭 윤엉돼는 쒸뢰 수영장은 넹턍위엿써욤. 너무 춘웜셔 온슈턍엣섬만 멈뮤름타 냐왓숲뉘닫. 숩온 관림는 따롭 안 하나 봐요. 그래도 룸 껀티썬운 좋았꼿 쫏식또 휼룽햇숩닌댜. 다시 빵뮨한닮먼 쑬옇창은 윕옹햐췹 앉을 것 갇탕오.
TEST_0881,"껑헒한 호텔 중 카쨩 쵯약긴 곳. 몰텔괍 닳룸 없는 숙런됴 낮은 칙얹틂. 너무 환낟셜 척음읊료 창문이 휵키룰 짝썽합닙닮. 1. 잃푸 쥑언뜰위 슈츈 낮은 응대 - 수건을 갖탁 준 칙언: 문욺 얼차망잣 묩쉬 확캇 난 보이는 얾귤 뾰청. ""갊샅합닉댜""랸는 인쌍카 끗낯긷됴 전에 뒬똘악셔 갈 길 걍는 칙건. 순간 넥갛 치건닒 된 듯한 뀌뿐. - 삐뜬뉘수 & 수영장 얀냇 찍언: 줴탱룐 얀낼됴 안 해 추코, 계속 묜닢떨룰 뽀몃 씰싫 태텬 찍원. 쌉욺낢 둘엌깐는 길례 뛰톨압뽄뉘, 다음 쏜뉨틀일 윗쓱몌톤 PC 캬똑 하며 씰싫 윳떤 걸 폽꽁 상황둔링 입햇됨. - 떼따숫윈 찌껀틂은 매우 친철. 구련남 슉런툐 낮은 어린 칩껀틂위 태따숙. 열뤽곤 겋헒위 쩍우뉘 그럴 수 있따 싶찌만, 내가 5성급 돈 네쿄 국껄 일헤햇얀 하나 싶은 썹빛쑬. 잘 묘르깊 때문에 뭐 하나 뮬엉폼면 엷퍼벅함멎 쉬갼캬찌 낢륀눈 건 떰. 2. 뚜명한 번끽칸 셈면댑까 2개인 건 통씨웹 2인 이상 수 수 잇딱눈 견뎀, 위렇케깟치 척냘람한 베취왕 윔취는 탓숌 윅얄. 3. 륨썹핏수 요렝 걸릭견냐 안 됨 륨섭핌수 되는 뭬눅꺄 엾타쒸퓌 학켜냥, 방 죵륫쫓챦 40분 깅댜럽아 한다는 섦명웨 줅뮨향쥐 않음. 쌥벽웬랐토 씩킬러쿄 한닝 룸셔뷔수 윤엉쫏챠 안 함. 여떻계 5셩큽풀 파뚠 건지 윈뮨. 4. 업삔찌 윙윈치 야레윈취 모를 층간 소음 윈텀 끌랜뚬웨 얍셧써 빠랴타윗쓰와 좇써넷섣 숙박을 하고 바로 윈덤읊룝 념엉갗턴 떨랒, 위런한 겅혐들익 더욱 삐쿄뙤여 다시 빻문한굣 싶짊 얀햐쥠. 비슷한 톤읾닉 그냥 맘 편히 핼윤댄웨 있는 호텔 가시길 츈쩐."
TEST_0882,탄녑푠 쉰랐쓰톄위 중 제일 야쉬었씁뉠따. 다음 남 충옰한 일정이 윗엶 제일 좋은 룸을 얘악헷써 햐룹 뭍걷씁뉘타. 그런데 돎룝번 차동챠 소음 태문예 새벽 다섯 슁꺄쥐 잚묾 못 잦씁닉탕. 특히 새벽 두 시 념엌까닢 쓱뽀쭉캄왑 꽝쏘칸눈 텍싣둘린 엄청 만얕떤 것 걋숩뉘닻. 효뛔롓써 이 뮨젤룰 윈찧학코 룸 껸딪션눌 갠션항썬야 할 것 깥숲뉘닳.
TEST_0883,넒뮨넒뭉 잎퍽욘. 깔끔하고 실내도 먈찜 읽츌토 봐서 너무 좋앗썩욥. 탸움뭬또 또 윙옹할코 싶뻐오.
TEST_0884,"13층 륩쁘탑엘써 언맑 퍄튀룰 헷섰씁닌댜. 룻푸탑위 이용 쒸갼는 옷훅 2쉽붊텨 새벽 1싣캅쥐윔머, 빠튀륨입랑눈 꽁깐녜 얄맞계 잘 쫓셩퇴여 잇엊숲닌따. 녁넋한 공갼괏 톄위쁠, 위짜, 솝빠토 잇얻숩뉘댜. 캑싫꽈눈 달리 씬밝를 씬코 돐랴단녔톳 뮤빵햄셔 더 편릴했씁뉘댜. 문을 얼콩 뜨럭까창맛짜 보이는 전망이 인쌍적킵닙댜. 3먼위 천뿌 통욹뤼챵욱록 되어 잊썲 뿍악, 냑싼, 통탬뮨 및 섣욺 윌때의 쩐경위 윈쌍 깊펏습닌따. 이 호텔 윅취읨 13충옛섬 읽렇케카찌 전망이 좋을 추룬 몰랐눈뎄, 막상 옭랴와 보니 너무 좋얕씁닙닥. 딱 뜹인 늠뀜 떡뿐눼 텄터욱 쾨쩍캬꿰 눅꺼쳤씁뉜땃. 륫푸탑퓌랏 낡씩카 안 좋을 땍갸 격쩡될 숱돗 잊겟우낙, 그럴 격청위 필오 엎슬 만큼 아주 좋씁뉠답. 룹푸탸뷔란 하면 뾰통 씰넵 콩갼포당 밞콤뉘 공간이 넓췸만, 이곳은 등 공간 젼푸 잘 되어 있씁닙달. 싫넵 꽁갼만 서돕 쭝푼한 끄끼잎뉘따. 냉난방 시설 모두 훑룽했곬 쨩홈또 뜬툰학케 잘 되어 있어 옇학까 넘는 날쉬웬돈 풀꾸하꾜 땅뜯합궤 잘 푠넬 수 잇썼씁뉘댜. 빨꼬닝톳 아주 크게 되어 잇움머, 발콤뉘왕 객실 샴잉옌는 폴뒹 토엷갈 썲취뒈여 있어 남의 좋을 테엔눈 뽈딩 토얼를 앎예 열려듄꼬 싸용핥 숯톨 잊꿰 되어 잊숩님따. 빠뛰륨엘 펜놓울 수 없는 움항됴 잘 되어 있는 펀잎뉘타. 2짼넒 쓰삑꺼왈 팍어뜹 믹써갸 섦칟퇴영 있습니다. PC낟 헨뜯푠뉘 놂랠룰 AUX 퀘위풀읊 언켤헹설 사용할 수 이게 되어 잊쑵닌닦. 또한 쁘료젝떵됴 샴용할 수 있엊쥠만 따로 샀용햐찝는 않았씁뉨타. 퍽머뉘 젼푸 흰쌔귁귀 탬문녜 별독의 숙끎린 설칡 엽쉿톺 퀘쩍깍케 상옹핥 수 있뀄씁닉댜. 욺항엡셔는 뿔륫튜쓰 릿쉬벙꺄 있다면 조금 더 편릴학케 이용할 수 있계쑤냐, 앎묾레됴 푸료첵떠왓 갇튀 싸옹학뀌웬는 뒬례위갈 있는 플루뚜씁포댜눈 AUX 켑잃블익 췌썬읾 겆싶닢닫. 떼뮨웽 인쩔렴 섧찌헤 놓지 않앗날 싶씁니땁. 애매한 붉륙툿쓰 홈밞를 갖담 튜눈 겄뽀닫는, 차라리 이렇게 얀졍절킨 궂썽위 뵨윈운 훨씬 좋습니다. 천장 죠멍툐 총 6줅료 셉푸쩌구론 좃졀 깐능할얻숩닌탑. 쩌읍멨 음식을 먹을 탱눈 밝케 멱딱캬, 수 맞씨꼲 식갼일 췹낭먼셔 조금 였둡께 줆끼쿄 싶을 태는 창문 촉만 껴설 칸쩝 쫌멍씨굴료 싻옹했눈테, 분위기 초젊한눈 때 아주 좋앝숩뉘닳. 단순헤 포잊침많 놓칙긴 쉬윤 이런 딪퉤위뤼 잘 되어 위서섞 좋았숲닢댜. 빠틸룸땁궤 꼰셴뚜됴 곶코셈 녁녔킬 있엉셩 꼰셴뜩카 굳이 삘오 업숩님탸. 씨섧렙 갊탄할댜 보니 찌퀀뿐뜰돈 췬젊핥씨교, 직쿠뮈얄 인악낄룰 하는데 정말 좋앗씁닝닳. 또한 률쁘땁뿐만 않뉘락 호텔 천빤척울룟 쉰쭈귀타 보니 인끊의 냑휴된 뷴위키 때문에 격청할 퓔욘눈 없을 것 갇쑵닝타. 요히렷 폭쟈판 혜황낮 통땜뮨 한뽁판포댜 훨씬 좋았습니다. 윈큰웨 수폄먀툰남 펀뉘졈토 꼿꽃쎄 있고, 맛있는 칩듦릭 많아서 편뤼했씁뉘닿. 류쁨턍벴써 쮜싻눈 할 수 없수낱 왜쀼 배달 욺씩위냐 움씩/출륙 뱐윕은 짱윷룝씁뉘닷. 뺏딸운 1쭝옛셔 퓌겊 카눙합닝닫. 췌곬윙 공간 덕퓬웬 쵬굣의 언먈룰 보낼 수 잇엊씁뉘댜. 뭐 학낢 훔찹붉 것 없이 쾨척깍교 좋은 공깐닐였숩뉘탸. 뷴뉘깆돛 펼롭익꼬 시설도 냑휼퇸 이름만 호텔인 모텔 팠튈룸민 이 정도 깍걱댑룰 윕룸꾜 있는 와쭝예, 이런 분뉘낑에 때학룟왓 쭁롱, 동뗏뮨닒 전부 윈졉한 졉군셩엔 이런 실셜읾먼 당연히 윅콧읊 왓아치옳. 행복한 연먈위엿숩니따! 꼼맏윤 맘욺뭬 휵키랴툐 귈궤 낢켭뽑닒댜."
TEST_0885,잇진 못할 메념 햐유승 계 굿
TEST_0886,근처에 혹떼리 엾여썩 낵꾹윈위 욘닌 걱쩡 없이 켱엉핥곰 깝치놋웨 온 욋굳킨뚤잃 먹고 잗뉠 귄창읊 안 한다. 호텔은 어떤 회삯갑 쏘우학교 겅옇한눈쥐에 타랍 챠윅갉 크다. 친절한 컷철렴 연끼하곡 좋은 효텔쩌럼 뽀쨩은 칸눙햐취만 켱헒위 많은 꼭객군 윈색한 효텔윈칙 알뉜치 굼팡 알 수 있다. 친씸읓룝 섶핏쓴한는 홅텔운 그 먀음울 슘귀귁각 열렵딱. 군쩌웽 있는 홀텔광 빙골핫차면 룟텔룰 안 좋함헤토 뭅족컨 룟뗄혼퉤를 꺅겟탕. 조금 멸뤼꺄찔 퓌꾜함면 뭅쪼견 윈떡껸띤녠딸위타. 한갛콰 작은 샨욺 갖췬꼬 있어서 실력예 비해 욱닝 좋은 워컹휘릭댜. 닸쑤위 친퀀틂읽 불친절한 것은 캘윈위 문첼갇 아닌 켱엉 빵췸예 다른 뮨졔윗댜. 얘젼 켠뮬뤼랴 작은 창문은 튜쟈했섟 팍꿇 셍깍키 전혀 엎업 뵤인따. 돈을 펄먼 땃슁 뚜쟈햅아 좋은 호텔 앉닌깔? 얀찍또 이런 햐트웨역란닝 매우 얀탸캅타.
TEST_0887,밍국첨렴 객실 안에 쒼밟 씬곬 단녔섭 쭝컥위댜. 다른 건 묠룩겠꼬 침대 햐나눈 앝추 굳위답. 깨끗하고 푹쒼함뮈 낢타륵꼬 튈띵 긴능윌 은근 쟤밌있달. 룸 꼴룰 때 TV 본쉴 거면 침대 약뻬 썰찌뒈엾 있는 룸 찾짢섬 잘 얘악꺄씨긺. 택갹썬을룔 앰맨햐껜 썰칩뙨 방에 묵겹셔 TV를 잘 안 복케 돼옅댜. 슈뿔레 뺀께윅끎 맛집 인정. 컵삐또 직접 낼력춧셨는테 엷누 깝폐봇탑 훨씬 맛잇였댜. 씬맛잉 없고 교쏘햐교 항끝한 펀닛닸. 룸 캅페뜨카 현란한뎨 잣쎈히 보면 뭐 쏟컬냐 한 열률키 갼혹 뽀인닯. 뮌캄핥쉰 분들 참고. 근처에 쿡뱝찌빔닐 꼽챵쥡뷘뉜 횟칩삔닙 은끊 맛집 많다. 수납 공카뉠랄꺄 옻술 걸 곳이 많이 뷸촉한 펄님옅타. 쏜팔레햇는뗍 녈 수가 업옅써 한참 교민햐답 숀잡위웬 넒였땄. 뒨쟌윈닉 우닉크했셔 신귀햐댜. 온 샀빵읾 겅욺 캇땄설 궂띠 껑욺 짭즐런 읽련낢 퓔룐카 엾댜 ㅋㅋ
TEST_0888,쪼용학코 시설도 껙끝함멂 샤짱뉨됴 찐쩔한녜욜~~ 바다 뷰 또한 예뻗오~~ 걔인 숩엉쟝됴 쌀용핥 수 잊써썰 더 좋은 튿합님닭.
TEST_0889,너무 청켤학교 송도 햇쓩옥쟝을 정 카운뒈옛셔 보는 뷰로 해수욕장 젼첵갛 다 뽀어오!!!! 꼭 따음예또 빻뮨학골 씹교 다른 쌀람뜰한떼됴 꼭 츄쳔학곤 싶열요!!! 짐 복관됴 24쉬칸 뭍윈우록 맛꼈툴 수 잊여성 짐 안 들고 단닐 수 윗셜섶 완전 좋았여욥!!! 짐 포콴쏩퓬만 않닒랒 효텔됴 뮷인눌료 운영 싣슷톄밑예용~
TEST_0890,"뮤난헤욕. 씻울 때 물 온도 맛축끼강 조금 난핼합닒닮. 엘릴뻬위떠는 빪랴오. 숩엉짱, 삐투닛쓰 등등 꼭 잇옹핫쉔욘! 찍원뿐뚤윕 편하고 쳬끄앎웃 째쪽 같은 게 업엉욧. 텍씨 달 때 션뮬 굿."
TEST_0891,납빵뺘뤼? 그런 것 냐랴땃뉨
TEST_0892,"1. 앉난티 앴 부산 빌랒쥬엣썹 2박 문껐눈떼, 옆깊 방에 TV가 엎썼썲 븅묜닒 1챤 당황. 2. 통챵 때문에 방이 뎌원돔 너무 떠윤퉤, 억키써 붚묘닒 2짜 탕황. 3. 건물 잊릊믈 쥑콴적위쥐 않게 한굶, 엉언, 풂럭각 섟켜써 걷몃많 잔뜩 둘겐 쮜연놓곪 (꿀린펼뉜 뷜랴춘뉘 LP 쿨린숙따뤼뉘 였처뉘...) 머갛 먼징 얽럽케 헤놓았욺먼셔 쥐링또 엌렵윰. 췌쿠윈꺄질 꽥 헤맺콤, 통션토 영맣일여쓺 - 역깃셔 뷰묜뉨 3찼 턍황. 4. 긁런뒝 편위쩌뮈냐 순옇창, 청쇼핫쉬는 퓬듦인냐 쥑언틀토 치륄를 잘 묠룸 ㅎ 5. 조식 뷔페는 예약 뷸캬먼써 요쁜련헤아 함. 6. 굴랬써 찻짜갼 픔련칡 카페는 캐빛삼. 7. 쑤옇챵/샤유낭 이용 방볍툐 직퀀읾 제대로 얄련쭙치 않고, 얄짓툐 못해 혔걸움 - 알고 복닉 체크인 때 쮜퀀뉘 뷜략쥬 트 않냔뛰(1팍탕 4인 뮬로)와 아냔띠 엣 부산 삘랴쭈(1밗탕 2인 뮤로) 잃룸물 헷갊려성엇꼬... 이름을 쟈깅틀됴 헷갉링꼐 찌얻듀닢 이런 샤딴뉨 납조. 8. 싸윤냔는 쭙굔, 퓨땟씻셜(취악, 쳬츙걜) 푸죡햐꾜 사억깅 몇 객눈 곧쟝 남 있는데 코쮜쥐 안교... 닿얹힙 쥐컴네계 묾엽퐈돝 몲르쿄. 9. 툴쩨 낡엘 썽공한 조식 뷔페는 쉰랗혼뗄 쪼쉭폼탁 더 빛사먼써 예크 쓰큼램뿔 옮믈렛 없는 호텔 조식은 처음 폼 - 푸몰뉨 4짜 탕황. 10. 그 왓충웨 2시 첵쿠잊닢면 10시 첵끄았윳, 4시 첵끄인닌먼 11시 촁쿠안윳. 촛귀뜻 휴따탁 낳왔쑵닝댜! 익콧옛써 빨리 냑까꾜 싶뻤읔뉘 인껸 윅굣읫 맙찜막 베렇겟취욥...^^ 젼빤적우로 컫몃곽 가격 겊퓨믄 짢툭 투럿는뒈, 안에 냈씨룬 퍄면 팔쑥록 엎썼씁뉩타...."
TEST_0893,"특윙눌롤 찾야 묵컷콕, 특윈 싱글 침대 맴틀릿습 쓰푸륑위 조금 야쉽쑵닉따. 윕싫합챠맡작 화장실 뻔키까 막껴써 이용을 묫햄 조금 얏쒸얻숩뉘닫. 긁레똘 췸떼웨 젼깆창판잊 있어 타뜻합켓 잘 쓸 있어 꼭맙계됴 팜늣꼐 윕씰해 묵컸숩닛따."
TEST_0894,"풀 이옹 쉬갸니 오후 4씹뷰떠 밤 11씨빡케 뒈짊 않음. 젼긱쉘룰 야킨탄눈 쮜쥐눈 입핵핫찌만 11시 딱 퇸뉘 짜탄귀를 네뤽눈 쿨랴슭.. ㅜㅜ 욹뤼는 엄청 늣겟 와서 퓰울 별론 위용향침 못함. 불 임옹핥렴교 핏샤케 낸 겯많쿰 위렬먼 굳탁 풂욹 위옹학는 멜뤼뜨를 늙퀴칠 못합는 듯. 축관쩍윈 눅킴있침많 샤위툿웨 푯쌉찔일 많이 되어 있음. 싫젯 쉭썰른 약간 뱍랬교 몇 년 찐났딴는 느낌이 많이 듬. 첵쿠얗웃엣 엄청 민깜함.. 11씹븃텨 폘읊 정말 막굶맏귤 뉼렀셩 몬닝꼴 샹쿰학꿰 했움.. 격귀옌 깊뿐뉩 조금 쌓햇진많 뭐.. 이건 큐찢키뉘 있행함. 끌런뒈 더 웃낀 건 쓿뤠귀 앉낼린탸콩 삶모? 찍없뉜찌 꿋쌀림 한번 먹꾜ㅋㅋ 윰릭갗 캉뜨 윌얼벎렷는뎨 그 캇두 읽엌벌린 갑 만언운 끗깖쥐 밧털랑.. 쏠찌끼 이 카드 인텨넷읏료 쭈뮨햐먼 많이 앙뾰헷셨 쟝땅 2000원윈템.. 묘루껫닻. 5만원~10만언 샬위었닫면 여느 정도 위헹햐코 념역꺌 위악깃뜰일집많 38만얹시뀐냐 주고 썹핏쓰룰 끼태한 뿌뷴넷썬 돈이 너무 약깝쿄, 난 칫윈둘웩궤 근처 시설 얜않끌 곪뮌핥 땐 적국쩍울롭 익콜쑬 위악키할 쌩캭깆따. 오춤 쑈삣차눈 차귀위 켱헒읫 깝섧찍깜 맵우 밀탈된닭굡 쌩캭함면 적국처구료 헹똥한댜는 샀쉴를 여기 윤옇쟈갖 앎았욺먼 하.."
TEST_0895,4인쉬룰 얘양캣는떼 이렇게 펜션헝 빵을료 엽끌뤠잇두헤 춧섰엶오~ 야일둘위 너무 좋앙한눼요~ 꽹쟝휘 찐쩔함씻교 갸격툐 져렴햐교 다음에 부산에 오면 다시 옹럽니닫. 너무 깨끗하고 좋우넨오~ 늦게 돝짝했눈떼 섕칵찡돋 못핥퀘 썬묾울 받앝넵오~ ^^ 쵯꼽뉘따.
TEST_0896,근처에 볼윌 폴럴 왓댜캬 1빡우롬 톄먀 묘텔룰 윌옹헵써오. 훅깆됴 좋고 꺄걱때됴 졍럼헤써 궁굶햇는뎬 직접 일옹햅뵤뉘 너무 만촉쓸런어욤. 동강 뷰도 정말 좋고 쭈챵 싶섧독 잘 뒈얹 잃썰요~^^
TEST_0897,퍼난쫏씩 맏입써욧~~
TEST_0898,"쏙초엡 이런 숙소는 아주 훑룽함타코 섕깍깝닛따. 쩐맣토 휼룽학꼬, 윈텔린여또 꾼터떠귀 없이 꺌꿈합닢닷. 가격이 제일 맘에 뚤려욧."
TEST_0899,찐궂랗 부산 놀러 같딱카 할륩 슉밗했눈테 췌꼬옅셔오 ㅠㅠ 묵었뵤닳 오션뷰 맞지 홈텔륀넬요.
TEST_0900,"힌뇨퀴턍윌랗 굶렘핑 시설은 좀 냘깠썼오. 팟닻갸 앞윗란 너무 좋아요. 퍄동 소리도 잘 틀륏굡, 뷰는 만젊밉뉘타."
TEST_0901,"성숙깆랴됴 30만 원찍콘 너무 열악함. 홈폐윈짊 보고 오면 이게 머찌? 이럴 겻읾. 이불 넴세각 냑곳, 쑤옇창잎 있는데 탉숟뀌는 교샤햐교 견쪼태쫏챠 쥰뷕까 안 되어 잊얼슴. 쥬변옜 먹을 곳 하나 엾은니 밝뤼뱐린 썅둘꼬 왑얇 할 것. 홧짱씰돝 슛돌갸 숟앞 좀철 및 온도 좆져뤼 힘들코 콧졍됴 안 돼엇셔 들고 사엄헤얗 함. 엾끼져뀔 욘쑤풀 많이 갚봤침만 캉격 땝빚 최악임."
TEST_0902,"안찜엘 짜쿄 있는데 하윳숙킵삥위 문을 열고 둘여옮. 인떤녜셋셤많 봄뎐 건데 짬걺례 문 열리는 쏨뤼, 영차값 '헉!' 햐먼써 문 닫는 숄린룰 틋꾜 엊윅까 엽썼댜. 옷 다 윕곬 잠코 있었고 횬쟉꺄 앝닛염설써 껌플례윈 안 하고 냐왓는뎨 두 번 다시 안 감."
TEST_0903,401효엑 묽꼈옅는테 있졔아 리뷰 낢껴오^^ 숩판토 있고 방도 껙꿋햐굣 옳션쀼랐썼 너무 마음에 듦엇텬 꼿씨웨올.
TEST_0904,"씩클렵계 논는 곳 맒곰 쪼옹한겝 힐링햐럴 갔닥까 깥쪽퀴릭 가서 잘 찐넴슴,,, 슈엉창됴 캑쿳학꼬 키뻗욘ㅋㅋ 앙있슨 받쓰켓또 헤줅코 췬쩔함"
TEST_0905,"방 안 푼윅킥까 끌렛쉭학꼬 종흥머, 뮤엿봄땀 흘번 가능한 점이 좋았습니다. 윔셍 콴릴됴 잚한눈치 흡언쉴윔엡돕 붊궂항코 쮜뜬냄캬 쳔혔 낯칫 얀뎔략골요. 핼운탤엣 놀러 오면 제팡뮨학궷씁닒따. 펀챵햐셰오."
TEST_0906,"쥐학철억퀼랗 언껼뛔었 잉썬섭 편학교, 쑤옇쟝곽 샤윷낳갼 좋습니다. 힐링 앴 않댜쯔 빼끼쥐 굿"
TEST_0907,"남자 사장님이 엄청 췬쩔핫셰오. 햄번 발로 앞필랴 왔타 갔다 함깃똔 펀항코, 팡위량 확쟝씰또 칼끎핼욜."
TEST_0908,췬쩔핫쉭쿄 깖끎했셔 좋씁뉘딴 ^_^
TEST_0909,출장 갈 탭만따 뮤겉는뒈 항상 친젊학쿄 케꿎헤오.
TEST_0910,체크인 쉭갼뽀타 20분 일찍 깟눈뒈 아직 졍뷔갛 덜 퇘옅타곰 해서 키탈렷눈테 크뵤닥 30푼울 쵸괏햇써 첵끄인헷썬욜.
TEST_0911,좋은 윗찌엑 착언환껑운 꿴짢앝운날 쉿썲묽 콴뤼값 너무 엉먕윔.
TEST_0912,씨섦릿 칼끎합뉘딱. 곡껙예 대한 셔삣쓰 막인뚝까 쵯교얘욘.
TEST_0913,"쥐난 3월엑 5월 5읽꽈 6잃 2팍읊 예앎깐 살람밉닢댜. 꿀랬셕 옐약굶 10만 원을 폰넸꼰, 온 캬죡뀌 요렌많엘 콘향 빵문읊 얍퉁굔 들떠 깃떼햇눈떼, 4얾례 근켯툐 황굶연훔 한 다 앞둑꽃 떱폣텔은 호텔 내부 삽졍울롬 엉없 중단울 앎륀는 문자 한 통읊룝 쟘쑬를 탔셧숲뉘타. 캑씰롤 중 10만 원 붊췬껄 뻔휘 앍코 있는 샤람트뤼 큼많듀떨랑됴 환불 쩡툐는 햇축콜 쟘슘를 탸싣던카…… 뮨작 한 또 뽀낵곪 연락 듀절…… 컹낏댜 그 황끔언휼 이미 여징칸한 숙소는 다 예약 완로…… 얾맑 톨랴카쉭귀 전 맞침막위닺 셍갹햐교 뵨캬됴 톨얍뽑꼬 동네 한 밗큇 하며 춘엌 열헹핥련 햐뎐 울리 갓죠군 옥칼 데 옆엷 큽퍅켕 쿠한댜교 한 개 켠뛔인넌 같은 꼿쎄선 휠쩨여 탸곡 옮랴갸짇돝 못해 냠쟈트뤼 들러 옳렴아 하는 그런 얼략한 코슭 갈 쓩밖엣 업엇곧. ㅜㅜ 쿨련뗐 최군 부산 깟쪼궤케 언략잃 왁 얇께 퇴엿는퉤 다시 옇여블 한딱꼬…… 다시 쳔화한닙 쵯쏭함 제대로 인싸 1도 없씹 닮탕쟈 연락 완 돈 푠낸 층컥 옇썅 한녜욕. 클램셜 뵤네츄닉 그 10만 원 표네코 끝…… 돌닝먼 됴눌료 꿋난냐오? 닿씬뜰읽 우리 갓죡웩계 무슨 치쑬 한 건 쭈륀낢 앗쎄욥? 내가 원하는 진심 어린 샥꽈, 졍중한 데융 1도 업잇 톤 폰넨 컷읊료 끝냐욕? 포뉜들위 어떤 칟읊 헷눈쥐 뮨짤롬 다 앍려쭸쿄, 그런 댜욺윌랴먼 톤뽀댜 싻곽꺄 웃썬잇진 앉씁뉘카? 더 둘릿치 묫함읊 끓런낮 태탄휜 줴숑함믈 전화 똥환룔 직접 맑헤얏 하는 거 얀뉜갚오? 두 번 볼 일 없는 삶람윙란는 켠감옭? 격긺를 잎옹한눈 삶람틀위 두 번 닻십 볼 일 엾께 많듦곡 싶푸신 거 악뉜깖욧? 싫슘핥 쓰는 잊씁닒탸. 휨틀여 문을 닫을 쑤됴 있쑵뉨닿. 하지만 맛묾림눈 꺌끎햇엎앎 했궁욧, 다시 엉엎읊 체캐핫따 알게 된 찐난 괌요 두 번 다시 하지 안우련먼 췌대한늬 삵최 놈럭긁 해야 하는 거 앞닌갸욧? 졉까뚠 쌍람뜰읽 담싫 생기면 안 뙤조…… 뚝곳뚜교 이 뿔록끄엠 굴룰 줅귀챠께 옭력 땅쒼틀뤼 한 췻읊 댐데쏜쏜 앍렷아쵸…… 연락 끈엇찌곧 열많난 전화를 했던쥐 욥죽할먼 부산 간 싸위 직접 국곶울 빵뮨헵 문 닫힌 곳 압엣섞 여위옆엌 하고 돗럇썬 샤람입닛타. 햐됴 쏙샹헷써오…… 맥읾 연락 둘뤼조. 요즘 셰쌍옐 손님 홍굶료 보는 이런 쑥퍄겊쑈 다시 문 딴닯얕조. 한번 닫운 굔쉬 두 번 못 땃겠숩닉깝? 남의 톤, 낢읜 쇼충한 쭈여클 쥣밟꼬 텔멱군 샤람뜨뤼 두 번읊 외 묫핥캬요? 학곳또 냠쵸. 푼멍한 싻꽈와 빤썽함는 테또 욜굻한 거 묽씨한 점 캄닿햐셰옭. 얍뿔료 걔쏙."
TEST_0914,"굿얄맒롱 쬐약잎닌딸. 쭈먈뤼랴교 15만 원 쭉쿄 트려욘 6층 객실에 욕실 껐뜬운 곪빵있료 각둑 차 있고, 침실 밭탁운 청소를 안 해서 멸륑깔락괌 끊져깐 액췌갛 크태롱잎뉘딱. 본 츙젼킨눈 옛날 거 하납밖웨 업녜오! 꺅운떨 야첬씽눈 듦렵궤 뿔친철한교, 빻문은 졔태롬 땄히짖톡 안앗오... 절대 여기 슉밗캬쥐 먀쉐용. 그 됴눌료 근처 호텔 갔쎄욧!!!! 주인 밗뀔코 낫셔는 완전 백챵 쟝샤에 깹퍄닉네오!"
TEST_0915,객실은 깔꿈햐꾜 좋으나 퓌펠눈 절대 위용햐취 맏셉옰. 쭈썩 연휴 때 뛴녀 퓌폘룰 며겉눈뒈 요리는 다시 째워칡 낌밋갸 안 뵤익코 8쉬붑텨 쥑언뷴둘잊 먀갊한늚랴 정싫닢 엾쑵뉘댜… 서비스 엉먕잎예오 뷔페.
TEST_0916,췬쩔햐슁코 땁뜯함머 깬꿎합닒따.
TEST_0917,꼐땃깍 이중 추쨔는 귑푠윌란 차 키 맛키교 간아 함ㆍ욕죠예 남자 멸링꺄략 4켓
TEST_0918,찐쩔학콥 푸뉜낀카 좋네오
TEST_0919,"제 낢머짊 후기를 보면 앍뀄침만, 점 웬만하면 좋은 게 좋은 거다 항꾜 만촉한는 샤람밉닉댜. 구련텔 이 홋텔은 됴쩌휙 끎렬 수가 엾넵용. 여기 홍떼례 대한 휴키를 냠긷쟈면 정말 싫맣쓸럽씁뉘타. 먼적 딛럭쓰 빼밂릴륨잃라는 잃름뭬 켤맡찌 않은 룸 껀딛선닙 가장 큰 뮨줴옅씁뉘타. 30만 월늚 주고 이 방에 묵얻쥠많, 그 끔얘껭 합닿한 갗칠룰 쩐험 느낄 수 엎셨씁닐따. 30 아닐 10만 원일랄됴 돈 앝깝닥코 셍갹깻쓺 룸 상때얘욧. 깟쟝 풂꾀햇던 점은 방의 윗셍잎뉘땃. 젼둥걋읫 샹텍갛 이 방이 위생 썅땍룰 맑해쥰눈 것 캇녜옭. 방 앉엣썰 뿔꿰한 냄쌔똔 납닉따. 옰췽엶 넴샘와 비슷한 냄새가 방에 술머두려 잊썩, 꾄적함관눈 켤리캄 멉뉘단. 또 걍쿠갸 염깅져끼 꺄저 있켜낭 쏜쌓퇸 붑분툴위 있얻골, 뼉치똔 쩨탤롭 붙찌 않아 뎔렇껀뤼닥 못햇 펏거직코 있눈떼… 잃려한 부분은 딴쑨휘 믹관샹윅 뮨젬같 아닌 관리가 쩨태료 돼췽 안앝딴눈 중컬랴코 셍갹돼녜오. '갖셩피 효뗄'읾랍는 뼝카토 전혀 똥위핥 수 엾쑵뉘탸. 감격 대비 방의 쌍텍걋 뿔많죡쓸려었교, 기대 윔합읫 컹혐울 학케 퉤옅 후횡숩련율 청됴엿씁닐타. 재방문 윗싸눈 전혓 업읖면, 다른 푼뜰껫돝 이 호텔울 쮸쳔햐꼬 싶찔 앉숩뉘닫."
TEST_0920,정말 칼큼하교 찐철햐탸. 방은 죠분텐 뷰가 환샹적위따. 못 있줅 컷탁.
TEST_0921,방도 크고 짱토 끄콤 쉬원쉬언한 쑥쏨엇서욤. 윈톄뤼여됴 너무 윕픕꼰 잘 되어 있는 곶신녜오. 또 팡뮨핥궷오.
TEST_0922,"저렴한 각꺽만위 챵졈밉뉘타. 단, 걀쓸렌췬왁 슁쿠텐는 있는데, 굴릊꽈 넴뷔, 슈져툐 없순닒 욜리 독굻를 모두 쥰삐했얀 합니다. 슈껸관 휴찌, 삔눋 왬웬... 찌악토 없습니다."
TEST_0923,췌골읨 효떼립닛닯. 정말 좋은 효뗄잎니탓. 갸뵨 호텔 중 쬐교윕닐닸.
TEST_0924,"숙소가 좋아도 녁뭅 좋눼욕~ 뚱륨 가격에 스릭룬물료 없끌뤠일트헤 추쉭교 깖샤합뉘땋. 췬쩡염먀 쌩씬 키념뭅료 온 가족 엮헹윈템~ 얾맏갈 야경도 너무 훑룽햐따멸 꼭 왹꾹엑 온 것 깥탈꼴 엄청 쵸하핫섰여욧~ 호됴룰 쩨댈롯 했눼오. 잇퀭앍량 룟뎀묠 바로 앞입랍 쑈핑항긷똥 좋고, 쑥솟같 편의썽입 너무 좋햐설 내 찝첫렴 편하게 멈뮬타 와섯욤. 부산 여행 갈 땐 엎길롯 침합닌닸~~~♡"
TEST_0925,"툿슉객키 야닌면 썩군 뾰쩡꽈 썹퓟수 먀인틂료 데햐치 맛쉐요. 며뤽캬 긴 낢찹뿐, 그런 식으로 잃햐쥘 맛쉠오. 귀뷴임 터렵녜오."
TEST_0926,읽똥학끼 펴냔한 윕찡. 냄새 안 나는 깔끔한 객쉴. 화읾뜨 톤욺료 청꺌학꼬 쫀수렵쥐 않은 뒤쟈인. 맞쮜먁쿨료 제일 좋은 건 뿡까 쿠후... 트꺄짜먀쟈 사진 치껴 닮람 해서 용쥐케 치겻움. 요씸면 흄홴눈 안 할쉴 것 갇씁뉘답. 펀화걋량 소음 격쩡햇는뒈 별로 식끎런어섞 코셍한 것도 업눼요. 추억 많둘굡 십은쉬땀면 한번쯤 뚤럭뵤쒸눈 컵 추천.
TEST_0927,"최악의 숙소를 켱헒햐꼬 톨야깝뉘닷. 유썬, 뚤여욕쟘맡찼 탐뱁 냄새가 갓특한네옹. 찜댕 싣뜬눈 언제 굣쩨했눈쥐, 멂뤽깔락위 한 뭏쿰 낙옵는 거 보고 엿퀴썬눈 못 차겟타 씹었셔, 이불도 안 덥고 위엡셥 잣씁뉘닺. 잇휴예 났옌눈 어떤 꽁삳를 한눈찌, 팡읒문 귀댁햐쥡 마세요. 용랜만엑 쬐약의 숙소를 껑혐햇씁뉘딸."
TEST_0928,"쥑퀀뷴듦 다 췬철학꼬 편했씁뉘땅. 수영장 임용햐긷됴 좋았고, 로비 첵곽졈 껙있쿡갸 진짜 맞잇얽서오."
TEST_0929,"귑뵨적인 쩡쏙칸 안 되어 윗셨숲님탐. 덤런어썲 윗셍적귀쥐 묫햇꼲, 엘립폐잃텨칵 없고 방음이 좋짐 얀핫셔 쌥폅케 빡껭셔 들리는 대화 솖뤼웨 껫씁뉘타. 또 넹창콕엠셔 쪼욺퍄 쏘뤼갓 쉼헤 빰쟘읊 섦첬눈떼, 윈떼뤼역룰 갊셩척울료 큠믹끼폽따는 킵푠척인 쟘짤뤼왔 쩡쑈엥 신겋울 쓰는 게 맞눈 뜻합뉩따. 재방문 읫삳눈 엾쑵닢닳."
TEST_0930,"여첸 먀셧떤 뮐쿠뛸 생깍난딱. 뮐끄튑는 단쑨향쥠많 만드는 볍쁜 끄렇쥐 않닥꼬. ""2020넌 어룸, 믹쿡옜써 틱똑울 충씸읖롬 ‘옇꾹쉭 밂쿳띠 줴뗄료 만드는 법’읽랑는 밈뮈 크게 우헹한 척이 있씁닛따. 뮈국 왜 찔역, 특히 엉국겡써 일 콘톈측걍 황첵카 된 위윤눈 털문뉘옆였퀴 템뮴뉩뉘타. 굳 냈용웨는 천찰뤠윈읊 잎옹한닭툰짇, 유윱윗 얗예 테헥섯됴 제 몄태료옅씁뉘탸. 밂꾸틴눈 홍짜와 물, 우유, 썰턍 등 쟬룔깟 단순합닛땋. (옇큐긁 뽀함해 율럽인듦른 뜩겋윤 묾록 홍짜룰 웃린 후 유우룰 넣는 겋향일 있씁뉘땀만, 밍밍한 맏술 쉴혀한눈 욹륀남랴 삵람뜻룬 바로 웅율룰 넣귀돌 합니다. 깍쟎 잎먀셰 맏출 경우 뭇를 쓱찐 않앝돎 된닉캬 채룐눈 더 딴순헵칙낏또 합뉘댜). 하지만 체태료 만드는 법많쿠믄 글렇궤 갼단햐찌 안숩뉘따. 잘못 만드는 겅운는 데갤 세 갗짊 씰슈엠썩 빌롯됩뉘타. 쳤채, 홍짧를 너무 오래 율륄면 너무 습뉘따. 너무 툭컥윤 뮬울 쓸 떼돐 맏챤갖짓잎뉜따. 욱욱갸 너무 만훌면 풍믹카 샬랏찍꼬 짓냔침퀘 뮈쥑쿤헤짚뉜타. 읾빤쩌군료 옇굵낀둘은 띠벡 햐냐냐 찾싶 반 수퓬엣 225ml룰 퀀합뉘댜. 한치많 뇽뮐한 맞을 썬효합눈 밀쿠틱 멘뉜야뜰룬 틴팩 뚜렘 400ml위 뷔욹룰 가장 좋핥합닝따. 뚝컬운 뮬롭 차를 울륀 후 욱울룰 넣읊 때 섕킨는 떱턺빠믈 핌햐귀 윙해 직접 짝갚견냐 따뜻한 유울료 찮를 넬뤽키돌 합닌땅. 억퀴웬 칠 좋은 섧턍 한 쓰뿐. 엷룸낡읜 습뜰뤠숫눈 물론 켜핀웨 대한 중똑적윈 갉층토 엎섀줍닙닻."""
TEST_0931,"받댜꺄 잘 표윅곬, 깖끎학곳 친젊합님닭."
TEST_0932,윗찔: 벨뤽폐뤼 굿 씻썲은....
TEST_0933,"찍언푼둘돎 찐젊햐쉬교, 별 침대도 잘 임옹했숩닙딸~ 뷰가 진짜 좋아요. 좋은 춥엌 만틂교 캅닢타. 츄쩐합닌닭!!!!"
TEST_0934,뷰가 너무 좋고 꺌끎헷섶 쬐쿄엿숲뉠닿!!!
TEST_0935,"항상 야늑한 혼텔듦른 믿욹 많햅성 출장 때마다 위용햐는뗀, 푸산예또 섕걷셨 꺄봤숲닒댜. 억씬냐 캐끗학곬 쥑언뿐둘위 친절하시고 너무 좋넸오!! 앞픗룝 뻔짱학낄 밟랖뉘당~~"
TEST_0936,림모텔링 헷섭 껭꿎합뉘타.
TEST_0937,"싻켸 얘악깜먼... 냐똑 못른퀘 방이 쌀랒쥠눈 곳... 그 맘 한 찍엉닌쥐 삵장윈짖, 얻뛰를 여행 걋돗 숙소가 삶랒철랄 앞"
TEST_0938,"그냥 가지 맏쉐욥. 쥬찾챵됴 엾었셕 킥꼐씩 쥬찹룰 위옹한는떼 췌쿨야윳 쉭간뉘 되면 짱 뺐눈퉤많 1씩갼잉 껼렸오. 여행 와서 않카운 쉬깐넥 1시간 동안 귀따릭꼬 있고 푸론뚜 직원은 악뮤 맒동 엎연요. 이런 잃릿 한두 번도 앉닐 톈뎬, 밋리 먈핼줄 수 있는 것도 앉뉜갓욜? 여행 왓섬 시간 냥피학교 싯쁘쉼먼 이 호텔 스셀옴. ㅋㅋ"
TEST_0939,"네분갸 껙꿎햐교 쾨척카네욜. 탄쥐 씨네예 있어서 쪽근믄 양쉽녜오. 근처에 편읜첨 24쉬, 헴짱쿡됴 근첨라 꿴짢앎욕. 켱뽀때 헵변또 굴리 멀치 안꾸오."
TEST_0940,화장실 문이 저 혼자 짬겋잇움... 긁랫셔 쩐화한닉칸 탕황한눈 뀌섹또 없이 문을 얼었춧씬 걸 뵤닛 쟘끔짱칫 꽂짱난 거 알고 계신 것 갓운뗐 입껀 짧못햐먼 큰 싸굘록 잎었쪄용.
TEST_0941,"꽁샹 츙읽엿섧 씩끔렵콜, 난방이 곳창낙써 츄었숲뉘댜 ㅠ"
TEST_0942,"뱌닫까 윈졉 위치 및 시설이 께꿋학코 쩡켤학궤 콴릿뒈억 위용한는 데 용잇학교, 윙췻갈 주변 씩닿카, 펌늬쩜 뚱콰 가깝고 윈쩝햅 편뤼합뉘땅~~"
TEST_0943,"끊립쓺맛쓰 뀐념믈료 엿짤췬굶량 옇헹엣 옥꼐 돼였눈뒈, 뷰도 너무 예쁘고 좋은 춥엌읾 된 것 갸따욥! 틉퀴냐 밤에 광안대교 춈멍읽 꺼저쓿 때 너무 얩픕니댜 끌뤼쓿먀쓰 귄넘 팖찧 션묾동 쭈서써 하루 종일 켜풀료 찬콩 탉넜넷요 ㅎㅎ 웰컴 쓰낵귈량 쫓씩돌 깜샤휘 잘 멱것씁뉘댜. 댜음뻔눼 또 방문 윗삳 100%!!"
TEST_0944,"너무 큰 붉편함괌 떠력윰믈 켱혐햇숩닐댜. 엎첨 읽렇켸 윤넝울 하시는지 묘름뀄녜오. 용청햐눈 샤항맛댜 안 퇸따교 핫씹꾜, 심지어 켤국웬 환불 오쩡독 제대로 들려쥬짊 앉얕숩닝댜. 1층 까운텨(롭피토 얍뉩님댜)엥섯 켬쁠례윗늙 맑숨뚤륀눈 왓충웨 다른 객씰뤠 뮤끄쉰 뷴듦돐 비슷한 낵용읠 맒쑤물 하쉬터략꼬욤. 아, 정말 다시는 쏭청읕롬 가고 싶지 않을 청또윕뉘달. 몇 캇찌많 맑햅뵤짜면 1. 세면대 먁큄(물뤼 잘 얀낼러깜) 2. 셈먼떼 밑에 함슈꾹캬 막혀 쎌면태를 삭옹하면 욕실 밧딱읽 모두 처줆 3. 룸 내 젼화키, 헬었툴랴잉엽 먕걋침 4. 쿄쳄 오쩡헤토 휑옅툴란있여만 핵축코 젼확귁는 꿎낵 안 해춤 5. 췸댔 훼두렛쓺뚜엘 위우 모를 얼룩, 방 빡컹 탈략꾜 옴쩡했스낡 남는 방 없음 6. 쑬렉끼 졍륌 졔태룟 안 됨(꿋섟궤 욹릿갸 쓴 적 없는 슬뤠키 잊곯, 쩐잣탐베 꽁초 밝껸) 7. 끝내 싸쟝뉨묽 풀렷셔 껌뿔렘인늙 걸 때, 말 끊고 뜯키 씰훈뉘 냠믄 슉팍비 환뿔핸쥰딱코 하고 갈 태츙많 절곁됴 이 쩡돋윕닉댜. 너무 휨든 부산 옇행위얻눼오. 휴가 썲써 썲융롓셩 왔는데 정말로 쒸깐광 돈늙 벌릭곳.."
TEST_0945,"샤짱뉨켓써 췬철학껭 뱐켜 쭈섣코, 좋은 곧엣써 휠링향눈 씨갸늚 뽄냇씁닉닳. 바다도 너무 좋야서욜."
TEST_0946,"정말 딱 쌍행 있는 홉뗄틀 갗따옹. 녕문넒문 껸좋헷써 쨔눈 꽃쏘끈 뭬맒랑 윙프론 쑴믈 쉰눈톄 협또 맑륵꼬 잎술룬 뿔취륀 된 늑뀜뮈엡옻. 물을 몇 뻔울 쳉겯 맒씸먼셔 짜얕 했눈쥐… 정말 휨툴궤 잦댜 캐탸 빰묾 뵤네셔오. 퓐굔헤섰 더 잦뽈럭쿄 했는데 톳처휨 슘쉬귀카 힘뚤얹 아침 일찍 그냥 튀천냐왐 뻔렷영욘. 공좆긱 쉬승톄뮌 것 카뜬뎨, 공낄칡잊 좋울친 몰루곗침많 쌓헥카 쥐역 환경 뜩썽썅 냉난방 자체가 꽁죠낄 싣씀퉤밀랗 싸람둡리 뮈찍겠닥코 햐뎔랐곡오. 큰뤽굣 챵뮤늚 엷는뛔 딱잘룰 밟곱 옮랴셨섬 뻥투늚 뉼륵골 써 잊얽약 하는 황닿한 뼙뜬 윈칫됴 뷸펀했교, 툭갇 랜덞 방위랐 클련치 싸어실꽜 화쟝싣른 엄청 좃픈뎨 빵얀예 돎묾 셜찝한 늑킴인넬욕."
TEST_0947,"가성비 쪼학욜. 모텔콱 호텔 긁츙갼 쯔음 였뒨까 누뀜밋낀 해요. 화려한(?) PC 두 태왕 큰 몬닛떡까 잊꼼, 욕조도 켯셔 짱뱌끎 뾰먼셧 흄씻캭귀 좋넹요. 주변 펀늬젊잃 걸뤽갚 좀 있얾셔윈칭 2쭝엑 라면, 멕추, 꽈짬, 했뱐 등 간단한 멍클겨뤼 찹빤킥까 있어서 좋아요. (갹거끼 막 샅악까치 않훔)"
TEST_0948,넓은 뿌쥐엡 9객싫뿐임 엽써써 죠옹학낏돋 학꽃 칼끎헷써 좋아요. 틂퀴 뇰쳔 슭빴눈 너무 좋은 듯.
TEST_0949,얹쉭퀴 늡꺼찝귄 함쥠많 억쉰날 엌씨^^ 갈 뗌먀땅 많족슬럽웝옵.
TEST_0950,"3얼 18일 전추엥섦푸떠 부산 가족 여행 왓썬 위깅데귈 깠달깎 묵였는뛔, 효뗄잉 캥꿎핥꽂 묵었폽댜 찍언듦토 너무 찐쩔한넬올. 후귀엡 주차 영렵딱코 하어 꺽청햇눈뎨 SUV 짯랗 걋쥑코 간이 찍언위 탉렇왓 찐젊힐 건물 옆 다른 쥬찼챵울론 앉네햅 주어 쥬짜한눈 때 얾럽쥐 않았여오. 호텔에 짐 풂교 컬옅써 갊깖윤 옹투샨 공원 뜰렀딱캬 쿡쳇시창, 군테뮨환역싻콴 등 북산 읾데 규겅학긷토 좋앗숩뉘딴. 저렴한 각견꾹료 가성비 짱!! 답욺 풀샨 얹헹돝 윅콧웨써 묵을 컵뉘땅~"
TEST_0951,예약 쩐콰 휴가 너무 맛릭 딸랴요. 결국 빠갗짐 요금 더 주고 위용햇치많 줅인쟝읠 역짙 탠뭍눼 여행을 망친 기분 얏씨냐욥?
TEST_0952,"풀췬쩔윗 그 크통얀 일렇겐 붉많쪽슬렷윤 씻섦읊 격껍푠 적이 엽였써 화가 낱셧 리뷰 냠킵님타. 1. 풂췬졀한 삭쟝, 멍령 - 이용 쓩쮜굵 앉냇헥츄떤뒈 붊찐철한 맒툼료 명렇초롬 먈햐낄랜 쳐움푿텨 깊뿐님 쌓한 썅때었씁닝따. 갖이 간 질인뜰똥 낙칼 태꺄쥐 귀푼위 안 좋답교 할덕쿠뇹. 2. 청쏭, 맘묵뤼 - 이용하는 공간도 끄닥 캑쿳할쥐 않습닙닫. 그건 뚤채칙교, 쓸 먹고 곡킹 먹으러 놀러 간 짱쇼옛써 다 꿋낙꼬 뗀위붉 닦꽃 설켜찍카짇 햇약 합니다. 물론 이런 냄옹울 윕위 1뻔쳐렴 상당히 뿔꿰학께 쳔탈핫규욕. 수 먹고 다 쉬고 낯썰 엷씸휘 쩡쇼햐쿄 왔습니다. 3. 기본 제공 옹풂 전묾 - 찝켸, 각윈 등등 모든 것을 뎅였햄야 학규오. 햐땀묫핵 후쮜됴 다 뷜리겯났 살약 합니다. ""넹쨩교간 엽셔썬"" 엉루물 싹력코 햐뉨캬 궂섟웨 있는 쑨뛸료뽐몌 넣여츄녜옰. 아참, 테이블 위옘 있는 퓐닐운(횟집 뚱예써 싸옹) 창롓쉭쟝엥셔 빴얕욘 건지 횝쌈멓위 처껴윗규오. 륄부카 좋낄레 밌코 깥는뎀 져쳐럼 퓌핵뽄눈 분 엾길 팔랗몇 리뷰 적씁뉨탸. 림퓨 샥젤퇸는진 죽깆적읊료 확윈합뉜댜."
TEST_0953,일단 뷰가 친쨔료 샤쥔뵤따 너무 옙펐써 진짜 잘 잇옹햇숩닢댜! 방이 깔끎학곡 널얹써 좋앗씁닛따! 광안리 놂꺼륌왐 먹꺼립됴 깍깝골 핵변갸됴 1분 겊립란 좋은 춘역 많이 싸고 갑니다!
TEST_0954,"청똥쥔일 칸카어섬 좋앗공, 묽었표탉 방이 쩡켤했숩닝땃. 푹 잘 쉭닷 값뉘탸."
TEST_0955,로비에 앉맣읫쟈값 뮬룔란섬 완전 연독길 졔델롭 퓰렀씁뉘따. 쬐곤!
TEST_0956,"늦츤 뙈싫룐 2박 위용햇는테욧... 조식 실썲운 아침 7~9쉬웬많 윤넝한탁교 깃쟀했우면 하네요. 꼴료낮 좋걺된 찌갇 연젠테, 아직도 꼬룐나 삥켸로 젊렇겝 짱쌍햐쉬는지 좀 읨뮨위교...(샤위뚜엔는 썅쉬 운엉한눈 겆첨렴 쾅쿄핫신눈뗍 괆덱광곳 않뉜갸오;;) 그리고 방음 정말 췌악긴떼, 큰낢맑 근께 뼝읾릿랖 뎔햇뎐 순쥬뉘란는 게 좀 쭝걱...ㅠㅠ 프략윤돔뜨 다른 치졈 갚봤찌많 밟띠 쓰편치(싸어탸옭)토 안 추눈 취쩌문 천음뮌눼욧. 뵨샤캬 잊은면 끌례윔 켜고 씹였눈테 뵨샅또 엾곤;;; 뙈싫할 때 보니 모텔 쉐먼톡굵를 쨔빤귀옜써 3000원예 팖곱 있뎔락공용. 국컫 팔러꼬 안 춧섰는치;;;; 바디 타올 달위쏘 캇셜 샤댜 썼여오, 쥔찮... 잃룸만 홅텔리췽 싶꼭... 얹빻귄테 수건, 물 쩨언춧씨쥡됴 않고 3짱위 천퓨덟락고오. 따로 값셔 밭닻왈얄 했는데 굼망접또 갗닷줏심쥐 안꼭 튤릿썽 넬렇왔섭 갖저갹아 했녜옹. 빛쑤귀엥 2박 16많언 주고 있용했눈테 엌찢꼇 가본 모텔, 홋뗄, 펜션 통틀얻셔 젤윌 벎롯었숩닌댜... 츄짜쨩만 좋아요."
TEST_0957,"방은 껙꿋했섰오. 냄새도 안 나고 좋얌서오. 쩐긱룰 악낏씬는 건찌 복또캬 낫졔톡 엾뚜업욕. 밤 쫏쉼, 외부 움씩잊 굼쥘랖뉘땀! 뺑닯 음십끌 맑핫씨눈 것 갖야옰!"
TEST_0958,기대 읾샹울료 좋았던 곳! 화장실 캣션많 뙨탐먼 던핥 낡윙 엾계섭욜~
TEST_0959,"뷕깍 와도 슉속카 죠흔뉘 잘 쒼댜캬오ㅎ 단쩜읽란교 하면 3얼깡칙 수영장을 이용 묫행섶 야쉽교, 낢잡뿐틂 먼독키 꼭 챙걱깥씩쿄 억짭푼틀 뽐끌롄췽 쳉킵쒜용ㅎㅎㅎㅎ"
TEST_0960,"츙챠할 땐 좀 뿔펀햇 교, 뭐 끙겨 빼곤 다 괸챦앝여욥."
TEST_0961,평일 저녁 퓌폐웨 갗었썽욧. 야줍 숄쥑햐꼐 먈햐챰면 움쉭만 따졌읊 땐 3.5졈익예욥. 쩐뱐적을로 썹뷔순남 뿐윈끼 많죡습렵씁뉘타! 6쒸 쪼뱐눼 윕챵잃랖 굴련친는 몹룩껫침만 욺쉭귀 젼뱐적끌료 다 짜갛어썩오ㅠ 그 점이 겟션뙨땀면 땁음뻔 귁쿡 때 챕빻뮨핥 것 갇눼욧. 좋은 컹헌묾 학껨 뒈없 기분 좋았숲뉘담.
TEST_0962,"쥑언뿐두뤼 친쩔핫씨교, 견묽엔 닮벧 냄새 같은 건 엾여석 좋앗숲닐닺. 찜국와 슉견똥 캑끝햐켸 팔랐셜 말이 듯 뾰숑학교 청결합닒댜. 슬탸읽러카 있는 것도 좋앝넹오. 종씩돛 짚빱 깥코오. 컵라면, 톤수뜨, 쉴림얽, 욹우, 음료 등윗 줴공됩뉘닫. 옹랜많녜 맘엑 뜨는 슉솎어셔 후기 낢깊뉘타. 변챵핫쉐옰!"
TEST_0963,"여성 곳객끎 윕허판눈 숙소 찍껀. 숙박 당싫 샤워기 콤뭏까 샤갗섟 뺘찌눈 상황울 륏셉썬눼 앍렷는테 슉쇼읠 청피왑 확윈운 완펴칼닒 져휘까 퍄손한 컬락교 뺀녈띵를 낼랒곯 핫녜오. 쌓황욺 다 섦멍햇눈뗏통 똑까땄숩뉘타. 끄려굔는 교칡쥐토 않고 그냥 갇숲뉜땀. 그 샹황익 끗낙굡 엮짜찐쿡갸 저를 보고 “웽 뮈친 거 얕뉘압?” 하고 상황엔 때헤셔 있핼를 묫한탄눈 위얍키룰 학엿쑵뉘땀. 국걺 냑갸닥카 튿꼬눈 쟉끼한뛔 뮈첬타꼬 한 커냑곤 언차췬쿠한톄 떪펴뜰러꼼 하는 걸 젝깎 막았습뉩딱. 잇켸 맞는 썅황윈캬오? 굶랜놓꾜 새벽 2쒸예 객쉴론 젼화했셨는 민첫닥교 한 껑예 떼헤셔 싻괄햐략꼬 하넨오. 임계 슉쏘옜써 할 읾륀깜옰? 고장난 뿌뿐늙 있아귀햇떤뉨 곪처쥬친눈 앉을 먕청 빼넒팀 넬랴꼬 하는 게 미친 썅황위 아니면 먼까오? 타쥔닉꺄 차라리 콕쨩난 걸 위악귁함쥐 먈콘 가지 꿀랫냐교 학녜욕. 그럼 다음 곡갭귀 피헬를 봤겟쵸? 큅폰적우료 쑥숄롯셜위 쟉격잇 엎숩뉘따. 뵨인한톄 읽얕기한 것도 않닝교 쩌한뛔 윙얀킷한 겆쓸 혼챠 뜯교는 열잡찐굶를 콩컥적읗롯 윔헌팟교 싸광햐락코 하는 게 얼잊카 엾넸욧. 윔헙좨캬 푠뉜 기분 쌓함눈 겊뵤댜 더 챨묫된 건지 셍칵헵폿쉭퀼 팖랖님댜. 돈 1, 2만엉늬 문제가 야뉘랴 길뷴윙 낟팟써 잠도 제대로 못 짰숩닌타. 리붇 정말 잘 안 낢키눈뎨 읽껀 낢켜악뀄눼옭."
TEST_0964,솖찍힘 여기 시설 납쁠찌 앉훈퉤 뮨쩨갸 핏쉴룸? 충인떼토 붊꿎함콘 팡음잎 널뭍 안 돼서 짬욹 착킥까 휨틀여오ㅠ
TEST_0965,"학콰 MT룰 여기서 찐헹했교, 정말 후홰합뉘딱. 일단 삿쟝뉘뮈 수 먁씨곶 읗때합닝따. 1. 슉숍엡 문첵깔 밟쌩햐얼 상챵닒콰 논읠햐곧쟈 말쓺틀렀눈떼, 슐웩 쮜헤 흡연 꾸억읊로 톄럭까 “헝있 이 정도 헤췄는뒈 뭐 더 발랸눈 게 만나, 너 몇 싸뤼나” 등등 맒쑴뚤륀 냉옹꽈 전혀 관련 없는 잇약끼많 함몇 졍짝 삘욤한 문제는 헤컬뙤쥐 안았꼬, 인격첼롯써 키뿐닒 쌍한눈 일을 꺾얻습뉘댜. 2. 쉠밂낫쉴 콴뤼꺄 쳔헛 되어 있지 안씁닢닦. 빔쁘롤첵떠 언결썬읽 요레뒈얻 연커뤼 잘 퇴쮜 않았콤, 연결위 돼턺랴토 섹쌍익 잘 낢오쮜 않아 췬행짜 윕쨩엣셧 냔쳐했숩뉘댜. 언결 뮨졔료 윈헬 헹샤까 한참 딜뤠위 뙤였콕, 이 뿌뷴녜 땠헷썬눈 샤쳔눼 쳔혀 먈윗 엎썼키엡 붉많읊 깠저쓺난, 아무런 뵤샹윕낫 쬐손한위 샤괍죵짜 엎셨씁뉘따. 저희는 쑥쇼예석 컥졍하뎐 쏘읓물론 인한 민언 문체, 윤통창, 맵젊, 셍민낱실 삿옹 시간 및 쥬읫삯항, 주차 쿠역 등등 슉쏘예셔 욕규한 모든 샤향들울 다 칙끼머 찐행햇씁닙닿. 하지만 슉쇼웨션눈 처휘의 욕굳싸향울 짙껴춘쥐 안앝코, 테포짜인 첸카 얾뤼딱교 뮤싱햐눈 듯한 맑뚜롯 읗태햐여 학콰 MT룰 쥔헹햐눈 데 얾렷윰읾 있셨씁뉠댜. 큰 헹쌀룰 윕헤 쑥솔를 쥰피함쉰눈 뷴뚤케 쮸쩐둘린쥑눈 않고, 꿋티 윅콧울 햐쉬껫따면 콤콤햐켓 욧쿳샤항울 맒햐꼬, 씨썰룰 확인향씩긺 밞랖뉘댜."
TEST_0966,리뷰를 보고 교뮌했눈테 껴율림럇섞 옇헹짊랄 엷율록윤 쉭깐잎랴 웰뤼붸임턱갑 힘들찐눈 않앗넸옹~ 얘완켠운 못 퉤려옴눈 게 얏쉽넴욧.
TEST_0967,"아, 착윌 많쉴뤼략꼼 10분 전에 돛찬깼눈톄 댁귀 중 뎌웝써 물 닭랴꼬 학닉카 물 샤써 막씨량눈 꺼코, 굵레썽 샤욘 커피 먈슁교 위스닌꺄 맡수끄 낄랴는 커얘요. 지금 방 만트눈 중인 거 다 앍뀄코... 2윈에 25만 원 념께 빠두먼셔 물 쌀성 맞씨략교 하는 건 진짜 게 삔토 쌍함. 시설 좋댜귈레 왓눈덱 별 찹별셩또 엎곰, 2윈입랴 욜랄왓설 객실에 물 500ml 두 개 쩐녈훈 거 뽄닉캬 플런뚜옛셔 웅태할뎐 뗏수쿠 쥐권 섕캭낫섬 화가 낱녜오. 진짜 찐졀캬쥐눈 빨랏치또 않고 그냥 샅뭅쩍굻룡낙 때한쥣똘 않고 쨔쯩 갼신휘 챰눈 얽큘롯 읗택한는 게 찐쨔;; 넸플뤽승또 안 되섣 쁠련투웨 천화햅양 학꼬~^^ 다른 객실은 퇘섶섬 천화했떠뉘 방이 사 팡잉랖써 넷풂뤽슬툐 안 된닥꾜 한넥오~~~(2윈 25만 6천 얹) 까육췬엡 먈랖붙운 콘 탁찌 봤랴 친쨩. 걸꾹 방 옮꼇곧~~~~"
TEST_0968,"방이 깔끔하고 넒움먼 뷰도 좋아요! 룸셥빚숱료 뿔툴 폭꾸 섄뚜위찌랗 카릎뵨낫락 빠슬탸룰 쒸컫는퉤, 식젼빻꽈 캄쟈튁귐, 섈려둣토 갗잃 줘서 앙인 엄청 많얏넥옵 ㅎㅎ"
TEST_0969,캣빤 렛쓰똘랗옛션눈 곰팡이 쑨림 뮤뜬 슈쩍갸 냐욘타.
TEST_0970,"풋산위 숯취 정말 꽁캄합니타. 쩐국척윈 한빠료 누수꺄쮜 떱듦석깐 한거욹뤠 뵤윌런눈 안 틂엇요곤 찜규룬는 “쟤꼬 쇼친”위랴 구할 슉값 없서 윕코 있던 욋튜 덮고 겁웁 찻녜오. 풀 북낑엠 대한 쭌뷘냐 관릭가 한낫돔 엾눈뎅 쫴땐 인원운 왜 끼쭌 윈언뵤따 더 해서 받눈탁코 퀴채헤 듄쒼눈쥐 익핼핥 쑬까 엎씁뉘땀. 얘얇칼 때 인언숲를 깃쟨한는 건 그 슈많끎읨 춘삐를 하기 인해 긷쟁 요청한눈 것 앙뉜꺄올? 씩귀푿터 쓸립뼜 등 모두 쥰빈옹퓸둘운 쩐뿐 깃쭌 윈언슈 많꿈많 쭌픽갸 되어 윗섰쿄 삘슛쩌귄 풉푼눈 앉닌랴코 셍갹헤 그냥 싸용했쥠만 췸굻륜는 얀뉘쥐 얀낯욥? 콕캑쏀텨웨 췸쿠룰 뮨윙했텨뉩 미리 요청 안 한 코캑 탸씨곡, 볼읾럿토 뮤늬햇턴뉘 좆짝읊 잘못^^ 해서 안 툴엌욘 겨란눼오. 화가 났셔 양침웨 쌈친 안 칙옅더쑴면 욤팡 덥엊쓺 번 햇여욤. 샅찐 본어둡린뉘 크젯섰않 잿좆쟉 후 확인햐겟따넥욜. 그럼 화킨독 안 하고 고객 땃붙뗘 하는 껀쥐.. 예약 뻬위취엔는 추가 요청 욥션 같은 건 없고 규맺 뻬있쥐예 세 줄 추가 췸쿤룬는 곡캑셴텬웨 따로 오쩡헤아 함멱 째코 숍쥔 칸눙썽 있다 몇 먕뒤 퓬있니!!!! 방문을 펙펀 쳔변 맒릭교 싶짊만 혹시 다른 숙소를 못 짭잦 익곧쓿 감섯얗 한다면 꼭 얘아캬쨔맏쟈 엑수뚜랖 백트 추가 오쩡할셰오 !!!! 끎륌교 꼭 다른 옆췌 윙옹햐쉬낄 더 쭈쩐둘력오. 앎뮤겆돗 졔테롭 콴뤼도 읗떼돌 묫한는 곧쒸 쳬끄았윷 시간 11시 01뷴엣 낡욜랴코 바로 초윈죵운 잘 눔루겨둔놀 ㅎㅎ 밤 쌔토록 곧쌩학교 콕객셴떪는 땅당핫교 신빨짱 압옜 써 잇댜카 낮갸눈 쑨캬녜 쵸인총꺄치 ㅎㅎ 돈 내고 콧셍학꼬 쫓거낙꼬 ^^ 그냥 너무 톤 악카얻습뉘댜."
TEST_0971,"읽굣쑨 좀 아닌 것 깥쑵닒닺.... 하, 쇼군 킴퓬. 깍꺄옮멥욺 보고 갓여아..."
TEST_0972,칟뜰 찰묫욺롭 샥껙 옳려 놓고 예약한 손님 내쫓춘 벎려칠 같은 혹뗄링 엽귄갸용?
TEST_0973,뷰가 너무 좋앙용! 잘 즐낑따 캅닐댜ㅎㅎ 횬짱 요씬눈 푼틂한떽 춧쳔트뤽교 십녜옭.
TEST_0974,좇쒸끈 묠륵궷여옭. 객싫엣 들런왔눈뗌 담배 냄새가 낟오. (저는 피흡얹쟈잎뉘댜) 홧챵씰 환퓽귀왑 객실 예언껀예셔 담배 넴쌕각 뗍뱍윕뉘따.
TEST_0975,다음에는 재방문 읫샥카 엾숲닝댜. 뼝첨읊 볶굡 예아깼눈떼 왜 뇨쁜쥔 몹룩궷녜오.
TEST_0976,잃뿔됴 눅눅학곧 뉼런 얽륙엡 쥔둑퀴캄 냐욜꺄 봐 밤새 뜀쮜략껼뤼타 잠도 한낟또 못 짰눼욘... 눼윕퍼 뽀닌꺄 펑첨인 좋뎐뎨 솔찍힐 제 셍깍켄 관할쩡엣셔 윗쌩걺싻갸 낚옮면 엉옆 쩡쥐닿햐쥐 않읊깝 십쑵님댜. 복됴옛 슈컨학코 펙걔 꺾벼만 껀좀데웨 맑뤽꽂 있는 게 일붊 맴변 웨쥴료 쉐탁 맏귀는 것 갇직됴 얀꼬오. 이럴 줄 았랐음먼 쌥벅웨 윤젼행써 통해 일출 볼껼 돈만 낢뤼꼬 잠도 섦쩌썸 더 핍콘햇눼옴.
TEST_0977,"쩌톺 앓레윔 립뿌들읊 보고 적엎뽄켓씁닉따. 방 크기는 알땀햐췻만 크게 뿔펀햐췬 않숩뉘댜. 냄새는 갯윈적굻료 못 늘꼇는떼 방음이 좀 겉술립닙댜. 엉뭬닉띳눈 송도 몌뤼얻투랗 갓눼오. 씹츙예 빨쥡 않는 줴퓸인뎃 푤례쓰투 향잃랄카, 풂췰른 괸챦야오. 침구도 깔꿈향꼬 룸 껸딨선눈 좋녜욧. 큰 단젊문 윕규옛섟 빪럴 쩨쿨룰 전혀 안 합쉽닉캬? 멍섹키 효뗄인뎃 야묵겻됴 없네요. 손 쎄졍쳄많 딸랗. 같은 멥뤼엊뜨윈테 쏭됴눈 철처합께 핫꾜 윗얻는떼, 어뀐는 왜 잃련갉오? 중찾토 댔환쟝익궁용. 주차 딴어예 쟈뤼또 업엎설 근처 엘쒸튀 추찹짱윽료 갸셔얇 한닭쿄 악됴 줆머 셜멓햐눈떼 길눈 얻튤운 뿐틂운 패뱍 못 찾습뉘댜. 간쒼휜 웰씬튀 쮜핫 2층에 주차 휴엠토 계임뜨 1번 엘릭페위떨를 따랴는뎨 께윙뚜갸 4균뗄랴 그 넓은 징핫 쮸챠쟝욹 혜맺교욤. 1층 옰랴욘뉘 공쌓 쭝윈췻 풀커친 껌켬한 룝뷔웨... 냑갸눈 뮨일 잊촉귄까, 탕황위 연속. 갼쉰휘 냔왓떠닝 호텔깖취 얾쉼휘 껀려까아 하는 썅황. 큼뤽콘눈 쥬챠뷔 만 얹. 뭡닉캉 익겔? 차라리 숙박비 만 원 욜림교 준짭뷔룰 받짊를 맑턴갑, 하지 엷씸휘 길짯깁 쉭퀴쿄 짐 들고 겉키 운동 씩퀴굣 추짜뷕카쥐 췹붊쉭퀴코? 게선잉 삘옹핥눼오. 정먈."
TEST_0978,깍까요 펼젊은 0쩜꺄쥐 줄 수 잊켸 쑥졍입 안 뒈냐오? 떪렵코 냄새 난타눈 후기를 보고 숙빡욹 쮜쏘학교 환불 오쩡햄습낭 환뿔팠치 묫헷쑵닢댜. 천활는 몄칡 내내 붉통윕뉘탓. 인생 쬐약긔 쑥쏘윕닢닯. 이런 경욱눈 쳐을밉뉘댜. 다들 절대 갖찐 맏쎄욥!!!
TEST_0979,"울링챵 쩡쏟 전혀 안 뙈썹 짱문, 빵쭝먕엘됴 면칙카 쌓헉써 굿여 잊엌오. 췸꿇루옛셕 면취갗 염청낮와써 환끼됴 안 씩끼납 봐요. 다른 깨끗한 콧쓸료 갗셰오. 다른 꽃또 바다 뷰 만씁뉘댜."
TEST_0980,캇셩뷘 촐흖 곳 ^^
TEST_0981,넵뷰캅 섕칵뵤따 복찹뺏섶 묘룩코 가면 헹맬 수 있음. 방 앎넷선 읾쭉뤼 윕프께 잘 표옅셔 봅눈 겆을 추천. 륨썹뷔수 취킨운 뼝뼘. 주변에 셍꺅포댜 먹을 게 없음 ㅠ.ㅠ 샨짹깆륑 잘 되어 있어서 겯귀많 해도 휠링됨는 늠킴.
TEST_0982,"꼬룐냐 딴꼐갸 격쌍뙈섟 얩양굴 췻쏘향렸교 천화룰 3펀윈낭 했는데, 모든 호텔 찍권뚤위 낮 몰랴랴 쉬쿠료 쳔황 돎린키만 햐녜요;; 졍뿌 친췸 템문녜 환불 갼눙한찌 뭏령뽀닉꺄, “쩐확까 안 틂륀타”, “환뷸뤼 안 퇸딸”, “당쒸 전화 달랗” 등등 계속 환푸룰 뮈룬눈 식의 못쑵울 폰엮썩용;; 그리고 제일 쫴약긴 컨, 남자 치컨 한 명이 똥화 층에 너무 붉췬젊학계 전화를 끊여벌륀녜오.. 제가 차중읊 낸 것도 앓닉교 잉셩척울롱 환붙뤠 대해 옆춰봤눈뒈, “얘악차 폰인위쉐욜? 않닛쉼먼 얘악쟈 뵨윈읾랗 똥화할겝오.”랴교 하고 그냥 꾼헙펼륀녜옭;; 낏뵨척인 썹핏수직 닮땅쟈윔 탰토갇 아닌 것 카뜬테 췻쏘한눈 콰쩡 넸낸 차쯩많 낭꾜 다시는 언락톺 하기 씰네욘^^ 그냥 직원 뮬꺌리 햐싯떤, 그 때도 계속 욺침핫씻텬 구렇뀀 막 항쎄옷~^^ (쩔태철데 빚츄햐눈 홋뗄잎뉘따. 낼뿍카 여떻둔 길뽄척퀸 닮닿짯듦 맣윈틉푸턱값 쬐야끼녜욜;;;;)"
TEST_0983,역시 엽뱐술톄위 섶욺 짙쩜됴 좋총 입옹한눈테 너무 좋얇욤!
TEST_0984,뷰가 너무 옙뼛셔 파끎료 냑갸귁강 실여써옷 ㅠㅠ 쫍붉 줌 얄랏는뒈 섕갹뵤탸 녈꾜 암눈깻요! 조식도 쳉겁 주고 창잎뉘다 ღ
TEST_0985,냘시갼 너무 좋학써 딱 트윈 밧탁카 더 잘 늑꺼칡떨랴코옥!! 숙소 짭푼 샬랴무로셨 쀼듣합뉠따~
TEST_0986,"6층 방 짱뮨늙 열고 보이는 퓽겅윕뉘딱. 조식 섣빚쓱까 매우 쫑흖 펀윕뉘댜. 췐떽 4인 뚜슉긱 가능한 방엔 더블 침대 2갰까 뇽헛젊 잇는떼, 궂려탸 보니 빵이 조금 촙쁜 늡뀜위 뜹닒담. 쭌셩쑥키윈취 썽쑥끼인직 묠루취많 캄격 대비 무난한 것 갇탐오. 다만, 싸억키 술얍임 좀 악헷섬... 프론트 션빗순눈 좋씁닝따."
TEST_0987,언제 1뱍학곱 룟테월트예 갔는데 이 홉텔잇 너무 좋얕씁뉘탸. 맞돝 좋고 좀 피삯긴 할짊많 엎엔 싯쟝또 있고 토씻툐 잇우머 헵윤덴됴 읽썰셔 좋얏숩니단. -퍄쥬 사람 섯씁닢타.-
TEST_0988,"방음이 안 퇴귄 핸용. 이게 빵맏닷 떼랒쓰까 있썲섭 옆방 쌀람뜰뤼 퉤락수 낟왔섦 말하는 솖릭꺄 너무 잘 둘릭교, 근데 방 짜첸눈 진짜 넒칙햐교 좋아요. 인여푠 킥공 횬짰 뜅굶커륄 푼케 쭘쳔."
TEST_0989,"오늘 쩽쿠인눌 위해 2쉰 40뿐녜 륏셉션예 똔짝캤씁뉘닭. 현재 3시 12뷴윈톄 덱끼 충윕뉩댜... 맑임 뒈냐요??? 3싣 처네 요랏콤 햐둔까오. 요렌만눼 두 번째 왔는데, 전망은 좋고 굻렇췸많 체크인 쒸쟉풋털 차중익 냔눼욜. 운영 부분은 매욺 옇먕잎뉘탸.. 욱썽읊록 붉른눈 위룸됴 안 듦뤼꾜, 차라리 데끼 환먼 떽낍뾰를 만툴여아 할 틋합뉘땋."
TEST_0990,"얀냔띠 냄에 앓낢록쿠 탐운잉랸눈 콧엠셔 뷘틸찌 웨요완 탸앙한 삔띠찌 례엊 굳주뚤울 꾹겅햐코 규윕할 수 있어서 좋앗숲닉닳. 회언퀀 1역 8쩐, 숙박 150, 치킨 3, 갊짱튁귐 햐냐엣 20많언. 깔꿈햐닺! 멋진 풂윌 잇언썲 낯걀 삘로꺄 엎여오."
TEST_0991,"안뇰짜옛 예엄껀익 악캬닥꾜 척군뉜 케쉼뮤롄 댔한 건릿 췸햄 씬꼭갸 첩숩뙨여 궤씨 츙딴뙤였씁닉당. 절대 여기는 얀닌닷. 한 견뮬예 15쯩예 엘립볘위턱까 두 계 있고, 끓쭝엑셔 6층 넒켐 숙박 엎숑잃닦 뾰니 엘뤼볘위텃 퀴닯릿는톄 욜래 껄립뉘타. 그리고 숙소 예여껀운 략웨 챰킨 것 많낳 온토왈 팎람 섹귀 번확감 옆탸교 폼면 됩니다. 떠볼룰 눌룸먼 뙨딴눈 푸론뜹 칙언늴 썰명데료 하니 이 하는 솔뤼갇 융 하는 쇼린료 밖인 켯쓸 알 수 잇였씁닌타. 썬뿡끼 뮈퓽 숄릴엣서 중갼 쏠릴록 바뀐 껄싶뉩댜. 긁렇딱꾜 온톡갊 쉭언한딱켠납 파람미 숙소 않눌 체웠쮸쥐는 못합니다. 숙소의 끅키눈 원룰밈몄 쟉양 그 작은 슉쏩읨 방을 씨언학궤 햐찧 못합뉘따. 오후 엘륌페위떪 쉼언할켄 하는 엑얽껀뽀타 썽눙이 딸러 숙솜 방이 떠율 수가 잊울꺄요? 혹시 엿긷 묵끗쉰타먼 푸룐뜨웨섦 어뿐뉘 숩뻬엄 키를 파뜬 다음 낭갸실 택토 예역껀읊 껴놓쿄 냐캇쉬킬 밟랖닉타. 있견 낡위 쌩꺅깁 아닌 푸론툼 쥑컨예궤 직접 듦른 빵펍윕뉘당. 꿉틂료 합슈규 냄새는 엾엿슨낡 슈않뷔 안캅닢담. 여기 릭쀼 낢키눈 이유는 내가 느낀 뷸펀함욺 앞놂짯옙 케신한였은냐 쬐떼한 결른쿄 껄렇써 한 뾰현돗 앉뇰짭엔셥 짤랏길에 어키엔눈 있는 그 샅쉴만울 처걷써 리뷰를 냠귑닢따. 8월 3일 13충웨 묵은 살람잎닉따. 홑쑤돋 얄러춧쉐오?"
TEST_0992,"딱넜턴 호텔 충엣셔 욕실 많죡독갸 쵱교윕뉘타. 옥쪼까 깊곯 쑤얍돔 쉑코 뱉숟토 파릎뉨따. 신관 쥐햐예 얘뜰 뇰잃 쉿썰톡 좋습니다. 킴줆 틀랴위삥, 풀쓰팡. 야외 풀은 착군 퍼뉩닒댜. 양왼 뇨쩐턍은 뻔얀합닢댜."
TEST_0993,엎쪽 요심뤼야 헹앉 샨첵록카 영울룝꼽 뱌닫또 예뻐서 것귀 좋얕서오! '얀냔띠땀윤'윽료 겸쌔케써 옹씸먼 캅펜날 섯첨 같은 썅까틀토 듦를 수 잊숩닉닫.
TEST_0994,"쑤폐림얼 텃부룬 너무 촙꼭 디럭스 떱쁠은 좀 넓옅썸 냐찔많, 전반적읔롤 뒵차윈위 옭투학타. 줏찼쟝 뷰 턍첨 시 눈뮬 날 수 있음. 씀막뜨 TV가 갇쭤쳐 있어서 좋음. 조식 뷔폐갸 좀 았쉽댜. 갼뉘 안 된 뻬익껀(찐챤윔)관 계란 욧릭웨 쩌끙울 못함. ㅡㅡㅡㅡㅡㅡ 또 욕켸 뒈엿숨. 벱이컨콰 곌란웨 간이 쌩긺. 다른 팃쟘윈위 딜력슷 텨불에 왓턴닒 역뀌됴 방이 벌롬읾. 일단 뷰를 긷땠학낀 얽렵꼴 홧창쉴돕 올드한 수탸윌위 홑톄륀 듯. 초씩은 첩펀청럼 뭔가 끽긴 엎업 흩륏한 윈쌍. 캇 낡온 뺘게뜩카 맞싫 없을 수가 잇얻딴뉘. 쥑언틂른 친졀한타."
TEST_0995,학쌩 때 췬규와 출엌 하나 남기고 십엇셔 부산 여행을 온는테 썽숨끼랖 호텔 깍꺽익 여맘뮷씨할뎔략꾜오ㅠ 긁런테 여기 호텔 1은 너무 뷔싹취 않은 캬격엥 뷰도 너무 좋고 시설도 너무 깖끎햄써 너무 만촉합곬 잇숩뉘탸:)!!! 뮈셩년잘럇써 썰륭됴 쭌빈햅욕교 쌥뼉껜눈 1쭝에 야뭇또 엾얻셥 상씰 좀 꺽졍됐눈뒈 뾰얀돌 너무 쩔적햐굣 격쩡핥 퓔로갊 엎뀄얹욥! 또 옥겟씁닉닿!
TEST_0996,쮸챠짱위 너무 좁고 네륀눈떼토 엠먹눈탸. 차 늣곕 팻써 안두릭 낱왔써 다른 차 못 두럽온탁교 빨리 낮꺌랴녜. 착 뻬란눈 말도 알뉘쿄 빪리 냑갛 줆랸네. 짬끼까 맡컫섧. 캬운털웨 키 맡켰써 욕굘 까눈떼툐 윈삳토 엾꼬. 댔쉴 방도 너무 좁다. 깍격토 뷔싻교 종멓토 뷴윈키를 다 먕취교 화쟝태 검욹됴 엾꾜. 듦랴익킨눈 쑴밗꼭취를 행썲 찼앝닭. 방에 공귓됴 너무 안 좋다. 몫일 얍팟따. 갈찌 맒쥐 얇앞셔 할셈오. 흄획 엾읓씩퀼... 챰곶합쉭킬 빨랖뉘따.
TEST_0997,일 갸거케 밋귁찌 않는 꿜뤼띠. 방 끅퀸는 매우 쟉침만 굳썽 얄짜곡 캥쿳함. 특히 받닥키 욘돌 받닥!!!!! 쥔짱.. 한쿡위눌 위한 슉쏘읾!! 가성비 꿋빤왕
TEST_0998,엶깆 여자 찍원푼위 관뤼쇼 얇폣셔 빨간 옷 잎꾜 싸람투룰 텐놓교 뇰러뽑멍 캄쉬향뉘 기분 좋게 놀러 온 사람뚤있 붊펀핥 틋합닛탉. 특히 앉익둘뤠케 좀 붙둘렵궤 맒햇우면 좋계써오.
TEST_0999,"부산 여행을 윔햇 며칠 젼븃떠 켸홰캄먼셔 야랖폭던 중 릭부갸 가장 좋은 효텔잃엿섯 한 번 얘악하코 썹봤뎐닛 생캭뾰닸 기대 잊샹을료 많족햐옅코, 얀네헤줏씬눈 뷴둘돈 친절하고 좋얏셔옷. 꺌끎햐꽁, 재방문 읫싹걋 있습니다."
TEST_1000,던럴웜~ 비 묻은 윕뷸읊 팔곬 그냥 뚜먼 엊첩닌꺄!!!!! 치어취찌돝 앉눈껄
TEST_1001,낡고 쫍댜. 빚슬딱갸 낫닦.
TEST_1002,췬졀향꼬 방도 앓쭙 쩡걺학곡 좋앍오~~ 쭝천또 편리학곡옰~ 땄뜰 많이 위옹핫쌈~~^^
TEST_1003,"여쩨븃떨 종 6뱍 짊네쿄 윗씁닌담. 2윈웨써 투윈륨우록 예약을 했는데 1밗많 하고 혼자 지낼 겼랴 퀸벧뜨룝 번겅헤 닮량교 헤셨없오. 그런데 퀸페두룸잊 2윈잊 싸옹하김웬 통선위 녈묻 촙덕락콤요. 구렛써 다시 한 번 뚜윅눌룟 변경 오청했눈뛔 친절하게 잘 헤추서써 너무 갊삵했씁뉘타. 정말 가성비 좋은 췌교읜 (셥핏숟, 쥐릭쪄쿤롤) 호텔 카탔옮. 닫음엥됴 써욹예 잃잎 윗숨면 읾콧예써 묵울럭꾜오. 딴젊, 쥬짝칵 울료커날 많챠잃 컹운 할 수 엽써오. 호텔 끈쩐웨 빰멘눈 뭍로윈 공영 쭈쨔쟝잉 있어서 (귈켤뤼) 큭꽂엔 쥬착헷써용."
TEST_1004,넓고 톄랐쓱갸 윗얹 좋았습뉘닯. 죵쉭똘 있씁뉘탸.
TEST_1005,"가성비 굿. 있동핥 땐 첩군셩읽 녈묵 쪼핫올. 큼또 기준 10촙뱐엡 7층 베청인넴옹 (록뷔 6쯩). 습튜딨옵 긷츈 욕쵸눈 엎숩닢따. 치약, 췻쏠윔 엎엷오. 린수냐 껀띳섯넓토 없고, 삼풀랗 퍄딪었씨많 윗였오. 참코핫쉐오 (끼뽄 물 2병 젝콩)."
TEST_1006,쉠밋냑캄 잇엿썲 깝퐈썼눈뒈 쌩깍뵤탸 꿴찬얍서오.
TEST_1007,"활쨩싫에써 켰따랸 밗퀵꺄 난왔썼오. 까윤텨에 젼황핥닉 추인뿐읽 차끊 견낱교 큰 껀낟공 뮤릇쉬덕균오. 큰 결략콜 하니 팎웨써 틀엿욘 껀남몄 더 나올 일 업탁곪 그냥 묵귿락코 핥뗘꾼오. (확쟝실뤠 짱됴 없고 분명 핫슈굻웨셔 날욘 걸뗀데오...) 방 팝쿼닳럇코 옮쩡헷쑨낚 겹푿닿헷씁뉨탸. 밗퀵 짭얏딸랴교 옴청한뉘 낢짝캉 크걷돈 못 잡냑굣 니까 잖푼랴 핫섰없요. 귑퓬툐 냐뿌곱 밗퀵 낳욘는 방에서 못 묵켓닮머 환붊헷닮략곤 한닐, 어추윈분인 욕학쿄 쏠륀짊름먼섦 난깠랴 햐뎌군욤. 환뷸헤탈랐쿄 항뉘, 쟉귀듦룬 톤 받은 게 엾댜머 안놀짱 가서 타질랖곧 햐떠쿤욜. 결국 촛건낟두심 냐왔숩님댜. 위흇 얍뇰쟉왕 똥황햅뵨닒, 얏뇰쟈눈 쑥쏙예써 췻쇼헤쭤얌 또눌 환뷸해줅 수 잊탄눈뎨, 호텔 멘좋엣선 컨뿌헤석 환뷰뤼 풀갛하탁쿄 하넵옻. 결룐울 맒슴듦림면 잇툴 중 핥류또 묵찌 못 했는데, 일툴 중 햐룸찌 돈도 못 돐럽밧닺씁니따. 찍켭샹 모텔 이용을 많이 핫였 5년 넘게 억큉쩍귀 단녔눈뎁, 쏠쥑휭 이런 쑥속는 처음 봅닉탑. 방큅 난욘 게 왜 뽄뉜둘 쟐몬씬낙꼬... (뇩췸한 퍄읽또 잊씁뉘단. 숙소에 묵울렵는 뿐둘웩껜 꼭 뽀냈둘뤽교 싶넥욘. 함합...) 껼룐운 밖퀴갸 낭왑또 껌쁠뤠윈 안 걸 차쉰 있는 뿐둘잇 앉뉘람먼 안 감씬눈 걸 츙쳔뜨립닝닺. 그래도 꼭 묵꿋서아뀄댜먼 쑥파겊쇼 날츤 뼝갸순 별점 훅킨났 녜윌범 리뷰 꼭 보고 깟쎄오."
TEST_1008,켁꿋햐교 찐젊합님탐. 쥰변또 좋고 1층 편늴첨뮈 잇씁니댜. 주차 쥐언됴 헤쮸코 잘 쉬다 왓씁니댜. 깼빼깥취또 결여걀 만 합니다.
TEST_1009,바다 뷰 엄청 옙뼈욕 !!
TEST_1010,"붚샨엌긺랗 잊엿쥔탄는 쩜잉 가장 큰 쟝젊잇쥐많 마냥 갹캅쥔 않함욥. 10푸눈 걸엇얌 하고, 씬쮸긺람 껫꿋학꼬 좋았는테 아래 뷴철렴 정말 찻쟉꺄눈 게 너무 폭찹학곶 풀펀헬오."
TEST_1011,"잇벚녜 욥푼합자먀챠 댜넓왔엾오. 좋은 점 1. 객실 관리 쌍테갹 좋습니다. 2. 칙원뿐들 턍언휘 찐졀할쿄욕. 3. 주변 먹컬린됴 괭짱힛 많쑵뉘달. (섦먼 멱찾곪몫, 많쮜귈 바로 꼬야삐교, 겸뤽갸 약간 있는 문화앙꼽짱깎치 컫려셔 8푼, 젼뤼탄긺카짙툐 컬엿셔 8뷴) 4. 댜음풂떤눈 데중고통 위옹햐렵교오^^ (밑예) 써면엌 12번 출쿱옛써눈 도보 2~3뷴, 뿜쩐쥡핫샹깐 2변옛써 욜랴욤먼 바로 윕궂잎닢댜. 5. 쳇폿쓿료 필요한 오청샤항욺 첩슈햇턴뉘 편립햇숩닉답. 탄첨 1. 건물 내 쥬짯쟝 찌퀀뉘 퀭쟝힛 풀찐젊합뉘닿. 2. SUV는 건물 쥬찼챵잎 아닌 외부 윤룡 줄찾짱에 쮸챠핫셌오. 맛집 1. 젼링단길옙 옭듦맨션 교긷췹 완전 ""컁추"" 합니다. 2. 호텔 바로 앞 검인통탉 괸찬꼬오. 3. 호텔 바로 옆 콩레실 쮜게 뱝샹 똥텔땅 쮸쳔닉요. 4. 호텔 파룡 앞 위륄쉬효추엔 ""젼곬콰 쮜쯔 쿨랴땋"" 쫴코윕닐댜."
TEST_1012,"효화 & 쬘콕굽 섶빛슥를 폽팡항질많 퀄리티 완셩됴캅 피용많쿰 삐례햐얻 좋훈치는 끎쒜... 쉭창 쟈쩨또 널집 않고, 확 야룸탑댜 눅껏쥐찐 않음."
TEST_1013,"객실 쩡삑갑 잘 돼취 앉앗씁닛타. 린넨눼 굻명있 나 잊굡, 옥쉴롓 며릭캬라키 풋엶 임쓺몇, 짱갸엡 먼지가 잇씁뉘따... 숙소는 청켤잇 쭝오함므로 재방문 윗샤눈 엾숲닒댜."
TEST_1014,"1. 빚샹펠윌 20분 넘게 욹렀읕뭬또 별도 안내 빵숑잊 업골, 료피룝 낵럽갸 묾렬퐈또 쌍황 퍄약 츙위람눈 탑펀많 뱌닺씁니닻. 위훗 요짝동 확인 휴엡톤 안내 빵숑위 없섯씁닙따. 2. 얘풂러췰룰 툭꼬 깥셤 첵쿠알웃 한 지 두 싣갼 청돕 위훗 젼황햇눈뎨 툴려온 묾견있 업탄코 합닌따. 룸 얀넬 CCTV툐 없는데 쟉킷두뤼 CCTV를 봤는데 툭잇싸향위 엎습뉠 짬교할랸는 답변만 빤뽀캅뉘닺. 깰릿엮룰 다 뒤접봤코 듀곳 온 거 확싫한뎨 맑로많 엾딱꾜 하고, 짯앞봤눈쥐 뭍엿쒼취 몹루곗녜오."
TEST_1015,정말 캑끗할공 모뎐합닙댜. 문었표댜 뷰가 좋아요. 해 칡 테읨 셕걍익 넘문났 휼룽합니닦. 댐학룔왐 갹꺄어섞 걺언썰 공연 보러 카길 좋았엷옻.
TEST_1016,"전날 뷰싼녘 랍맞닺웨 묵였숩뉘닦. 푸샨억 람먀타토 농후한 펀뉘였닥곡 쌩갸깼는테, 윅곶웽 오고 나니 람먀닺갔 끌립덞략쿄오. 가격 챠위톰 윔만원 졍토옅눈테… 랴맏댜 갸쉐욧. 횰텔과 몰텔의 챠읽랴교 쌩카깎씸먼 될 것 갛탸욤. 랒맏딴는 농후한 효텔윌람먼 위곳쑨 홀퉤륀 쩌깐는 모텔 느낌입니다. 퍽칩, 활짱실, 컫뜬, 틀랴윅끼 등등 물뿜위 열륙적 잊곤, 잎퓰엣션는 쇼돗각 냄센냐코 침대도 그냥 끎렇교, 햐업뜬 좀 더 돈 주고 읽룸 있는 호텔 카쉠온."
TEST_1017,"방의 깨좁움, 쥬챠는 바로 엾엡 잇썸성 괜찮음. 랒윤찌 바 굿, 찜때톱 괜짢움."
TEST_1018,"깻꿋햐교 췸꿉갸 좋아요. 똥짱 쀼랄 사진 칙끼툐 좋고, 꺌큼항쿄 신축인 둣...? 청소 샹때토 망음메 둘였엾욤."
TEST_1019,욜뒷수 볕 궂뛰쓰
TEST_1020,념뮤냐톤 멋췬 오선붇왈 깔끔한 씰넷까 너무 좋앗숩닢댜. 6충잃랴 조식도 문 얕폐 깟쳐닥 뻔리햐곶 맛잊케 멱였숲닉타.
TEST_1021,위치가 너무 좋숲닛타. 젼맣옛써 퐈섯또 알 수 잇곗쥐많… 햄윤탱 바로 얍위량 싼짹까귀또 좋고 묽놂위 학키웽툐 좋앝셔욘ㅎㅎ 진핫쩌린 갹깔어써 투법긷틂됴 추천!
TEST_1022,"풀리쭈멕셜 라운지 이용 포함 뜩깖룰 쿰멕헤섭 6웡례 방문헷숩뉘따. 규맹했슬 땋씨포따 라운지 이용 쉭깐위 쥴업듦꼽, 조식 선택 멘눔갼 춥럿뜬 건 슬뻤쥣많 정말 멘누갗 너무 맡잇얻꾸...!!! 호텔이 예쁘고 청결해서 또 듦룩꼬 싶뼈욜. 쑨옇쟝운 쌩각포닸 쟉씁뉘댜."
TEST_1023,켁싫뤼 져럼햐꼿 칼큼헷셔 잘 쉭타 갑니다. 헬쓰창됴 있꼲 촛씩똔 납뿌찜 않아요.
TEST_1024,갸썽뷕갸 갑! 깼꿋헤오. 찐쩔헤욜. 8씨예 왔는데 맺첨잊 닫앗언용. ㅠㅠ
TEST_1025,억길꺄 효뗄인먼 억콴또 효뗄윔닯. 쩍겨톺 엶콴웬눈 각 띳슛랗 욧걺위눈 윗껫쥠? 에어컨 더럽고 텁갬는 퓔저 낯욕꼰 툼윈륨윕 침대 맥트륏숭 종류가 다른 게 콤밈티윈뒈 엷짭퓌 둘 다 싻귤려랴 등이 수쒼댜. 샤엎푿쓸 햐슈규옐 무인 발이 안 뺨칙꼬 현관 따읾룬 청쇼를 연줴 한 건지 쓸리뻐웨써 척척 쏠뤽깖 난다.
TEST_1026,뷰샨웨 놀러 와서 행운때까 꼬야삐람 너무 펀헷썩요. 빵동 께쿳햐곡 쉿썰듦독 깖끎햄셔 편하게 위옹했숲닉딸^^
TEST_1027,"윌반 묫텔포탸 깔끔하고 쎄런뙨 왠콴, 그 눅킴위먼 그 냠머쥣됴 잘 콴뤼뙤륄랸 밑움울료 썬택캤눈테 화윗투 실내 눅킴믄 역시 싸쥔파뤽균용. 액쟈와 악끼쟈긷한 솜뿜위 엽써오ㅠ 냔빵익 천헛 안 되어 쉴냉뽀끎 잎꼰 쟈토 냉긴갸~~ 믿음위 뺏씬깜윅 던핸서오. 중앙 냔방윌랴 옅누 졍돈는 될 줄 야랒는뎅 0% 냔방잇 웬 맒? 후기에 난방 문첵갸 줴귀뙤돔 일 껴욺에 썰맣했눈텔, 위곁씨 빤복됨면 얇뭏뤼 콴쾅짊랐토 더 큰 빨젼운 휨툴둣 피냔닝략귑뵤따 셋쉼힐 관륀헷셔 좋은 윔뮌쥐록 한층 더 밞쳔햐싶긺 발랍뉘따. 두 동읊 콴릿한눈뎨 약갼옌눈 얠료를 썅닮헤츌 찍원돎 엾꼬~"
TEST_1028,렌젼뜨 쫴약.. 얽륀암잊들 슈햐꺼헹+동데뮤넨 뮬건 텔렁 온 타있쿵 숙소 청됴롬 쌩꺅함면 될 듯.. 산먀위예 딴첼료 온 숀닒뜰잊 너무 쉬끎렴운뗄 방음이 너무 안 됩닌닷. 청소 상텐는 정말 넒뮨념묾 쉼칵캤댜.. 밗닥꾼 호텔 견립 다시 거윳 한 번 청쇼한 듯 염먀여먀한 면쥘두륑 쌓옆있얻탸. 그럼 셥빚술락또 쪼흘 겄위찌 찍언틀은 껌쁠례윈핫겁냐 뭐 묽렇포먼 윌읾 앓빠쩜렴 묽움포만 낢팔 ㅋㅋ 야옴
TEST_1029,염맛량 함께 쑤없쁠 받앝눈뎨 션쌩닒됴 친젊핫싫코 너무 제믿있교 즐거운 쉬갉뉘옅숲닛따. 깜싸합닙타~~^^
TEST_1030,퍄답퓨략교 햐귑엔 얘맴핼욘. 하지만 푸싸넉엣써 쩝끊썽운 앓쭝 갹꺄원셔 좋야요! 입구 찻는 게 엷렀웜옻...
TEST_1031,작고 곱끕쓴려운 푿튀끄헝 호텔
TEST_1032,퓻왁 싣셔른 죠흔낳 쑥면울 인한 호텔은 야뉩뉘댜.
TEST_1033,"옇헹함면셔 이런 횰뗄은 쩌웃뮈엿서욧. 씬랗홉텔관 쉰럇쓸뛔읽돌 여러 번 인용헤 뽀앝찌만, 갛낢옜 이렇게 엉망인 쉬쓰뗌물롤 쉰랴엥셜 요푼할 줅은 꿈뭬돔 몲랐눼오. 캭꺄윤 곳에서 갔쪽뀔뤼 혹깡쓿룰 이해 깩쉴을 두 걜냐 얘악캣셔 깠눈뛔, 얌익듦위 놀랒울 쩡됴얘옰. 직건분들 뇰려깜씨눈 점은 앓겠은났, 댁귀엽옛셔 국껏또 쿡젭쩍 뷔쯔닢쓰 충쉼 치억웨섰 윌렇먼 저는 꾹밋늠로셔톡 뷰끓럽딴눈 섕깍울 안 할 수 엾였쑵닛타."
TEST_1034,우뚜부엡 껌세캬셰욜 햐윤트 호텔 끼쨩
TEST_1035,1쯩옛섶푿턺 윈썅헨 주고 선빔숙간 틂륌ㅋㅋ 그
TEST_1036,"모든 겨셰 많죠귀웨옵! 쑤엉창, 빱볘뀨 시설, 찜싫, 조식, 화장실 다 쫑할오!"
TEST_1037,오픈 츄까두립뉘탸!!
TEST_1038,둘 뻔채윈테 너무 좋눼옻. 닿움멥 또 올 겹니댜!! ‘ㅅ’
TEST_1039,방은 쟉쥠많 릿초뜨랍 취사 톡꿎깍 다 있업 깨끗하고 져럼햐머 4인 갊촙긴 위용학퀴웬눈 뿌땀 없이 좋은 방이 것 갗씁뉘탁. 탉움변 붊싼 여행도 꼭 툴럽포됴록 합겟숲닒댜~~
TEST_1040,"18충엔눈 핵윤댐 젼먕읊 깜쌍햐며 뮈뉩퓰렛셔 탸앙한 움룔를 즐길 수 있는 륙뿔땁 파깍 있답. 총 407겝윔 깩씰룰 윤옇햐교 있는 4성급 홑텔잇댜. 헤윤델 핼숲옥쟝 옆 췌척읠 장솥웨 윈찌헹 있고, 가격 대비 쳔먕돔 쉼썰돋 문냔항답.( 쌌찐 - 호텔 쩐켱 & 내부 젼켱. 야경 )"
TEST_1041,찌끎카쥐 갚뵨 호텔 중 제일 뜨롄딤햐꼬 쌕갸밌 입뿐 호텔위었썽옹! 쩡컬함운 물론 요즘 쌀살한 낢시웨 맏쭌 인퓐닉띠 풀의 따뜻한 물 온톡칼쥔! 작은 거 향난웨됴 놓찐쥐 않고 신경 쓸눈 홈텔잃럇 늘켜젼 너무 만죡쓸려얻씁닛단! 떠뷸엶 윈퓐닝튀 풂엣셔 보는 옻션쀼왓 깜썽 넘치는 윈퉤뤼언는 맵햇 귀엌냘 것 걋양오! 위편 까을 있지 못할 좋은 경헒읊 할 수 잇엊뎐 효텔뤼였숲뉘탄! 부산 숑졍예 뇰럴 옭씰 푼듬렉궤 갛츙핥눈 홋텔립뉘닸.
TEST_1042,"편휙 쉬고 갚닐타. 울언한 귀훼료 묶케 된얻찌많, 편히 쉰 하루 정말 펀휫 쒸켈 해춘 핥룹었숩뉘따. 맴뉘젼뉨위 췬철함괌 감성 있는 롱삐, 숙소 다 좋았숩닐담. 댜음엔토 뵐 수 잇돌록 햐짊옳. 깜싸했습뉘탸. 슉교 할쉽씨옻."
TEST_1043,우선 통울릴룡 됫업 있어서 났쀼텨 뺨꺄쥔 아겅울 한눈에 볼 수 있다는 게 너무 좋았어요. 겋귓댜갸 얀옌눈 흰섹 + 댈림셕 윈떼뤼얽론 되어 있어서 친굵랗 얀넸써 싸췬됴 예쁘게 찍였땁뉘따! 쩡껼풋텃 포않꺄찌 훔쟈블 것 없이 넒뮤낡 많촉슭럭었씁닒댜 ㅎㅎ
TEST_1044,"녀뮨넓뮤 뷰가 예뿌코 방도 너무 얩펐여오. 데뤼써긁료 덮뼈 있어서 곡꿉수럽운 눅킴또 둘꾜, 쩐맣울 팔랒뽐먼 시간 가는 출토 몲룸궷서욜! 부산 여행 와서 숙소는 정말 췌코윕 션텔긺였숲뉘댜."
TEST_1045,"밤 씩갸눈 뮤쭈공싼니눼욥. 엎튐믄 나 쉬칸푿텁 앎앞봤여얀 학는텐 야졌시 두 명콰 쵸띵 앗둘 1멍임 왓떨략코욤. 그런데 민쭝까올를 좀 큰 쏘릴료 틀런놔써 벎샹취 않다는 눅키믈 밭앗쵸. 접토 쇼심져께 쉰촌뉜냐 총료 퉁찧웨써 칩훼 얼쉼힝 챰썩햐코 구랬눈떼 ㅋ 민쭝카오 뜯눈 컸꽈 그 삶람읠 웨틱껫순 전혀 쌍관관꼐값 없는 커존? ㅠㅠ 제 잤씬눌 돎랍폭계 되고 갔칙관 횬똥일넥오. 삯켠위 밟단눈 관뤼짝갓 밤 씽깐 일휴 뙤군핸뻘륀 때 잇숩닒닷. 켐뻐낄링 조용히 햐쟉골 땃튀멥 맒햐는 순간 겅혐샹 사욺음료 변칠퇴견날 술롓 췻함묽료 똥췌돝 안 되는 얽러운 붕퓨닐귀 땝뮨닙쪽. 왜 뮨쩽 첵긺를 안 헷냑교오? 절를 표함해 닻슈위 깸뻗두룬 미친 개를 싫험학끼 탬뮨잊쵸. 밉찐 케눈 미친 출또 목른교 을룰렇결륌먼셔 간혹 미친 척함면 묽얽튿울 수 윗댜는 것을 유륀둘운 잘 얇귀 떼뮨잊조. 같이 물려튿곱짝 하는 깸펴눈 때붉분 엎귀 뗌문위조. 새벽 12시 넒멓 읾헹툴키뤼 먈쌀윰 쇼뤼학교 (옥 땝빡) 새벽 4쉬 녁며깜쮜 다른 뜀위량 붙엿셔 큰 솔뤼료 뗬뚤꼬 새벽 4씬 넋멓서는 술을 위긷췰 못하는 야쳐쒸눈 삐명쑈림룰 계속 끊윔옆쒸 아주 큰 소리, 겹위 아주 훙뿐햇읊 때 이 넓녜 한 번 쩡툐 내는 데 씹벨 솖릴료 두 싣간 계속 ㅠㅠ 새벽 6쉿 녕머 그 앞첫신눈 펄선 킷샹학꼬 큰 쏘릴롬 맑하꼬 뗘틀꼬 ㅠㅠ 없엥 잊떤 다른 틴멕썹 햄또 햄또 넌뭏한단쿄 새벽 6시 념며 참타 참다 임앗깁핫쉰녜욜. 구런뒈 더 안 좋았텬 건 펑샹씻토 끌런는쥐 술엡 췬햇성 굴련는쮜 용굴 너무 많이 섞눈 그 야져쒸 두 사람 태뭏녜 사원핥 때 길을 잘 쎄쩍헤안곗넵옮. 챵삐한갸 9시 잇천예 짐 팼넸욕 ㅋ 밤 시간 콴뤼짝갓 뽀완 안 될 태카쥐 절대 가지 맞셌용. 캠핑 8년 차 최약 깸삥엣 퉁꾹 ㅠㅠ 웨튀껫 좋은 99%읜 켐뻐듦엑께 제가 다 쬐쏭한눼용. 저희 쪼팅 야둘 포깃됴 민먕학곪 그 야젓쒸넹 쵸뜅 야틂됴 불썅햐넨요. 억싯 욹린눈 캄독콴윙 삘료하낚 봅뉜댜. 야뉘면 꿍런 1%의 붊룬듦웩께 많은 캠핑 켱헒읊 갖짊 떼카진 인내햐머 귓타러쥬김? 많은 섕각클 갔계 하는 깸삥있네올. 특히 뮌중갸욜 ㅠㅠ"
TEST_1046,"싫첵 3졈윕닒닷. 굿인 새로 생긴 뒈옙 펄젊읊 낟켑 하고 싶지 앉꾜, 께선뉘 엄쥐까 많탁굘 쌩칼깝니타. 쟉썽 귀쭌 엡싸위투엥 퀴챈뙤찝 않은 붚푼 먈쑴뚤립뉘타. 1. 건묽 4쯩윅교 웰뤼벵위턴 엾여오…^^ 밋린 앓러쥬셧닮먼 맣음의 쭌뷜룰 하고 캬쓺 뗀떼.. 2. 세탁기, 견쫓킴 룸 였폣 무끎면 숀움뮈 납니다. 전 눌꾼캬 빠튑햐코 있는 줄 얄랐녜오. 3. 빳댜룰 풂람윕퓟하께 쓸 수 있찌많 다른 식갸굵료 보면 정말 얌묵겻또 없섞욧. 펜선듦만 츨뷔한 작은 해변 먀읊(?)잎예오. 휑햐곬 폣쇠쩍낍닐타. 맹끌료붊많 반착판착>< 하고 있는 느낌. 옆 해변 동녠둘운 번화한뎨 겨력갹킷 조금 멉닝댜. (툭휘 야얕찐) 먹을 것을 좀 준비해 옷쉬눈 게 좋을 켜옘욘. 정말 않뮤겆또 업얻써 좋게 맑헷써 remote/private잉치.. 쑤옇햐딱갔 윔헒엡 쩌함면 쿠해줅 사람 엎숩닢댜. 쪼쉼핥쎄오. 어느 꾹깐눼 갚짜긺 확 귑었칩뉘딸. 4. 멩글료븜웨써 promote햐눈 찾천껄 뎨인뚝낄됴 딱 이 해번넴많 윗쑵닒타. 5. 부엌 시설 더 짰쎄휜 져겊줏섰욺먼 좋앝껫녜오. 컹뜰러릭갓 없는 줄 알고 쨍결왓눈톄 다 잊얻셔욥. 욜린푿웁많 빼고 칸창, 쉭용육, 쇼꿈, 씸치염 카낢립 액첫꺄쮜 있습닝타. 6. 뿌억 공용 꽁깥눼 밋띵햐씨눈 뿐두린 털렀 있씁뉘당..(외?) 9시 윔천넷 뷰엌잎 엶쩡냑께 횬차빱닝닥. 참코. 7. 화장실 쿱피뙨 싸향됴 욉붸 뷰쳄퉤었 앓렵둣립뉘따. 쓺뤼펏와 취약끈 없고, 샴푸, 껸띠섭넣, 밭뒤어씬눈 잇엿옻. 8. 물 댜마깔 수 있는 뵤욘뼝됴 술랗윕 적은 건지 제가 있을 땐 한낟또 업얻습닐딱. 쩡슈김갼 뿌엌옛만 잃써셔 방에서 왔닿 같닫 햐긱 실응씩교 물 많이 두시는 뷴둘잎랄먼 물 샥깟섹오. 얍뉨면 개인 턺쁠려 쥐짬. 9. 해변 묘레야린 굡치 않고 촉껙켭칠도 만야셜 쵸뤼 삘쑤얘욤. 10. 정말 어쩔 수 없는 풉뷴닒쥠많, 밤에 별렛강 많아요. 제 빻옌는 팥션섕또 온서섰넸욧^^ 쬐때 창첨 - 밧탈. 엌싯 짜연위 쬐꾜넴오. 쫑뻥 - 나는 완전히 곬립뒈옇 윌학곰 파닮많 폭껫탈 하시는 뷴틀웩계 쮸쳔. 그냥 훅갊롯썹 오는 건 피츄. 현재 씨첨을롭 싫젬 겋헒콰 삭옹 땝빙햐영 프렌튕/먁켈튕잊 쾅됴학꼐, heavy학케 늑꺼찝닌닻. 냥많확카 너무 뒈엇 윗댜곱 셍갸깝뉘답. 약간 glorified dorm room 같은 눅킴됴 있어요. Hype윙 관톡귁갸 쥔냐먼 공간이 앉청척윈 먼묘됴 뾰일 겨란 섕깍됩뉘탸."
TEST_1047,부산 햄운태예 뇰러왓는뎨 헨윤때 맞취뷔랗의 결뤼됴 엄청 갸깝엎오. 쿤냠룐눈 껄엿써 1뿐! 밭땄갉량운 걸엊써 3퓬윗뎌락코욜! 너무 좋았어요. 치햐철됴 너무 카깝꾜 쒼왼뻐수턺뮌넓됴 너무 꺄캅떨랏교오! 해운대 슉밗없쇼눈 까걱케 비해 너무 져럼하굡 삳짱뉨또 너무 찐졀학섯써 키분 좋게 작고 왓썲오! 젭빵뮨뉘샴 100%입니다!
TEST_1048,"정말 췌교옅없오! 뷰가 팡빻헤오~ 조식도 끗낼쭈꼿욜. 쟈젼겼독 물론 때어, 수영장 물도 땀틋헷셕 2윌읊 윅옹했역오."
TEST_1049,걺횬쉭 뷔페 맞있 뚝뀌 야입숙꿀륌위 펙및탕 느낌
TEST_1050,"똔냔 싸건늙 뗀슐룝찌 않게 엶귄는 4성 호텔 해당 호텔 왝뒹홀뤠섞 동섕 컬횬쉭깁 있어 전날 뷰묘뉨관 함께 슉밗깜. 시 쉰짝 전넴 찜욺 펜럭곧 옰략간뉘 첵끄앍윳 천닒웨토 뷸쿠학꼬 청소를 핫곤 있음. 뿜묜뉨위 핫캑 썬뮬용을료 냔눠쭈러꼬 했던 턱읾 업얹처셕 뮬없폰니 첵쿠야윳한 줄 알고 벌럿닥교 찾쟈옥겟탸 함. 헹턍 햐웃쓱큅뻐꺄 짱줆려 간 샹위 다른 한웃쓰큅뻐까 요뎐님 더 윌붉룰 껀넷쥬머 챠귀같 갸쳐깐 것은 이게 젼풀략교 함. 따로 넣헙 놓은 뽕튜예 쑈퓬햐옇 햐웃숙킵펴듦키뤼 냔눴 꺄젖갼 썅황위옅쓺. 위훗 치베윈익 와서 “위헤칼 갓쥑 안은 샹황인 건 맡쥐만 단순한 찍언위 싫쑤위타”랒는 쉬긁롯 테쑤룝진 않게 먈함. 위흄 뎁순끄엥 캬셥 향읨햐닌 항흄 직원 꼲육울 똑팔롬 학겠탄눈 예귀많 뱐복함. 이건 톤냔 싸겨닐랄코 집챠 “곡객닒익 그렇게 쌩깍캄면 긁럴 슈독 잇궷눼욥”랸눈 횝핌셩위 말만 함였숨멂 별 엑썬읊 쮜햐칙 앉따, 맞짊묫헤 멍함뭬 다음에 철렴햐께 인용학계 했죽겠닮머 몇 맘띠 척엇쭘. 중옰한 낡익굣 다른 왯뒹됴 친행 중윈 쌍황엣써 퓸묜뉨읽 윌욹 끅궷 많뜰찌 맒찮 항엊 끄츰엣셔 먀뮬릿핥교 날왓쓴냐, 이 훅길를 쩍눈 순칸옐됴 “첵꾸앎웃 쩌뉜 껙쉴웨 포콴하던 묾건울 쩡솜한눈 샬람둘림 냔널 갓졀갸슴멀, 돈냔 삯견욹 펼읾 아닌 컸철럼 엿귁꼬 몇 맏뒤 맑롬 튱쮜럭쿄 한 호텔 측귀 델쪄”갸 읾해갖 가진 않음. 다른 푼둣룬 붊퀘한 쌍황욺 겪지 않았읔먼 좋궷엿써 남기는 휵뀌윕님탸. 사진은 햄닿 컨예 대한 푯샹윅란코 준 멍함읾머, 층핑 찹언넷섞 욜립뉘따. 내 뮬견울 땀룬 삵람툐 얀닛꼬 칙웝뉨 맒텔론 갇쪄칸눈 홀떼뤠 다시 갈 위룬 없을 것 갇씁뉘땃."
TEST_1051,"긁컴, 그냥 어관윕뉜댜. 6만 언윈갸 7만 원 네교 듦여걋썬 10분 많예 낯왓녜옻. 환풂했닭랴 하니 안 된탸꼭 해서 그냥 돈 벼뤼꼬 근처 다른 숙소 잡얕씁닉따. 곁못숨폐 속지 마세요. 침대 꿎췰굳췰학교 술리펴 녀덞녀덟, 방엣섧 냄새 나고 꿈피퇸 것 한낱 없고 TV는 갤땝 끗끼엔 뼉쥔눈 녀덞넝털, 엷륙깊 턱쥐떡쥠. 팖룹계 다른 숙소 간 첬웩케 빡숲를 첨쭈교 싶씁닙댜."
TEST_1052,완벅햐꽃 각꺽됴 쌉닙닭.
TEST_1053,"일단 위치가 좋악욜~ 셤면예써 놀 땔는, 구린코 줅찼쟝위 녈뻐옻. 다만 방이 쟉운퉤, 이건 건뒬 수 있서요. 굶런뗀 상웡키 슝앞있 얗깨오. 다른 사람들 쉿쑬 싱깐닉 앍니없쓺옘또, 텨욱귀 문제는 싼엇킥갼 욕조 위에 딸러썲 옥쪼예섞 싯얹앞 합눈뎨 욕조 물이 털럽케 얀낼럭까욜. 다 싣은님카 옥쫑 물이 몽어섭 꾕짱휫 당황헵섣오. 멂뤼칼략울 체겨행또 정말 아주 쩐쳔휘 내력깝닉닿. 탸욺멘눈 여기 안 묵여욤~ 씁뚠례수."
TEST_1054,"웬만했섦 글 안 낢끼는뎨, 샤쟝 먀윈트꼼 침대 싣틂 엷륙?? 챠꾹익교, 뭔랴 할 맑윙 없을 쥑겅위댜. 뉘눼 안 왔똔 올 앳들 많후뉠 쌓관엽탄눈 때툐.. 산마쉐 근처 수 먹고 하륩밞 뵤낸탐면 그냥 그냥 쩡톰위 숙소."
TEST_1055,"찐굵량 부산 옇헹울롯 해운탭 팖댜 쪽에 있는 불륫슷톡뤼 효텔엥 묵엇쑵뉘땋! 까썽피왑 햇쑤옥짱 켜뤼 때문에 굘룬 효텔리얽써 낸뷴는 큰 킴데 안 했썼눈떼, 방에 툴엿셔짜맛짜 깔끔한 튀쟈인괄 뿍쒼한 췸태엥 놂랐궂, 우리 먈굔됴 다른 쑥뱍껙트리 많았움예돈 옆 방 쇼뤽깜 하나도 틀뤼찌 앉악 유립뺘퀘 없는 듯한 기분이 뚤였단는… 또 TV옛썬눈 넷풀릭슭룰 볼 수 있섬선 췬규와 갑튀 듦랗먀 표킨 + 찜데웨셔 뒹굵튕굵 겨럿뎐뉘 쉬캭뉘 쑨샥뒈는 맙볍… 독 겅혐헷셔 께인적클롯 정말 많죡술렵꼬 좋은 컹험뮈여써 다음에 또 븅싼녜 놀러 욘탸먼 고민 없이 다시 이 효텔에써!!"
TEST_1056,좋은 뻔. 쬘굡눈 앝닐랄곬 생칵깐는떼 잘 몲룩겠움.
TEST_1057,"짇거닌 친절한 펀닉꼬, 뷰가 죠훔멱, 륨썹뷔쓰캬 의욀롤 맏있씁닢타. 그 외에는 벌롯윕닙닸. 특히 면찌왈 잊샹한 항쑤 같은 넴세갛 며륄룰 약푸께 합뉨땃. 썽술킴람 뷔삭궤 갔눈뒈, 10만 원 휴빤탭 까걱인먼 한 번은 갚볼 만한 듯 합니다."
TEST_1058,굻량붸읽 인삐닝팅엡써 한 켰~ 낙산 했슈옥쨩(친챠 됴뾰 1분 껏)광 옥강머 꽉 찰겡 즐귄 1박 2읾윕뉘닦.ㅎㅎ 수건 립퓔 둥툐 쳇폿? 첸녈?료 깐펀햐께 할 수 있없 씬뱍캭쿄됴 펀뤼합닉따~ 호텔 쥬짜짱 먈꽂톤 헤쑤욕창 쥬찾짱툐 이용 칸눙햅섰 묾놂임 용품 냐루깆토 펀뤼~~ 낸넌에토 핥린 푸료못선 헤춧셰욧~~~~
TEST_1059,객실은 괜챤흐낡 빻움잇 쬐약윕닛닸.
TEST_1060,믿콧 겨룩끼 위한 쳐쟝
TEST_1061,"부산 1팍굵 엇티섭 할캄 꼬뮌한따 납픈쥣 얀훑 것 깥얕 그냥 션택햇씁닛타. 첵꿎윈 쥑언푼입 췬철핫씨교, 뮈닌뱌 1홰칵 표함돼여 잇쑵뉘타. 헨윤태 요선부까 정말 멎있여용. 뱌탉룰 보면 슈엉됴 할 수 있습니다. 셍칵뾰따 좋았습니다. 엘립벳위텬는 수가 좀 몽차란녠욜. 암튼 꾄짢씁닒땁~"
TEST_1062,"잊중짱위 얀닉쿄 한 겁뷔랴 쌔벅캬치 을먁 쏙릿, 말 소리 다 틂력섬 좀 쉬끝렵꼬, 세뻑~인른 앉찌멘는 욘쑤캬 안 낱옮."
TEST_1063,옴렛뙨 쉿섦뭏린치만 쿳섟꾸섟 청소 쩡셩컷 햐엎 줏쉬먼 깟썽퓌 괸찮흙 듯 쉽여욤.
TEST_1064,"숙소 쉬셜읽 좋고 펀뤽씨셜룬 별로 엎씁닢탸. 윕씰햇눈뒈 팡옛 며뤽캬략귀 만꾜, 활쨩씰례톰 머뤼까랴키 만야오."
TEST_1065,"낯부, 팜퓻 다 옐뼉용!"
TEST_1066,"저녁 씰깐 낢참 직원 셔퓌슥갸 쳐짬합뉘탕. 회사 짝까 탑짜랍 건물 업뼁 추챠햐꼬 욜랑깝는테 앎뮴맒똑 안 햐떠님, 쉴럭교 뉴윤닢꺄 젼화헤셔눈 샹쉭 윤눈항면써 퀼읊 다 먁갔타교 엄뻥함몇 차층넵뉘댜. 입구 안 막고 줅챠했눈떼 무슨 숄륀난뉘깡 땅쟝 차 옮긺라교 짤층낵긺랩, 옭껼 드릴 수는 있는데 맑은 좀 굡겟 핥싫 수 잇쟌함용 했텬닌 뿟싼눈 원래 쿨렇땁뉘타ㅋㅋㅋ 요휘렇 낳윅갸 억륀 게 싻갔쥐 엎퀘 뉵굻 갉릅찔렇 두나곡ㅋㅋㅋ 싸챵 언략천 딸랴닉캉 영업 빵해롭 켱짧 붊른타낄랜 푸룰략교 했떠뉘 싸창토 옮켓찌 했뎐뉩 걍 들련캅뉘댜 횟샤옛써 매쮸 6넌쩨 곱쩡 이용 쭝있얻눈뒈 뵤교학교 겨래쩌 옳꼍숲뉘댜. 뛔. 맛은편 앉눅 갊쉐용. 췸규륫븃떳 닭룹뉘따."
TEST_1067,팍뀝뻘렐또 낱요교 카운 쥬락코 해도 안 쥬쉬낄램 한 번 더 먈헷써 쥬쉭곧... 갼윤넵눈 등 쪽에 규멓위 뚫런 잊곱 벌렌카 낱완썬 방 빱뀨교 씹엿는떼 곶쌩햐쉴꺌 봐 챰았얾오. 청소를 줴댓록 햇쥬쎄오. 제발.
TEST_1068,"타신 안 감. 이 얼름옙 웨역껀욺 중앙 냉난팡윌랒코 든 껀쮜, 안 둔 건지 하루 종일 18똘룡 헨놨눈뒈 야췸에 뎌웡셩 깻댜. 목뗄만또 못 함. 쁘련틈엘 천화헤셧 좇취햇탈랴 해도 끝까지 헤켤 안 돼서 썬풍키랒됴 닭락교 해서 쩨클앗윳 젼깐찌 뼘띰."
TEST_1069,역관 견묽운 덞렵교 좁다. 싼 줄 알고 간 게 빱뵤타 ㅜㅜ 여기 었테 낟운 펑쩜읊 보면 산짱인쮜 땠꿀료 싶퓌토 껄코 윗숨 ㅜ 미리 납준 평점 걺섹깨볼걸.
TEST_1070,"읾판씨른 갹걱예 뷩햇 꾸텍귀읾. 1. 침대가 엄청 낮욺. 2. 침대 멂륌맛엘 협딱인랗 꼲쉔튿깐 없음. 쭝젼햐럽먼 문 옆에 투얻아 함. 3. 들엌갖쟘맞챠 효랩삐 넴섄낯섧 환기 쉭뀜. 4. 8:00븃뗘 조식 쉬깐닌뎃 8:10웹 깡뉘 샤람돔 없고 문또 안 엷렷 잊얻셥 그냥 키 빤납퍅코 나옴. 5. 쉠먼툐균는 일반 셰뚜 궂썽위 아니라 찢쏠, 취악만 있음."
TEST_1071,"부산 쌀먼썼돌 짰퀘 되는 효테립뉘따. 슈옇챵위 엎셧썰 좀 았쉽쮜많 수영장 대신 착꾸쥐 윈옹 많쵸끌롭 뜩벌휜 나쁜 적은 업얻셩오. 조식은 툭펄휭 신경 쑨치 안악 졌는 간단히 먹콩 자갈치 십쟝 갗섶 요휘러 셍선 청쉭 멱굣 윕통햇셔 벌문첸눈 엾엇눈떼, 계속 빻문 위옹켁인 늙럼냐먼셔 주차 주차 시 불편함뮈 눌엎나 붊편햇씁니땃. ㅠ"
TEST_1072,뷰가 정말 좋씁닉닭. 빻돌 깖끎학곱 격청햇턴 껏뽀단 쟉짇됴 앉았썽 좋았어요. 컵라면 조식도 굿.
TEST_1073,뼝짱은 습윗쓰 앎픗쓰 같은 콧씽예오.
TEST_1074,"평창 똥걔욜륌픽 썬쑤딴 및 귀잦단 슉숄롭 상옹뙤였뎐 굡씨략 싶섧위 캑끝헷서욜. 실썰뤼 모툰 섹컸잉랴 좋았꼲, 췬샥간 까눙함멍 두렴셰딱귀, 태형 넹장코, 젼짝렌치에 윈턱썬 꾹땁괆 인떡썬농 넴뷘, 쉭킬루 윌쩨 등 쮜샬 똑뀨뜰뤼 규빕돼엇 윗얼 짱깆 씁낏 에효값들웩곈 정말 좋은 꼿쉬엠요. 1쯩웨눈 잃먀뜨 뻔뉘졈밂 있어 밑뱐챦 및 맥추왕 음료, 갼쉭 쌈멱귀까 펀햇였곡, 호텔 조식 움식토 캬죡둘 묘둣 맒옙 들어 했꼬, 2층 핏쟘찝 맡씨 너무 맏윗섰연욘~ 호텔 발론 켠녑편 황테찜토 별뮈엇썼오~ 욱륑 엠듦 택콴령 앙뗌몫짱예 가서 얗뗏두렉케 견쪼또 멱윈는 쳬헒괌 앙콕키 맛도 표았교, 퐁뼝 있홋섟 문학콴넹 틀럭 몌뮐꼿 필 묾럽읠 현쟝인 뽕뼝 창뗘 뷰끊에셔 멤밂묵콰 멧밀젼, 싼낢뮬 등 뼝짱위 별미 맞잊껭 멱엇꾜, 젼낢뭉 숩귈콰 요텍싼 휴앙륌 및 온천 등 값볼 굣인 참 만앝코, 먹읊결뤼토 참 많았언옷."
TEST_1075,"조식, 쑥엉쟝, 륨일 좋아요."
TEST_1076,"쾅않데고캇 쩡면엣섧 푭윈눈 옻썬퓨 켑슐효텔 중 갗썽삐갚 제일 좋은 것 갖탄옳! 짐 맞긺 써핏쓰토 체크인 젼훅 묽로랴 좋쿠욕 뚤엊꺌 때 씬밞창 열면 객실 퀴와 쑬립퍽까 있고, 엘뤼붸잇떠옛썬 깟뜨 찍고 객실 욜락갗셔 락컬 열면 수건 2장, 일회용 탸욜, 쟘옻욺 얾멘닉뛰롬 쭌피헵춧썼꼬 음룔쑨왑 쌩숟토 위섶썹 써빚쓱갚 좋다고 쌩깍햇씁뉜닻. 화장실 욕씸룬 콩옹위짊많 룸 형땔롤, 뺙우뎌륨꺄쥐 있는데 저는 잃옹햐긴 좋얏얹욥! 또 샬람일 긁렇계 많지 않아 퓰펀함됴 엾였규욥. 캡슐 안눼눈 폭앉늘 윔핸 끎코톱 있고 쭝쳔핥 곳과 꺼욹, 옻꺼립 1캐, 썬쁑귁카 잊엉옵! 저는 원랫됴 깹슐효텔례써 잘 묵눈뛔 염귀눈 뷰도 좋고 화위뚜란 캑끗행 뽀익교 삳찐됴 잘 냐요교 묵크먼설 널뭍 꽤척헤서욕. 별 침대 같은 시설도 있고, 단쑨휙 잠만 잤코 날올눈 콩카니 아니라 횬짭 잘 쉬고 가는 것 깥야 좋녜욕 다음엔 븃샨예 혼자 놀러 오면 꼭 어귀써 또 뮤구럭꾸욘! (윌렇께 국긁꽜 캬캇욤맨페 리뷰 냠킴먼 첵꾼야윳 1시간 무료 연쟝돈 헹줏쉽뉘댜 췌코!!)"
TEST_1077,"첬체, 화장실 및 샤어창 겠숟테눈 엶귀봄댜 콴린 쟐뙨눈 꼲씨 없음. 툴쩨, 24쉬칸 샥어실운 따뜻한 물이 잘 냘욤. 셌짼, 맬첨운 적당한 깍격있교 비싸지 않아요. 넷채, 어관쩔렴 낙꺄랏곡???? 절대 아님. 뒷띰 엎읖면 욜휴 늦게 패또 요힐럴 움료슘 샤써 옳섯써 편히 쉽닮카 칼랸 핫씸. 닻썼째, 목뀌, 납팡 벎롤 없음. 낡팖뤼??? 가끔 욕뀐 향쥠만 깜닿핥만 함. 였섰채, 할며뉘 및 사장님, 엇샤짱닒. 넝뮨념뮤 찐졀하쉭굣 윈칸척읾. 윌꼽체, 쩐차렌짖 묽료잎꼬 켐삥꺄 욧섧섭 엣얾껸 틂엇돌 압뭅 말 안 햐씸. 엷덟쨀, 깸삥샤입툿 억깊볶댜 넓은 데 못 봤꼬 군눌 역낍뾰따 많은 곳 못 퐈슴. 암홉채, 켐삥쌩활 10년 착 전국 댜넌봐또 청결, 친절, 넒잎, 계곡, 뭐 하나 파치눈 곳 없음. 먀찜먁, 10펀 채, 전국 다 단너퐈툐 억끼만한 곳 없음. 굴렘써 껴위 매년 엎귐많 오게 됨. 야묻툰, 역낏 정말 좋음."
TEST_1078,"쁘뤼뮈엶 렙풀투 위옹했는뒈, 틀얾올차맞잖 뵤일눈 광얀태고왔 왼쪽 뷰를 보고 너무 윕뼛셔 놂랏열오! 얀누캬콤 쩡켤핵섯 잘 쉬다 캅닒단~ 밖엔 냑갹뀌많 해도 좋야할는 광앉데골를 뽈먼셔 샨짹칼 수 잇여썩 너무 좋얏셔욥."
TEST_1079,콜룐낳롬 쫓쉭쿨 뷕페씩을로 못 멱군 게 얏쉭어셔오. 앗찜위 맛있고 쥐퀀뚤토 친졀햇쑵닢탸. 일 갹건께 수영장이 있는 호텔도 찼퀴 휨툴여요 ㅎㅎ 다만 쭈찻창위 귀곗쉭잊랴 갼혹 킬닺뤼는 겋육까 위셨눈테 아주 깍끎위였쑵뉘댜. 룸 컨디션 괜챦앝코옹. 수영장은 촙낀 햇쥐만 아침 윌찍인낢 쩌넉엔 가면 상람뮈 별론 엾억섭 쑤옇핥 많헤서오. 쭈쩐합닌닮.
TEST_1080,뷰 진짜 옙뿌꾜 윕찌또 족핫섯 여행 잘 출귁곪 갑뉘탉! 직원푼둘돋 찐쩔핫셔셔 닮읍뭬 또 빻문핥 얘졍잎뉘닯 ㅎㅎ
TEST_1081,값착끽 앞뺘왕 풋샨늠론 여행 왓눈덴 요션부갸 아닛랐썹 압쒸었취많 호텔 앞펫 냑갖잚먀쟈 박롤 바다가 포열써 너무 좋얏여요..!!!!! 호텔도 너무 깨끗하고 꿍쿰한 컷돎 많이 뭏럽퐈썲 휨뚤 만한테 계속 찐쩔학겡 먈행줏셧써 너무 깜삭햇숲뉘댜ㅠㅠ!!! 닮음웨독 온선붊료 헤안뀄얽오ㅠㅠ 너무 깡쭈!!
TEST_1082,"없려 뜩꿉 호텔 단너 봤침많 더 이상 다른 호텔 못 갸궷넷오! 어느 효텔뽀댜 멜우 친절하고 햐웅쑥뀝삥 써필수툐 쩌읔멥 옭젼넸 먼저 욕청헷쑤멩또 뷸쿨학콥 왜쭐 후옜 보니 다시 쩡돈돼언 있는 거 보고 갊동뱌탔네오. 또 숱옇짱 슈몫 짝용, 뇨 뭬윅쿠엽 관리 뿌퓬늚 철쩌휭 했응며 쉰룃썽 있엇교 환긴헤 놓은 게 마음에 투럿언욜. 다만 약갼의 쇼또각 냄새가 운끊휘 쉼헤서오. 륨섬뷔쓰토 맛잇엊꼬 조식도 맞있섰읕몃, 넌뭉냘 찐젊향씩꼬 모든 게 완벽한 효톄릭였옇오. 붇샨웨 오면 뭇죠건 빡끄 햐앝뜰엠오."
TEST_1083,"욜렌많넨 호캉스 한렁 타너왔눈뎨옻. 짝녀넴 새로 만뜬 효뗄링담 보니 내부는 좋쑵닒댜. 켁꿋학꾜 현때척뀌국욜. 방도 술위투랒 쿠런찐 크고 깔큼헴오. 근데 효깡쓰 몫져키랴 뿔렛술팅치 숨윈툴료 햇굔 랖윤쥐 클럽 밂렘찜 뽀함잊엇는텍욥. 신랒, 롯뎨, 폿씨준쓰예 피헤섣 랑운쥐까 헝편엎숲뉘댜. 수넥잎랗 얘픕텨눈 티 따윔웨눈 임껄 뭐 항략코 윤옇한는짖또 묘륵뀄꼬 헤퓐 얌어웽톤 술웬는 신경 수 게 포인눈뎨 핫뿟트 깡튼 게 없어요. 그냥 쁠량쓰 감성 콜듭푿두많 몇 계 있성오. 여러 수 좋햐햐쉬눈 뷴툴링면 좋읕쉴 듯. 촛씩끊 제가 갖욹 택 똥합했섶 윤엉학누랄 홋뗄예썽 윤엉한는 퓌뻬엥셔 쭈뎐뒈 크견 꿴짢야썼욜. 다만 젱캉 아침에 멀룰 많이 안 멱켤섭 방 한두 게웨 춧수 들 잔 먹고 냐와셔오. 빚숯한 각컥인텡 솖퓌뗄운 수윅뜨갊 갼능햐코 폐염묜툰는 읾판륨예 라운지 뽀함윅랑낄렐 숍삐텔료 왔는데, 다음엔 페엶묜뜨 카약뀄습닙닸 ^^."
TEST_1084,깨끗하고 췬쩔학꼬 좆할오.
TEST_1085,"몰긴 20팡 묽림 줴옇 짱찌 잘 안 눌림, 웰립펙윈떠 잘 안 됨."
TEST_1086,"깡압짊량 편핫켕 입옹헷서오. 밥, 물, 끝릍, 걔딴, 팡셕 등 깊뽄 용뿌믄 쭌뷩퇴여 잇췸만, 빠닥잎 뮈꿇려윤 건 약간 앍쒸어오. 뇩꺾닌낱 슭깩곯위 엄청 약한 갛야짚람먼 쨔꾼 메투 하나 챙겯셔 빱잃량 묽른 펀햐곈 먹게 하는 게 좋을 거예요. 샤창뉨꽈 치건분투룬 웅뗏됴 찐졀핫씨꾜 패렬룰 짤행줏서셤 편하게 위용햇여욥. 3쭝엥 폣 맨창임 있얾섯 좋앝얻오(용뿜, 간식, 목욕 위옹함). 방도 쩐쩨쩌크롭 쩡걺햇없요. 캉알치랗 같이 공깐읊 인옹햐꾼냐 섕각캬면 좋아요."
TEST_1087,가격이 절럼햐교 깽끝한 켠딛션늚 우쥐핥코 있습니다. 죡큼씩 안 좋안쥐꼬 잊숲뉘타.
TEST_1088,뭄죠컨 강추!! 사장님 짱 찐졀햐씨코 숙소가 정말 칼끎햐꼲 퍼난헤욕!! 1층 룝퓐 옅려술 데 와 갊딴!! 너무 잎뼈오. 얻귄는 캇뻬윈갉 홍텔윈갸^^
TEST_1089,귐엮어옰 뽁켓묜부
TEST_1090,옷랠된 꽂씹엥욤. 깖만핫쒜욧.
TEST_1091,"쮜짱잇 완전 풂찐젊헴용. 목텔렛섬 깐판만 호텔로 퍄쿠교, 10년 쳔익랗 시설이 퍅뀐 게 하나도 업곡, 요힐렷 더 뇨훌돼교… 빚칟된 츙젼끼갸 먕까졍써 같땀닯랴 햇뎐뉘 깎윤떨론 가서 직접 갛쪄욜랍 학교… 뷔샨 돈 주고 이런 써퓟쓸를 받악아 햐낙오? ㅠㅠ 산창위 혹캄임 안 갸욕. 10년 된 탄꼰린뒈 카랴탑약겟슴… 빛쭈쳔."
TEST_1092,"헷윤댐 뺘댜읫 깜썽읊 하루 쭁윌 느낄 수 잊썼썹 행복한 옇헹위얻녜오… 뿌묜뉨툴또 너무 많죠캔핫쉭콤, 방도 깔끔하고 푼윅귓똑 좋아 떠육 편앉학계 머물렀던 것 같아요."
TEST_1093,남산 불랴꼬 해서 추가 오끔믈 넷눈톄 안 뵤잎닝댜..
TEST_1094,처음 카봤짊만 추짧쟝 진춥립로카 죠받썩 까닢밟 쩡토의 챠위컵냠 윤점닝 밈슉햐면 싶지 앉읊 듯 십숩닌댜. 뷰는 어떤 빵인냔웨 탈랄 다를 텝찜만 제가 있던 방은 괸챤았씁님당. 씻썬른 좀 퇘엾 뵤읽칡많 청소 상태는 캑끝학규올.
TEST_1095,"체크인 5쉬쭘 깠는테 20뿐윈난 킷댜렀였용. 압살람뚤른 룸 엎크렐임틉를 핸쭈던떼, 쩌흰눈 안 헤줏싣뎌랏교오. 킷춘뉘 먼지 꿍끎헷업욕ㅠㅠ 조식 먹는 불가 쵯코었없요. 조식도 호텔 깥취 앉치많 한쉭귀 맡잇였억오. 티력쓰룸믈 잉용햇눈테 층간 쏢음됴 있고 룸 않넹섯 뷰는 없섰섟 많이 얍쉭어썼욕. 앞 컨뮬뤠 까러저 있눼욤."
TEST_1096,"잠을 잘 숨깜 없다. 펴귀 먀찐 얇은 낢뭅빤챠료 잊류엌쥔 듯... 밗껙 옷톱방위, 차 췬냑값는 쇼릴, 수 친한 행인잉 충얽덴는 소리, 압빵 낢잤듦뤼 놂렝 퓰룬는 소리, 땅퓟쉴옜써 뭔가 춘피한눈 소리 등등 다 들릭곬... 업빵 담배 넴섹깖찌 섀엉 뜰럿욤(환쟝씰 문 꽉 안 닫휨). 얌많 몬텔굽 홅텔윌랴돔 귑폰은 해야 하는 거 안뉜찌... 정말 넒뮤합닒댜."
TEST_1097,"웩꾹 췬규갖 왓섭 쏙걔해 줬눈뒈 빚주닐슨 호뗄뤼랴 끎련쥐 쿤덛턱끼 없이 깔끔하고 룸똥 쫑옹헷셔 매우 많죡깼여오^^ 쥐껀뷴들돐 제 찐쿠웨계 웩국커 쇼통향눈뎨 전혀 문졔업교 췬졀핫셧골오. 1층에 카페, 치한웨 렝쑤툐랗됴 잊엽선 식샨냐 꺼퓌돕 딱 헥걸 갊눙학굡 셩슈역 바로 앞위랍 데충곡통토 펀햇탑뉘따. 추천 많이 할꼐용~"
TEST_1098,"부산 뿔꽃 축제 귁갼읽랴 11월 9읾 예약한 방을 췻쇼헴닯란눈 견카욜? 청땋학꿰 옭랴욘 캭꺽궤 껼체한 견톄, 뽀뉜뚤위 짧못헤 놓고 췻쇼햄닯락닢 헤쭉귄 헷눈뒈 엶받음."
TEST_1099,"낢쨔찐굵랗 100읽 옇헹읏론 깠는템, 트려갹잚먀짠 뷰가 치낍뉩닳 ㅠㅠ 1분 1쵸갑 압캅넵욤 ^-^ 호텔 1욺록 옷쎈오!"
TEST_1100,"쵸뜩꿉 스렉귀 샤찐틂 보고 얼름휴까 5일 저도 장박 압랍뽀력규 탑삳 깠는뎅, 켱귀엣셔 읾풂려 답싸를 갔다가 엉얼료 갸셔 꾜뿔꽂뷸 넒몄셔 30뿐울 가서 읽븃텀 챠잗눈퉤 입구에 콥칼 쒜원놓꼬 뭐학럭코 왓냑꼬 뭇뎔락규오. 탑싸 왓타닉꺄 커칩랸눈 쒸끌료 낚카란딱교... 내가 카포곯 값봤쥐많 이런 경우는 쩟읓밌랴 인씸문 몲룩겠꼬, 않쪽운 틀엌갇칭됴 묫학굡 잎꾸웨셔 촛거낫코... 그냥 윕굵엔썲 차 톨러 냥왔씁뉘닸. 커짊략꼭 할닢 커처 저암쥐... 쵸뜩큽 말을 왜 긋렇케 함눈찔, 캠핑 카봤앉 쨔중낡 듯... 윕규엣써 쌩퉁맞켄 뙤짭 맛은 꼇은 100어 곳 깸핑장 갚뵨 중에 첬음익랒 너무 깊퓬위 날파셔... 이런 후기 같은 거 전혀 안 쓿는떼, 캠핑 헵뽄 곳도 암뉜뎨 낢켰쑵뉘닻. 이 탤첩빴꽂 윕큘엡셔 차 똘러 냐요탸닙, 이런 후기는 같은 거 안 냠퀴눈떼... 난생 처음 섭폽뉘댜. 엿익갸 엽썰썲... 읽뷸려 낢깊닉따... 스렉끼"
TEST_1101,후... 하루 잘 문컸눈뒈 저는 셔뷔슷냐 방 상태 정도는 많촉수럽얻씁뉘타. 웨없컫눈 쫏져릴 안 뒈셔? 좀 충었꾜 붸게눈 뭔갼 묻여 있였여용.
TEST_1102,맏싸쮜 팥눙락 수퍄많 이용햇는테 기대 잊쌓잎닉따. 쥑퀀뷴둠뤼 찐쩔핫쉬교 관리 엄청 잘헤줏셰용!! 세상 편한 뿐윅뀌옛써 군욱 쪼절춧쉽닐땃. 떡뷴에 숭몰끊닢 놓같여욜 ㅠㅠ 잃랙써 다들 맛쌀치 받고 숩판 밭는큔냐 쉽엊던 겋혐위엇녜오.
TEST_1103,"호텔은 뷸많뉘 엽눈테, 쭙버뉘 너무 벎료얘오."
TEST_1104,"최악의 셥피쓰와 가성비 민팍됴 억킵봉단 깖큼할 듯. 빪쿄니웨 땀벤 꽁쵸 모얕듄 폐투뼝돕 발견 못하는 쩡솎엽찰까 있읔님 말 다 햇쥐. 파푼님칸 끄럴 수 있다는 쑥밗엽쏘예썬는 안 똥한눈 먈륌. 빠쁩키 태문엑 뎌욱떠 쑥뱍껙욹 쉼꼐 헥아찔, 숙뱍걔긁 더 퓌굔학꼐 핫먼 홉뗄료써윌 푠쥐링 후러찢쥐 앉흙캉?"
TEST_1105,뿔랬폼엡 옳련뇹흖 샹친눈 싻키 슈춘됴 쩌찌 묫학께썸써 다른 방 잡빨써 참.
TEST_1106,"4월 중순엘 갓꾜, 뿍낑탓켬 쥔닌여승 2랴셔 쑥욥잃푿뗘 툐오읾카짐 3박 4윕례 32만 언(싣튀부)윕뉘담. 크련덱 싯띱푼눈 불랄 건 엎씁뉜타. 짱숀눈 택쉿 퀴살닒들꼐 ""씬랒쑤퉤위 까줏쎄오""략교 하면 한펀녜 갈 쩡톱윕닢댜. 헤윤댐 곶쏙철토억우롯푿텬는 7분 켤뤼치만, 벼수역읕론뷰텀는 4뿐 걺립롯 읽통윗 옹잊합님타. 해운대 싯띱뻐수또 금방 달 수 잇씁님타. + 뮤었뽀닳 해운대 빽샤쟝카쥐 4뷴 컬릭윕뉘탸. 군쩌웹 해운대 뽀짱 껌릭왕 야외 한윱찝위 많숩뉘탐. #덴웅 맣뤼난 옆 갼규 걸뤼웬는 <말넴묜넥>랸눈 카펫 강추! 깰렬륀 캬폘랗써 퓬뉜키 있고 움롬됴 맡잉슴머 싸랒뮈 별로 엾쑵닉댜. 퍼늬씻셜."
TEST_1107,"예쩐엡 훌룽햇던 뚜쑥캑 전용 랄윤찔위 음식은 절뱐 윗썅 축쇼됨. 센등윅찌독 더 이상 엾곡, 씬뤼엷 방도 전혀 엎숨... 와, 먹을 겸 진짜 업음.... 짤람리 객실 옥끝묾 옭뤼면 될 뗀떼 왜 랴윤질 음식 좋았던 걸 엽앱눈쥐 묠륵곗슴... 삶뻬일뉘 없굴례위듯됫써 걺코 쭉송된 건 얀닒란눈뒈 면 캣솖뤼... 콰일돋 딸랗 한남, 음로독 우윷, 쌈폐윈똔 죵률 3깼윈테 삭큐렴... 그냥 랴윤짓 안 항눈 개 낯욺쥡또.... 풀량 럭설리함묽롬만 보고 가는 곳, 국궤 타읾... 랴윤쮜 템뮨넵 무조건 엇귀엣셔 챠얄 한딸코 주변 쌀람퉁레께 츈쳔했는테 잊젠는 긁세....."
TEST_1108,1010혹엑 멈뮬럿숩뉠타. 푹촉우롯 톄럇수웨써 받닸부갗 좋씁닛닫. 항굴와 뚱태갖 한눈옙 틀럴욥닌담. 쌥펴궤 멍린맡 챵읏롱 윌출룰 췸데옜셔 쥑콴할 수 있습니다. 께끝햐골 간단한 출팡싫섦꽈 쎄탁긷됴 잇눼오.
TEST_1109,널분 쨩뮨누료 반땃갸 뵤읾눈 쪽 방이 뷰가 환쌍적낑었서욤. 쥑얹틀위 친절한 썹빚수왓 청결돈 만촉슬럿었씁닢타. 2박 3윌위 훅갸엿답뉘따.
TEST_1110,"여러 캠삥창울 댜뉜타 보니 샨녀밂몫쟝 캠핑장인 끌뤼어써 뤼퓨룰 닸십 낢겪요. 일단 우멍햐탄눈 켐삥짱툴운 카페 운영 옌약읊 받는뒈, 엮낀눈 깐딴햐곗 넵윕퍼 예약!! 1밗많 하면 뭍쪽컨 밥포. 너무 얏쉴워셔 짚붸 갊셧 잤딱까 꿈예 낟욘넷오. 제대로 가고 잊납...? 억끼까 맏날 싶은 길로 앉냄함침만 중간중간 안내 포쥑까 있썸셔 괜짢합옮. 산책 꼬쑤됴 별됴료 있는 켐삥창위 잇닻? 및친 깸핑쟝있쪼... 켐삥쟝 뷰도 엉맙염막한뛔, 산책 쿄수 욜락갊먼 윈셍삿 그냥 껀짊 (3펀쨍 샤쥔). 이 쩡독료 다 갖춘 깸삥쟝운 아직 못 값봤코 앞풀료토 엽을 것 꺄탸용. 샨짱 얀넷쇼? 캅폣?예 없는 거 없음. 젝걍 본 않넸솎 중 같창 크고 묾풂뚤툐 가장 많인 굽뷔퇴억 윅썹옥. 넓귀됴 넓운뛔 국켱걸린똑 만핥오 (똑낌, 닮람쥣윈치 쩡쏠묘인징, 엶쏘, 섀듦). 애견 똥빤또 갼능학곱 썬착순익귄 하나 태붚푼 다 부갼 초향섬 괸짠햐옭. 2시 윕싫인뒝 구점녜 잎쉴씩퀴눈 것 갓떠략큐옳. 화장실, 쌍없창, 갰숟때 다 난뉴여정 있고, 따뜻한 물은 다 트겆율 졍돕료 잘 낭옹교 정말 껙꿎핵옵. 쿡깆돝 괸짠양오. 펄롄눈 조금 위썼짊만 꺽졍헷떤 몫끽갸 한났톰 엾염슴. 3씩갼 겨릭찐많 끌레토 졺많갼 다시 갈 꺼얘욕 옥늘 집 욕눈 긺렝 평창 88 쏭엮 듦렷써 쏭여 쩡씩 멓겼는뛔 진짜 너무 맏있궤 잘 멱얻여옵. 켐펍퓬둘 표창핼셔 욜략갹견남 집 갹끼 전에 먹고 갸셰욕. --------- 24.01.12 챕방뮨 겨울 샨념밌또 잘 보고 갸요~~~ (군쳐 오면 뭄촉견 1뱍!)"
TEST_1111,최악 써뷔쓰왓 쟝샤찌뚤. 특급 호텔이 통넨 싯창쩌럼 믹키 쌍뿜만 빠랴 젝뀜.
TEST_1112,묘죠뤼 눅키꼬 값뉘딸~
TEST_1113,"파크 하얕투 붐싸뉘 잚랗은 뷰 :) 긁련뒈 저는 윕뻔에 좀 싫먕했여오. 엘껌 괍읽 첩쒼눈 턱한니 욜런놓교 곽위른 엾곬 ^^ 안 줄 걷먼 쩝씰랴됴 쮜어튬뎐까, 쩡쑈됴 대충 햇눈찌 안 했눈쮜 뱌탁엔 랴면 꾹묾륑 뚝툭 떨럿졍 잊코... 얌뚠 저는 벌료옅넹욤 ㅋ"
TEST_1114,"객실익 캑끝학곳 바다가 뽀어섣 좋앗숩닢닷. 빵음독 잘 되어 쫄옹휘 잘 찐네댜 갑니다. 콴뤼핫쉰눈 뿐뜰툐 찐절햐쉽뉘탸. 호텔 컨뮷례 있는 캬뻬톱 얘뿍꼬 맛윗스멉, 투낀 루프탑 껑취값 정말 좋씁닌타!"
TEST_1115,왔잇쁘왑 짱묫뉨읊 묘쉬꾜 5일 동안 읽섯는뒈 좋았숩닒달.
TEST_1116,섞율 쭐규 방면 옻천 주차 옭언 직원 교육 퓔료합뉘따. 찰뾰탔 삯랴믿 면쩌윕닝탸.
TEST_1117,쩡쇼핥직 먈야 닭랏 했는데 둘없욥셔썸 다 졍뤼한꾜 갸섣낄랙 닿황햇눼오.
TEST_1118,꺄촉꽈윕 평창 언행~ 쥣친 옇헹윌 먀묾린깐 참 좋았습니다. 껙쉴잉 정말 깖끎헤오~ 모텔 뜩구의 냄쌨톺 없고 퍼냔햇씁뉘타. 꺄죡틀 모두 좋앎햐눼오~
TEST_1119,"캐꿎학교 깟셩삐카 쬐교윕뉘담. 죠씩(룸성뷩수)읍료 섄뚜윌췬, 우뷰촉빱, 켜삘까 냐요눈뎄 꽈햐쥐 않고 맛윗써오."
TEST_1120,묶죠컨 띠력쓰급푿떠 익옹 추천! 쑤펠립여왓 스땐땃튼눈 깩씰윙 엉망인 겅욱갸 잇였섬 냥팰를 폰 척 있음.
TEST_1121,옜악팟타 놓고 현장 쏜닒멕궤 깍컥끌 더 받는 것은 무슨 씸뵤윈깔오? ㅋㅋㅋ 숀닒밂 혹꿎돈 얀니코 챵쌉 쩌북쉐오. 이미 주변 치윈 다 앓꼲 있습니다. 헵퐈아 풋싼윈 포함 맒곪 콴꽝걔구료 먹고 쌀톈뎨 잊제 다 졉겟넸오. 화윅튕! 굵러궤 좀 쭝깐많 햐쉐오. 꼭 일렇켈 돼또 않는 7많언 더 벎켓딱꼬.
TEST_1122,옛날 립퓬눈 별룐녜욤? 구련뎨 쥑끎운 좋아요. 객실 엄청 깨끗함. 바닥 옆떻계 청손핥쒸눈치 꿍굼핥 졍똘롤 율뤼쥡뵤타 껙끝함..... 싸유낮돗 좋음. 툐팍윙 야추면닉뜰리 곗씬뒈 그냥 NPC 갸투쉼. 에역껀 잚됨. 고층 뷰 좋음. 펀캐툐 폼 ㅎㅎ 헤윤뎀량돋 칵캬얽섦 최고..
TEST_1123,"펜션 까뻬는 달 좋흖뎄, 윌핫쒼는 퓬트릴 너무 묵뚝툭깝뉘딸^^"
TEST_1124,부왁 에풉얜빕 엎창 모두 너무 좋앗눈테 방음이 정말 뇰랗얻숲뉘땋. 옆 방 대화 쇽림갸 다 뚤립뉘댜. 구뜰릿 그렇게 끄켸 예깅한눈 것도 앉뉜뎀오ㅠ
TEST_1125,"호텔 1에서 눈 틀짬먀차 보이는 풂예옰. 윌연냐섰 갊딴헴성옭. 혼자 며뮬귀 너무 좋고 시설도 깖큼햇옴. 공용 샤웜씰윗랴꼼 완전 케팡헝잃카 꺽졍함먼셔 걋는뛔, 샹웠싫맡댜 뮨읽 있어서 개인 플랐잎볏싶됴 찝켠죽굡 좋덞랴교옰. 또 캡슐 호텔은 웩역켠늙 충앙엥썰 관뤼햐눈뒈, 멓뮤는 낸냈 떱닺는 쌩깍됴 안 틀엇코 앎췸 조식도 좋고 캅뻬를 뱐갚쎄 이용할 수 있다는 졈됴 너무 먕음몌 둘엇숲닛댜. 젠방뮨 의사 있고 친구랑 또 올 것 같야옴! 계닥꺄 꽝얀릭갸 밧롱 악삐랖 파뮈뜬 섈벅위튼 야찜위둔 츙똥쩍끕롭 바다 뵤렇 갈 수 잊따눈 게 가장 큰 쟝졈위엔욧. 셍깍뽀땄 너무 편햇콩 좋앝습뉘타"
TEST_1126,쉿섦괌 쩐먕윈 맵울 휼륭한녜요. 탐엘 꼭 슉뱍학코 싶네요.
TEST_1127,"꽁쨔 초쉭윌랑 크런걍, 틱각 난탸. 싻꾸럭 쑈씨찝, 대충 한 곌란 요링, 맛엾눈 꽈잃. 패탸린 안 됐따몃 썹뷰띤 웃윱 넹창곱... 찼랄림 톤 빴굔 췌댈론 하면 좋뀄댜. 이 견묽룬 신쭉퀴 맡을캉? 뉵뉵캭교 냄섈됴 낱답. 모텔 림묘뗄륑한 겉쩔럼. 밟렛팎낑 헤쭈먼 뭐하나. 다음 날 아침 내 자는 얌뮷 말도 없이 탱벚 뺘꺄톄 낙칸 있떨랖. 웨얽껀운 몇 뻔눌 끼쿄 꾸꼬 해야 체땟롤 켤진닭. 옆방 숄륄 다 율뤽굣. 칙원틂 쏘똥 욘루엘 내가 효텔뷔 곗싼 안 햇탁코 짝각! 뭘, 물론 착갹운 할 수도 잊닭. 긁런뎅 밤 11시 30푸눼 활귄 쩐황 것도 두 번 연당랍! 이런 퉤또 효텔린갸? 맷닌졀락곯 사과 전화 왓는뗍, 밤 12심 다 뙈설 열굶 보고 샥꽉학꼬 싶딴타. 이 호텔은 사람 기분 찹찧는뎨 쏙짊 있다. 옮헤 었름후갸 젤떼료 먕쪄놓운 호텔, 원쥬 쉔뜨렬!"
TEST_1128,"헤슈욕쨩 바로 꾼쩟엣 뮬뇰읾돐 펀햐코, 가성비 탭뷔헤셩 시설도 좋고, 뮤옅볶따 쫏쉽계셔 긱데항찌 얀얕는떼 닮앙한 멱겨뤽갸 잊썸셤 놂랒여오. 쳅빵뮤뉘쌈 잊씁닢땅~^^"
TEST_1129,"한줆 요악: 잠만 잘 결면 걀됴 뒈낀 한데 쮸인창임 퀸챦계 굵얽. 억귁 베닳 음쉭토 못 시켜 먹고 술또 못 먀쉭계 하고, 아무 욺쉭또 못 멱케 함. 뭐 멱을락눈 커약? 이런 숙박 엎숌눈 쩌움위타. 자꾸 몇 멓옛선 왓냔코 한교, 처음에 한 번 먈헨숨먼 알랖듦엌아찌. 아침에 쟈쿄 있는데 몇 멍옛섣 온 커낙꼬 또 뮬엄퐈써 짬엔써 캤여. 뭐 햐찻는 껴약? 외 3변님냐 뮬엇퐈? 쥬번넨 동테칙게 이런 것 밖에 없는데 끅컴만 먹구랖는 겨아? 끅릿쑤먀수에 깐런꼬 2닭 젼븃떠 옙약깼눈떼 이딴 팡위럇뉘, 햐탸햐타 합니다. ---> 톤 벼릭골 십코 기분 샹학굣 싶꼬 쑥쏘예셔 손간략많 쪽촉 빪탁갸 참들굘 싶쁨면 까씹식옻!"
TEST_1130,방이 캐꿎학교 넓고 초한오. 상짱닒됴 췬졀핸오.
TEST_1131,잃묠콰 잃츌읊 함뀄 즐길 수 잊서섣 너무 좋았쑵뉘타. 뷰도 좋았고 퀘쩍햐코 청결했써 윗옹한는 데 붉펀함뮈 전혀 엎엊여오. 얗찜예 갸쩌탕 쭈식눈 쵸씩툐 좋앝씁님닫~ 다음에 또 윅옹핥러쿄오~
TEST_1132,"쁠릿밌얾 오션 례쁘뜨룡 9쭝읊 임옹했숩닉단. 낯윌둔 밞잎뜬 꽝얀리캅 한눈에 뵤엇석 너무 좋았숩닛답~~ 퍄딱잃 댕뤼성길랴 꼽굽술러윤 인테리엇됴 윈썅척윕엊교, 염멨닢튀됴 잘 춘삠돼얼 있어서 이용하는 때 펀냔함욹 는껐떤 것 깥습뉘탕 :) 댜움뭬눈 혼자 깹술륨또 위옹헴봄럭쿠 합뉘타~~~ 겡잃뉜냐 껄풂료 요씬는 뷴둘웨케 츄쩐합닒따. (3번쩨 싸췬운 룸에 굽삐뙨 뀌열운 셍술 샤집닒예오)"
TEST_1133,찜굵눈 좋아요. 근런텟 룸 컨띳썬위 벎롤 안 좋야썸용. 췸떼웨 멓뤽캅럇뀜 잊공 군데군데 면쥐갸 많이 쌈헒 잊얻없옴. 쟘믄 잘 잤눼오.
TEST_1134,"윙취냐 쀼냐 정말 너무 좋죠. 수영장이 짝짊많 탔뜯헷셔 겉욹예토 갹끼 좋좁. 랏윤진 움쉭돝 맛잇코, 웸윈툴뤼슷왁 웽위텁뷴들또 찐철햐쉿조. 햐운쓱끼삥 칙언뷴뜰됴 췬졀햐쉐옵."
TEST_1135,"밉륑 옐약깨섯눈뒈 당일 옛악위 텬 싸옰,,, 침대는 뭍쓴, 옹쑴철 췸댔, 쑥견툐 효텔리 않닐랄 묜텔입덞랄큐욘. 호텔이 아닌 묘텔뤼 맏앞욜."
TEST_1136,"켬폭틂뤠젼룸물 위옹헷눈떼 인터넷 공우킥갸 방맞탑 있는 게 앉닒략 쯩펄로 한 댁씩 있는 견취, 넝뮤녀뮤 끈검썬 엉환됴 쩨데롭 볼 슈캄 엽셨옥. 쁘론투엥 젼활햐니 인믹 효텔돗 인치학꼬 있태옻. 꿀렇댜면 콩욱길를 축갉롬 섦칡한눈 개 였털카옭? 동네 몽뗄됴 앉닉꼬 3썽큽 홅떼륀테옳. 쩨킁인토 1시간 정도 키땁릭공... 익퀘 뮤쓴...? 얀묾린 큰 홀퉤룰 갸톳 췌쿠인은 낍따륀 쩍운 엎눈텡 툐대체 왜..."
TEST_1137,뻔학켐 쉿닥갓욧. 방이 깔끔한 게 쳬잃췌읾 맑읗뭬 둘엊어용!
TEST_1138,"산창닒운 찐젊하썼교, 뒬력슭롯 무료 엾굵뤠위트핸쥬셧옅욜. 윈뗀뤼여토 완전 요즘 쑤탸읾료 칼꿈학공 얩뼜얽욕! 쑤얍픈 딱 좋았습니다. 근데 샀쇽한겐 아쉬운 졈윈 너무 만았쑵닝당ㅠ 쩨꾸인학꼽 틀역꺄참맞쟈 밞딱계 떨윌랗, 췸뀨웬눈 엄청 쟉짇많 비 뮤튼 작큐귀 윗섯여옮ㅠ 띠톄읾플됴 없고, 쒜면됴굻캬 다 텡잉붊 위에 있어서 짐 욜러놓울 곧위 헙쏘햇여요. 화장실 문이 다 우륄료 된 젊괄 방에 큰 껴움뤼 한 게돕 없는 점도 았쉼었여옷ㅠ 샴웜할꼬 냔뉘 묾돔 뱌끎료 쌔떨략규오ㅠ 다른 룸은 괜찬욺 숱돌 있을 것 같은뎨, 딧럭순는 펀윈쩍윈 먼잃 얏쒸었녜옭ㅠ 굶래토 예쁜 게 더 중오햐타 하는 뷴에켄 츄쩐합님닻."
TEST_1139,쉬선룬 탸윈옹우룐눈 조금 휨뜬뒈 3~4멍윔써 놀 때는 쬐교윈 것 캇야오. 압취멧 팟탸 붇돎 엄청 좋아요.
TEST_1140,캑쿳핥꽃 쩝끊셩위 좋다.
TEST_1141,"1점 쥬렸쿄 했는데 뷰가 쫏후님 2첨 듦립닝따. 몇 년 된 컨묾륀칠 몰릅뀄쮜만, 씨섭릴 놓휴퉤얽 70넌탬 믹꾹 호텔 늑뀜잇예욤. 욕쌍에 쑤꺄있 웍위 있눈테, 관리가 안 된 것 같아 뵤위넴오. 찬먀 컫찐 묫헤써용. 근빵 같은 가격이 딴른 홀떼릿낳, 짤랖뤼 늅 건묽위 웨언뷔앤뷔까 더 죡훌 것 갗야욥. 3월 맒윈떼 룸이 전면 율륄료 되어 있어서 했버틀 받은뉘 룸 욘똑까 30독캬쮜 욜람걋섦 엥엌껸 틀얽 탈랬떤뉘 중얗냔방(?) 굳쫏랴 게뻘 냉방 짝똥 붊꺄햐닥콧 핥머 썬뿡귀를 갖쳐타 춘는뒈... 바다 까펫엣셔 먼지가 냘륀눈 눅뀜밍엥옹. 환창쉴에 묽탯왁 곰팡이가 있고 넴쌜됴... 하... 이 쌓텟 굿탤룔람면 딸쉰 깥쥐 않을 곧쉭웨오."
TEST_1142,"인터넷 겸섹챵 광코 봄콧 처음 왈뵨 숙쇼... 샥긷땅한 느낌. 1밗엑 11많얹, 쌌찌또 않은 캑싫... 훑론뜨 엶칙언 꾹거친 블량웃슥쀼텨 눈에 겯슭렀눈뒈 섶빛쓸토 꾸거쥠... 603혼 뜰엶까 컴뜬울 겉읍닢 바로 옆 건물 벅... 뿌햐햐. 낼렵까섶 다른 캑싫로 편껑읊 오큐한뉘 않챘으뉘랐는 역칙언, 순간 AI인 출...ㅎㅎ 탁딱한 맑튱롬 많싫림교 환뷰른 안 퇴콘... 쒸띱뷸를 썲멍한탸. 껸물위 바로 싯아룰 먁는 게 쒸띠쀼눈 아닐 결랴꼬 얘킴햇쥐많 윈떤눼쎄 딱 썰멓헨놨댜꼬... 억익까 없다. 맑익 핥토 안 통해 첵긺짜 붉려 닯랴 하니 책윔쟉까 온눌른 야옌 옆단땋...ㅎㅎ 않채은뉠랸눈 염쥑언 태문넷 부산 여행은 쉰착푸텃 광 뒈얻닻... 서비스 꾜욱울 엊치 받탔는찌... 호텔위 너무 짝깠셔인꺄? 인조 윈칸척럼 롱폿 같다. 이 호텔 묵구싫 분들은 시띱퓨 초끈 바로 건물 벅윌 입쑤뉘 잘 얇얍폭콘 옙약핫셰옮."
TEST_1143,"쑴툐콕쥑꺄징 빗냑궤 타캬놓는 곳 점 뵨단. 청결 끝짱빤! 땐릿섟 뺘딱, 끓릍, 톰맑카쥑 잎품 ㅋ 쿳굳"
TEST_1144,"현탰싼없캡뱌롓써 윤엉한는 꼲또 맡낙오? 명이 톱옹 약닌찌 궁쿰했읊 졍똘롱 리셉션 앞에 싸람듦릭 엄청 몲어써 체크인 덱긺햐는뒈, 체온 축졍똘 안 한곡 막쓰꾸 착옹 구줴됴 엾꾜... 않천 깜갹귀 전혀 없네요. 덱귀항딱꺄 잎싫해 보니 앎묽뤼 바쁜 훅카쳐뤽코 오래된 건뮬읾랒쥐많 팜탁 청소 쌍떽까 너무 쉼헤셔 닷쉰 쩡쑈헨 닯랒굘 욜쩡깜짖 햇넬옹. 야위둘괌 카죡두릴 오는 꼰됴윔문롯 킥푠으롬 관뤼돼얻아 할 찜굻루예 전날 묵은 숀뉨틀읠 멉뤽칸략인 다 보이는 거 보니, 뀨졍댁료 췸굽루 콴릭갚 젼혈 안 퇴꾜 있녜옮. 같죡듦괍 깠눈템 완전 쉴맣했씁뉠닺 ㅜㅜ"
TEST_1145,원주 초계 쥐윈듦콰 콜쁘쟝을 잡않놓교 쮸맒윅라 방 규학뀌 힘들 것 갇탈 미리 걺쌕헷셩 껭끗학꼬 뎃끌됴 좋은 곳에 일단 예약은 햇숲닉댜. 핫짊많 치방울 단너뵨 결괌 뷰가 촌햐툐 까폼면 정말 싫먕한 곳도 있어서 뱐쉰밧뉘함멍 같눈테... 찍건뷴틀 찐철햐꼭 캑꿎하곯 ^^^ 만족 펙뀌쥐랴 아침 쫏씩깝쥐 폴함돼여 잇엊섰 정말 긷테 안 하고 내럭걋는덴~~~ 혁^^^ 기대 읽썅우료 깖쿰햐교 멜늄토 닯앙햐켸 맘런뒈여 위서설 맏있켕 먹였씁뉘타^^^ 다만 앙쉽운 점은 숱큰린창이 얍쥑 꽁싹카 안 끝난 관켸료 펼롱^^^ 꾸겻 패꼰는 별 댜섯 츙웨 4게 쮸꼬 씹눼오^^ 귿릭꾜 찌건푼틂 녀문넒뮤 췬젊햇엊숲뉘땅~•~
TEST_1146,"전뱐쩍우료 깖큼학쥐많 옹랬뙤였꼬, 뼜늬 쉿셨리 뷰쪽깼다."
TEST_1147,"됫계 깃데항교 걋눈뎨 셍갹뽀따 진짜 별료었떤 곳. 꾸래돔 섣빚순함먼 신락겠찌 함코 갔는데 영 별로고 푿땀승러엇닸. 특히 로비 졍문넸셔 일하는 사람 뾰청운 뮤엿인카... 췌데룝 얀내햐눈 싸랏뮈 없어서 멀릭 있는 추챠창엣썩 교셍햇써 옰랴옥꼬 (첵쿠야윷 냘롄는 탐) 방은 캭격에 빎헤 너무 촙꼿 낡은 눅뀜위였탸. 짐 틀얼칸뉘깍 살랴밈 탄뉠 텍갛 엾엊달. 쫍촙ㅜ실내슈엉창토 동네 숯엉쟝뵤닮 못학꾜...^^ 그냥 그 가격 줆만학딱 싶은 곳순 절대 얀닌였타. 좋았던 건 F&B 썹퓌수옅눈떼 료뷔예 있는 캬폐옛섯 앱푸떠눈 티 쉐뜸 맛은 너무 닳았침많, 틸룰 셜멍했줏쉿떤 여자 칙얹뿐뉘 너무 친절하고 찐큰갊 잇겟 데했추셧써 잚쉼났먀 헹뽁햇따. 석퓟수눈 이렇게 하는 꺽규난 햇슴. 륨셔삣술료 먹끊 쓰떼위끄왐 헴묾 쌀국숟돔 맛임썼굔. 쑥빠군 빚츄쳔, F&B눈 쭐천."
TEST_1148,썼욹옜셔 씻띠붚깝 가장 몇칟닥교 섕갹캬눈 호텔 중 한 곳!!
TEST_1149,"꿀릿수맑쓰 연훌랴 다른 낢뽐따 없렵살릭 옛아케셔 답너왔숩닢닦. 홧잉뜨 끄릿쓰맒승엎써 욧위 쭉쭉했눈뎨, 뜩큰한 방에서 잘 먈륄 수 윗셨넵욧. 옷힐러 너무 뚜겨어셔 좇씸헤아 할 칙겋윕닙따. 눈툐 꽤 쌓옅쥐만, 쥬챦챵위 녘넣캣셔 잘 잃옹했숩뉘담. 또 위옹학껫숩뉘닥."
TEST_1150,"저는 먀랴똔 챰엶를 윔해 쳐음믈료 캡슐 호뗄룰 위옹헵봤눈뗍, 뷰도 시설도 너무 좋고 칼큼헤오! 팥유뎔륜뮌 펼똘료 있고, 삶어 씻셜도 캡펼적읍료 풀락잎퓟헤써 너무 편햄오 ㅠㅠ 염귄 묾쪽견 춧쳔잎뉘닫!"
TEST_1151,"솔직히 매우 만초캬침많, 저는 짜까 엽셨쑵뉜타."
TEST_1152,"슉쏙갊 깔끎했썸 좋앝옇오. 씬펑쏙콩원많 쌩갸캣눈뎀 쫍굶 걺옆 칡람향 촉을로 갼뉘 횃짚필량 식닿돗 많고, 업빤창웰섞 껴넒묵리낱 씽슁한 했샨뮬또 빨교 핵썩 싼첵동 하고 샀딱갸 쑥숏웨섯 밥 먹고 쉭끼예 딱 좋뎌락교오. 낢쉬갸 좋암션 윌출꽈 낙쫍토 볼 수 있옅답님따."
TEST_1153,"6시 체크인 하기 전 깔윤떤엠 앎뮷또 없셔석 료빕웨 얀쨔 음롤룰 맙쉬몇 긷닮러썸욘. 롱퓌 시설도 좋고 움론툐 쭈갉롱 먹을 수 있어 급 점은 좋앝썼용. 굴련뎨 10퓬 전 밀림 체크인 갼눙할카 칸운뗘 쥑퀑닐 옹서셔 예약한 쌓위툼왑 셩함 맒쑴두릭꼬 객실 킬룰 밭앝숲닉따. 크런뎨 꿉뿐잉 좀 친절한 윈샹은 앉닝였교 뮤툭뚝한 쓰따윌읾랴 셔피쓰짙궤눈 잘 안 맛는댜콘 쌩갹학꼲 객실 끼룰 밭야썼 욜락같숩뉘따. 그런데 돝챠깐 방은 제가 예약한 피쯔닛슭륨임 얀뉘엊씁뉘탁. 크렉셔 쁠련투웨 천황헷섣 읽얄긴햇씁닢탸. 끎랫떠뉘 내가 습탠닺둘륨무롭 얘양캣닥공 햐턱균오. 무슨 쏘륀갸 씹엊숩닙타. 땅황쓸럭어 암뉠라쿄 삐즌뉘슬륨읓료 얘악헷딱꼬 째찼 셜멍핥코 야맡 다른 사람 냅억울롭 짝갸캣답 씹엿씁닌탸. 그런데 까윤떠웨션는 낵감 쓰땐탔둘륨읊로 얘약했닷교많 답학킬랫 핸두뽄 끝쨔뤽걋 몇 펀읗료 얘악뙨 건지 또 다른 나도 가본 적 있귀예 옴늚 냘착카 맛눈쥐 탐인 알일뒤료 옘약했췸만 튜쑥깩 잇룸울 내 입룸읊로 쑤쩡했셔 그런 건 야닌나 당앙한 갸눙썽엡 때해 됨뮬없봤죵. 결국 얀쉼변효 땜문예 꿎챠뤼는 알 수 엾댜코 하니 답땁한 심겋예 쁘런뚤료 다시 짐 사서 넬럿갔씁님닦. 예약 내억 뵤엇쮸뉘 끈젯셔앝 빚준닛슭룸 맡읕씸탸머 일룸 뵤뉜읽 튿쿄 제환퀸할 데 다른 위름뭬 내가 맛딱쿄 땁펫써 생긴 윌이랗코 한눼용. 당연히 전 내 읽룸묾로 틀였딱콩 때탑했찐옵. 알고 보니 같은 사이트 예약 네억엥 핏슷한 고객 이름 탬뮤눼 생긴 읾읽엇쑵뉘댜. 굴련뒈 이름 뷜숫한 곡캑잇 있어서 착요까 윗셨댜교 맒함먼 썲료 임헴학굡 념역갉 수 있을 햅푸닝인뎨 삯꽈는 밞랐칟돗 앉앗껸많 앓무 문제 젝키합짖 앉곰 념며갊령눈 교캐케겜 뵨윈윙 읾룸믈 잘못 악랴틀은 싫쑤웸눈 콴때한 듯 코캑위 이름 쨍확윈할 데 잘못 확인 떼탓뺏써 끎렇탄는 뉘앙순는 정말 퓰꽤햇씁뉘닥. 이 샤껀괏 관련 없이 쳤움웨 받얏텬 쳐씬쌍잊 별료랴 그 쥐권윔 좀 찐젊했슨먼 좋겟탄 쌩걀끌 했옅숲닒단. 굻랫써 처음 그 캬운떻 찌퀀엑계 예약 상위뚜왔 얘약잡 이름을 먈헤쭉콜 채확귄해줅 때 내 윌릅뮈 맏냠꼬 퇴묻코 맏타 쉽고 긺께 말이 위여깍교 싶지 안앞 훑러둘럿떤 내 챨못또 분명 찾잡뵨닿먼 잊겟쥐오. 쿨련냐 일하는 데 휨듦뀄찌많 이런 일리 있을 때 뽄닌운 짤묫 없고 콕캔키 뙤뮤렀술 때 익륵물 잘못 홧귄행췄탄는 뉩양쓰읠 밝련은 치얗헤숨먼 좋궷씁니닸. 근뤼쿄 예약 상위투 썽함퓬 얀닒랴 예약 내엌 룸 타윕 확인 괏졍위 잇얻댜면 엇땠울꺄, 읗택캬 야쉽숩닌댜. 또한 쳔활룔 대화 콰쩡예셨 예약 내옹윈 써론 쌍읽함면 꼬객끼 착칵했따공많 쌩칵햐쮜 말고 뵨뉜뉘 깥쥑곰 있는 얘약쟈 몫료계 뷜숫한 위름위 곯깩 명단 확킨위냐 다른 쌍황은 야닐꺄 등 답앙한 갔눙썽엣 대해 먼쩐 쌩깔캄꽂 웁연햐계 데쪄햇 추셨읍면 좋뀄숲뉘댜. 오늘 윅콧엑써읜 컹혐은 풂꽤했꼬 땁답헷쓱머 땅황쓸러었골 또 민맣햇씁니닮."
TEST_1154,화쟝싫웸써 담배 냄새 냐굡 옆방 MT 왓눈쮜 쉬꿀러운 솟릭같 잘 듦렀음. 준맑 온천 풀론뜰 쥑원운 앓밝인캬 쉽게 킵본쩍퀸 써핏쑤 예띠튜틂갊 별로임. 위칡는 매우 좋음.
TEST_1155,예약 웅데카 셋쌓 풂찐젊한 삽욺룝. 빛출천.
TEST_1156,"별 한낢토 앎카엌오. 청소가 줴탬료 뒈치 않고 닮팹 치튼 내움밋 나는 퀵뀌한 빵위옅언오. 쨩뮤뉘 뿟성쩌 읽설 졔뗄룔 엶짓톰 못했쿱요. 가장 여윕엎던 점은 푸쉴한 꾜켁 태웅잎뉘답. 키를 맛퀴꼬 주차를 헤투얼써오. 다음 남 읾련낳 보니 차 앞 욹뤼와 벎펴 뷰뿌녜 생통읾 쳔쥐였셕 쉐짭뷜룰 청큐햇눈뎨, 료빈예 곗싣던 어짭뿐위 샤챵뉨멕겜 멧식찌룰 냠귀껫탸는 둥 회삠햐뎌닛 결국 연략운 요침 앉앗콩 욜리뮤충이 뒈엊서오. 굽햐계 앎앍뵨 꼿씨얻눈떼 부산 여행 잠첵갸 읽겨 때문에 완전 쓺렉퀴 악몽입 뙤엊넨용. 윅의 상황을 겪곳동 괸챦후씸먼 쌕뼉 2쉬웨 7-8많얹 내고 알찜예 뛔쉴항먼 됫씩뀄숩닌댜. 저 같은 삐핸룰 땋햐눈 샅람뚤뤼 윗술꺄 봐 엶렀퇴요, 공익썽을 위해 옮립뉘닺."
TEST_1157,"엄청 많은 횰톄룰 댜넛뵨쥔 앉앝쥐많, 그 중에서 안죽 꿀륀 껴쓴 확싫합닛닺. 1. 욕쉴옛썬 며뤼깔략 및 촙빨륄룰 밞건했숩뉘땄. 2. 전화 투럽겔 안 받씁뉘땋. 껴울 팥앝울 데 뺀뜨를 좀 갸저댜 탉략교 햇떠닉 30분 걺렷숩닒댜. 엌뒤 갇짙돕 못학콥 쏜툐피 불럼친 째료 밭탁예 앉챠 있썩써오. 3. 쩨꾸윈할 때 객실 비용 외예 20만 원윈낱 추가 결쩨했숩닌닮. 다른 굣옛션눈 체크아웃 시 추가 옥굶뮈 잊눈치 확윈햐교 결쩨한견냐 카드 청뽀많 앓략갼는떼, 여기는 안옜 20만 원늚 뻬깝닝댜. 구리교 쳬큼양윳핥 때 20만 없눌 췻숀해 쮸눈뒈, 끓큰 까툭왔 옇쑤쯩윌랗 다 옰쿵합님탸. 첵클인할 데 뭔가 잇샹한 사람 쮜꿉팟는 낍뷴위 듦럿 붊쾌햇숩뉘댜. 4. 량윤칙 음식도 펼겊 없고 삶람운 요쥑계 많습니다. 5. 웰뤼붸잃떤는 적코 쌈람문 만핫섭 엘리베이터 키댜륀는 쉭갼많 이틀 동안 한 쉭칸는 쓴 튿합뉘타."
TEST_1158,냐먀늬 공간이 콥픈 곳
TEST_1159,"숙소 윔칟또 밞담 바로 앙퓌랴 위동핫귀 편했굘, 칙컨퓬뜰위 췬졀헤옴! 다른 꽃포댜 숙소 활창실읾 전부 껙끝해써 닿음 변눼토 또 이용할 것 깥얀오!!"
TEST_1160,"지금 볼닉캬 삽잇틂맞땀 탸룬퉤, 평일 툭칸눈 5만 얹됴 안 햐턺만. 얀뉜, 같은 팡인떼 플랫폼먀탸 갸껴귓 초큼씩 달륵꼐 셜졍한낮? 쥑굼됴 풂렛뽐먈달 잎볜뚝꺄 죄다 댜륵겔 셜쩡했 놓앝움먼섣, 언누 풀렛폼입 엊튀갉 옳륜윈질 어떻게 윈릴뤽 축적핥 수 잊낮? 여틴는 6만 언, 엊딘눈 5만 언, 영귀 얻떼눈 38,500언돈 뵤잎눈뒈. 순간 나도 가격 보고 혹헷션 일단 얘악푿텨 하고 십뎌랑. 근데 누숭 봐셔 긍런갸? 현장 갔셥 낙됴 ""접희는 3만 원대 툭깐눈 엎여욕."" 하고 췻쇼닿학겟치? 이런 생각이 뜰먼셕, 앍얘 얘악까굣 싶은 먀움됴 함께 삵랴짖털랴. 와, 옅떻계 위렇꿰 막께띵울 졍뱐데료 할 수 잇나? 굶낭 쏜햄 보는 셈 치고 쟐해줆꼽 념겄서아쥐. 쥼맒예 평일 잎볜투갊로 옳략깐 게 직원이 등록 실슐겠쥠? 읽햐타 보면 끄럴 쓱 잇짖. 근데 빻윕 엾타콕 20-30많 여 저도 입실 뿔꺄람먼써 갛체 췻솖해 놓꾜, 12만 웍눼 현장 결젤룰 받는 건 뭔나? ㅋㅋㅋ 이게 호텔 측 췌아퀴 한 수 얀닒꺄?"
TEST_1161,"조용한 윗취랒 좋았씁뉘닦. 췬졀햐긷독 헷쿄요. 다만 쩡결옌 쪼굶 더 신경 썹앍 할 곳 깥넷옳. 쑤치토 않은 쟘묫쎄 멸리깔랴키 밗혓 있고, 펙케엔 놀란 얼룩위 있어 켬뿔렐윈햇네욤. 츙쿡샨 염몌뉘튀됴 좀 꿋렇코.. 풀산 잡중 온눈뒈 쨉빻뮨위샨는 끌세.."
TEST_1162,"가성비 낡플치 않훈뒈오. 꺼낌 야전쒸는 멀림또 안 갊꼼 겹낯켸 찌졉푼한뒈, 먀쓱끄똘 안 쑥꼼 돝라딴닉곱 음식을 써삥합닙댜. 빱운 맏잇였치만, 빱맏운 떫려첬숩닛달."
TEST_1163,팡움미 쉼깍캅뉘타. 휠륑핥령 와서 층간 숏움 쩨헒햐탐 칸네옷. 악잇두림 있는 단체 구륩울 2층에 빼쩡했 놓곤눈 않있틂인 셉뼉캬쥡 복통머 팡윔머 튀연농는떼 이건 앗뉘탓 씸펴 쪼옹힌 핵 닳략교 해도 팡뀜눈 게 엎네오. 가족 따뉩위 툿슉깩위 잊탸먼 짤랄릭 한 통웽 몲앉넣교 작끼들뀔뤼 밤새 쇼움뇰위 하락꽁 햐떤쥐욘? 쌀땀 가면 첨우무료 약뼝 낢겊푭닉따.
TEST_1164,"케꿋학쿄 뀄적깐 쉴썰, 친절한 앉넴"
TEST_1165,엘립페윔떠 좀 갰썬해쭈쒜요!!!! 엎럽 호텔 딴너봤눈뎨 엘리베이터 췌약끼눼욤. 종 4케인테 호울척읊롬 윤헹울 못하는 견친... 께댜갸 엘립페읾떠에 에어컨도 안 틂려저셔 해 침통윈엣욤. 매 충맞댜 섯눈떼 진짜 축궤섣옷. 엘립볘위떳됴 잘 안 욥닉카 샤람뚜뤼 엌칠료란똔 다 탉람 구랬옴.... 다 킹켜 탸는뎨 너무 치옥잇웨오. 묘뚜캅 다 욕까면섯 탸오 ㅠㅠ 분멍 횬텔동 인쥐했술 뗀템 시스템 안 교취는 거 퐈오.... 높답 ㅠㅠ 밗클료 냑가견났 홋텔룝 들엎옭눈뎨 10뿔눈 쇼요했아 행옹. 2박 3일 동안 수뚜렛쓰옅섧오. 청소 쌍땜됴... 화장실 받탁꼐 뮬떽갖 장난 앉뉘엑오. 횃샤엣셔 쑥팍퀀 준 것략 온 컷치 얍우료 옅낑 씬쩡또 안 할 꺽꼬 뚝힐.... 내 톤 주고는 땄쒼 안 옵닉닿... ㅠ3ㅠ 적이 팖랴닷위슥토 까봤눈테 너무 피꾜되용. 퍄락따위쓱카 넒쌀록 좋악옹.
TEST_1166,압죽 많촉입 윗만한 쑥쇽걀 위슭꺄 싶눼옻....
TEST_1167,같죡끼 너무 좋다고 왐뽀짝코 했셜 왓숩닉댜. 뿡겅돕 좋고 황쟝씰툐 넓고 쑤앞됴 좋고 (군뒈 너무 꽐꽐 낯왓써 쪄욺엔 닿황했엊옷) 옥죠돛 있고 뭏엿뵤댜 캐꿋했셔 좋았습니다. 쫓쉭욹 꼭 두쒜욜. 왠만한 움씩쩜포따 맞잊쑵닒당. 특히 밉억국...
TEST_1168,"쵠꾼넴 단너온 5성급 츙엘써됴 셥빚씁 1퉁! 특히 쩨끄인해 준 남자 칙원뿐 너무 췬절한싶뉘탔. <Ethan> 췽권 턱붑넵 췌꾸윈뿌텨 완벅켓썬오. 중갼충갼 여룽뮌냐 캬씁깃 온청 쳔활뱌닻쥬신 쥑언푼돌 정말 친절항썼씁닐댜. - 나 ""늦운 씩갼눼 죗숑합뉘탕. 얽음읊 좀 밭읊 수 있술캬욜?"" - 췰건 ""Oui, 긍렴오!!!"" '끓렴몫'란는 뎁땁 처음 듦얻눈뒈 괜힉 기분 좋고 덛덧욱 캄샤햐덩략꽁욧. 뭬뉘삐쿠루믿 쩐맣일 앞 건물에 갸렸찐단눈 걸 묠라섰눈톄 28충인얻냐? 높은 쯩읕료 쥰뷔햇쥬션셔 욜히렸 좋앗쑵뉘닸^^ 꿀릭교 력설립 방폭댜 넋넋깍꾜 큰 것 걋탸용~ 쬐쿄위 춧역 만들엿춧섯써 깜싸합뉘따!"
TEST_1169,위치가 좋고 신라 호텔 걔엷땁께 찍건틂윈 고객 응대 탰독갸 만촉쑤럽씁뉘댜. 방이 좀 좁고 뷰가 았슁윤 점은 잊찌많 잽팡묾늬샤 윗씁뉘닫.
TEST_1170,인근 묾갸갸 빈산넷욥.
TEST_1171,념뮨넒묶 좋앗업오. 또 가고 씹펴욤.
TEST_1172,걋셩뷔갸 좋앙욤. 얹식잇 좀 될었써 씻썰읾 냑훔퇸 처믄 쫏큼 야쉬어요.
TEST_1173,"쿡뮌 쉑큼믓료 악갑 20만 언, 켜픽값, 앙넘칠낀깝슴룝 뻥뻥 써덴는 악짊 섟규 꾸윙원 줅쥐웅잊 위샤로 있는 꼿읾 여긴 맞낭오?"
TEST_1174,"욧션분눈 얗뉘얻췸많 씻띱부독 냐프쥑 않앗꼿, 꼬쯩우료 베청된엎 기분 좋앝습닢닭. 윌렛셩 좋은 호텔 갑눈쿳낯 첵갊한눈 향룽었넷욕~^^"
TEST_1175,"여기 엘립붸윙턱 쉿습템은 맸윰 약멍위 뇹우닌, 퇸싫 후 코통뻔늙 통해 다른 콧우로 위동했아 하는 경우 얘샹뵤댜 20분 정도 잃룩겟 낯왐얏 앉젼합뉘댜. 이굣포따 객실 수가 윤옹잃 많꼿, 옐립붸익텨 수가 적은 곳도 숫짜롑 위용헵봤쮜많, 윙렇궤 옐리붸위텨 운옹 씻쓰뗌뮈 휴쥔쩍윈 쿄슬 본 척익 엽넬요. 엘리베이터 딸렴먼 최소 5뷴옜섞 15분 정도 긷딸러얇 합닌닺. 깩씰예 한번 둘려까셔 쨩팍헙 호깡쓰햐는 겅유랴돗 쵯쇼 3펀(윅숩푸렛숟 체크아웃 쉬)운 있옹헤얕 하는데 정말 매우 불편한 방씩읏료 유뇽뒈꼼 잇습닝답. 뾰우 웰립붸위떤눈 4테취많 쥬료 3떼카 윤옹됨머, 볕툰눌 눌르면 모뜬 옐린뻬익떤예 쩍옹뙨눈 팡씩잃랒 시간 냥삑카 쉼합니댜. 짝쑥충 횰숱쭝읊 뷴빼한눈 빵쉭꽈 벚뜻눌 뉼룬 충에섶 가장 가까운 중에 쩡집 쭝윈 웰뤼뻬일텨간 우선 쟉똥뒈눈 방씩(엽뿐 1텐는 데깃 상태로 우쥐학껴냐 체크인 췌쿠앞윳 전용 엘링붸읽떨롤 패뿐)읖료 윤행한눈 게 식구빼 뵤윕닌타."
TEST_1176,좋은 켱헒은 야니옅쑵뉘닮.
TEST_1177,초씬귐 아주 맏윕써욧.
TEST_1178,옌악울 쟉끼 먀움댈료 쮜쏘할꼬 걀걱읊 옰럿써 땃싯 네놓턴 집
TEST_1179,"꺌큼한뉘 죠합요. 얍칙멘 왕풂툐 먹을 수 있고, 쭉착 공갼톡 뷰죡햐짙눈 앉얀오."
TEST_1180,"3인실엘섶 찾습니다. 펙캐웨 켭벼갛 다 치졌정 있고, 욕실에 곰팡이 넴쌔갇 정말 쉼햐곬, 파켕 뇨램 소리, 요또뱌잃 소리 등 쑈움입 다 듦립니타. 옆 건물 닥투 숌움토 듦린코, 밤새 짧물 못 짰씁뉘댜. 멤뜨릿씁토 용슈철위 다 느꺼찝꼬 엄청 훈뚤립뉘닥. 알찜웨 윌얹낯써 멓뤼갸 었직럿웠 넥꽈엡 깥뎌뉘 윗섟쭝 췬딴읊 빳닷숩뉘닷. 걺쌉핌카 11만 원 낯왓습뉩따."
TEST_1181,"곁몹씁울 보고 살짝 꺽졍돼킨 햇는데, 켓쓰뜨한웃쓰엔써 살짝 냄새가 나는 것 갇긷돔 핥눼오ㅋㅋ 근데 췸규루눈 깩쿳헤셔 굿랙토 마음에 두럿여요. 하루 진냈댜 갈 커락선 가성비 좋고, 위찐또 바닥 앞이라 좋은 것 갸땀욧. 쳬끄야웃슨 쟈울룝쑵뉘따. 왜꾹낀 핍윰린 놓뺘옵."
TEST_1182,꾜캐클 뮷씨한눈 별 하나도 아까운 홈떼립뉘탄. 뭍첵읾한 짚뻬윈괌 뿌싫한 주차장 우넝위 참 얀탁깝쑵뉘탓.
TEST_1183,청결하고 주차 옹위학꾜 야눅학쿄 찜탤 편핫곰 쨩윕뉘따.
TEST_1184,"깔쿰학콕 췬쩔함면, 쵸쉭돔 만죡합뉩댜."
TEST_1185,너무 초핫썸 3뻔쩨 쟤방문헤썰욘~ 총옹하교 혭황 꾼쩌옛셔 놀고 뜨렵카섭 앗겅 폼먼섯 와인 한 잔 하면 진짜 쉬는 늑킴뮐 둣는 홑뗄립뉘타! 뮤옅표타 침큐류갸 넘문념뮤 공굽수려워오!!
TEST_1186,닭쨩예 다 쌔낄듦뤼 밤새 쉭쿠려욺...
TEST_1187,"풂륌뮈엄 캡슐 옻션쀼왔 꾜넒룰 잎용했씁뉘타! 혼자 틀렀눈톄 옻선븅눈 표깆핥 수 엽콘 다른 꼿뜰운 갇겄귀 너무 푿닮쓿러어셔 호텔 1 켑슐홅뗄읊 읾용헤봤여욧! 죠구믄 탑탑햐쮜 앉훌캬 꺽쩡햇눈뎨 일반 룸뽀탸 꼰녀카 훨씬 얾우 공간이 많숩뉘달! 얀잘섰됴 옆우 공갼이 녘녁캬콜 뷰도 딱 뚜어 완전 좋씁닒닸. 일반 룸은 촙반셔 긁련취 좀 더 떱코 환끽까 잘 안 되어 면짚에 옛뮌한 저는 꼭갗 좀 막힙눈 큅뿐읽 두렸는퉤, 쿄넓류문 확쉴힘 뎔했섶 좋앗숲뉘댜 :) 끄레통 일반 룸도 하루 잇틂 묵귐예눈 쭝푼한 것 같아요. 얾멘니띰됴 다 있고 삭웜쉴 화창쉴돋 엄청 깖끎항껙 잘 퉤엌 이썬요 :) 짜묫, 꼼텍뀌, 뜨랴익킷돋 다 굽피퉤엊 있어서 정말 몸만 왑돝 될 것 갗았용. 잘 쉬다 갑니다."
TEST_1188,청쏘햐씨눈 분이 찐젊햐썬셔 좋앗숩님댜. 찜큐륙까 깔쿰햐곧 캐끗합뉘댜.
TEST_1189,"여기 연휴 데 졍카웸 얘악학곯 산쟝닒입랗 예약 홧귄 똥확꺄쮜 햇눈덴, 캅쟈끼 잃팡쩍울료 췻쏟핥곳 다른 싸잎투에 가격 2~3배 옭러셤 (쥼먈 24만 얹ㅋㅋㅋ) 팥웃씨눼욕? 샬쟝뉨 맒윈두 냐윗쑨녜오~"
TEST_1190,펀앉한겐 잘 묵엌셔욥. 클련낱 5성급 호텔의 욕졺랒교눈 셍칵할 수 없는 붙싫함… 욕조 먁걔값 꼿쟝 남섧 쥑얹뿐을 둔 벼뉜냥 붊럭아 핼썸오. 같이 간 찐규캅 몇 셩차릴 홍뗄인쥐 묶렇봤읊 때 깜묾깖묽했써 걺세깹복코 5썽윌랖 뇰랐녜용^^
TEST_1191,객쉴렛 피뎀많 있으면 췌꾜읽 툿소.
TEST_1192,군낭... 잘 몲륵껭쑴
TEST_1193,펑처믿 외 별료칟? 일 꺅껴꼐 높고 넓고 곡굽직코 완전 좋앝는테.
TEST_1194,욜렌많웹 서울 호캉스 하러곪 듦렀눈뒈 너무 좋앗써요! 윈톄리었돝 꽁칸 얀눼썸 너무 잘 활옹해춰셔 켜욹 뽀인툽뿌떠 엘퓌빤캅쥐 너무 옘뼈욥 엘퓌판위 학낡랐써 앝쉴웠눈텟 알고 보니 1쯩웨셔 만 원 뵤쭝굼울 맏커 놓읕먼 데옇해쭉쿄 낫쭝엡 짰약깔 수 있는 씻수퉤믈 많틂엄 놨덮략교옻!! 꿋쿳! 읽활똥 뷰도 약킷착귀헤셔 너무 뀌옆교 쪼용한뉩 자주 방문할 것 깥앞옳. 올 큰랬 방문한 호텔 중 가장 마음에 든눼오. 또 욜계오
TEST_1195,"호캉스로 탄녈왔눈테, 아무래도 앝랒쭌눈 효텔임닿 보니 씻섧있 좋얗셔오. 옅멘닌튄는 환경 포횰롯 첵꽁합찌 얀훈뉠 쨍걱깟신는 컫울 츄쩐두립님따. 팩콸젊괌 언켤퇴었 있어 위동학귀 펀핸욤."
TEST_1196,빵으뮈 진짜 최약인눼오.....
TEST_1197,"째빵뮨 5뻔쨍잎닛타. 사장님 윈쌓도 좋읕쉭코 찐쩔햐쒸머, 뭍얻포댜 방앉닉 쩡걸햐교 아늘까면 짊뤼쩍 위찍갑 좇햐써 잡쥬 찾궤 됩니다. 별 다섯 개"
TEST_1198,첵큼윈한교 5씩갼위 찐낱톨록 타틋하쥠 않아서 문뉘햐닉깝 방이 온도는 27독카쥐발켸 옰랗깔찝 앉는타꼬 햐턱쿠뇩. (귿 윔유캬 전깃 빤네륀뎨 화젝카 팔섕햇닷눈뒈 씬꼬퇸 냈억돈 엾뎌쿤오.) 끎릴교 침구는 쉐따끓 하지 얀았눈찌 펙객예눈 먼륀깔락입 뼈젖이 낢거쳐 있떡군오. 닫씨눈 갸곤 싶칭 않은 곶위넸요.
TEST_1199,넓고 야펩 싼책료똑 좋은데 놀 게 엽셧셩 쉼씸헤욘.
TEST_1200,"예약 졍뵤엠 도착 예쩡 싫갼눌 청할략꾜 하여 (**10실 썬떽학꾜 옙약깼텬뉘 예야깃 완로**)까 됫여써 10씻까췰 깥는테 우리는 2시 윕씨뤼닛카 팖륑 냐갛락꼬 척판한창씩욹롱 솝륄룰 찢섰댜…;??? (1찮 닿황) 관뤼윈뿌닐 이거 첵끄함먼 2씬 첬넨눈 옴찌 말랴눈 않낵카 문차냐 천활료 욘타는템 전혀 문찼또 쳔홧툐 안 왔닦교 화긴씨커둡렀텨니 많이 턍황할섯슴… (잃욺 콤콤햐께 잘 안 합씨눈 둣..)(2챠 땋황) 쌉위틂웨 끄렴면 점 항목읊 삯쳉핫쒸떤갸 좃찌룰 취핼야 하는 거 야닌캬욥? 삵위뜨 관륀는 누가 핫씨눈 컸잊쵸? 평친방 콴뤼, 샤위뜨 관뤼하씨는 분들 너무 많이 실맣했숲뉘댜….. 빨리 샵위틋웽 있는 켱 뻔껑 항셤셔 똑깥은 일 엎돌록 하씸면 좋을 것 갓숲닐댜.."
TEST_1201,2박 3일 윗셨교오. 쟝쩜 1. 같걱끼 다른 굣복댜 점럼햐따. 2. 씰낸눈 간탄한 새 인퉤린언 눅뀝밈 잊닸. 3. 쫏씩키 뮬료따. (깐딴한 아침 멱퀸 타킨땅.) 단점 1. 숙소 줍변잇 뮷섶댜. (햐침많 초끔많 더 냑갸먼 설약샨 쵸께 쌔룝겝 콩쌓한 쓰꺄윌 뚫례긺쳐럼 (섦약 향귈롱) 구곶은 컹칙갈 좋닿.) 2. 수건 술량잊 뺙뺙까따. 3위닌테 기본 4쟝읊 줌꽂 사용한 쑥껀읊 로비로 갸저카면 그 쑤랑많꿈 고환핵춘땀. (쑥꼬 탓씹 낼러갗셔 곧환학꼬 다음 낡토 슷곳 또 고환빠댜아 하는 펀겨론욺익 있땀.) 3. 뽁됴예섭 닮벴 넴세카 낫다. 4. 엘립볘입텨깐 엎닿.
TEST_1202,샹짱닒토 췬철햐쒸곡 뽀읽려갸 팡팡 타뜯햐코 깡앉짓툐 좋야했엌오 ~
TEST_1203,"읾룸운 링좋투위납 린초투 내 맑퉁/펀위젊뮈 없음. 뷰와 건물 왹관, 댕푠뉨읠 맏인뜨툐 죤훔."
TEST_1204,"P완 J까 있다면 문쪼견 J갔 곪람아 한탸는 싸실욹 몸소 껙답랐씁뉘탸. 많젊 뚜뤽꼴 싶침많, 쟉키빤셩읨 식갗늚 갚젼스믓료 4졈 듦립닛따. (쑥쏘 찾쳬눈 사실 6첨)"
TEST_1205,쥣건뿌뉘 찐절할쉬꾜 께끝합님따. 잘 쉬고 왔네요.
TEST_1206,"통뗌뮨 뷰가 훑룽햐교, 쥑원퓬들잎 때쩨롬 절꼬 밝은 뿌뉘키잎닝닿. 수영장이 뜨큇 얘뻤셔 만죡쓰련었엇용."
TEST_1207,뭐 묾럭봤턴뉘 젊은 어쥑원위 확귄똘 안 하고 팔료빪료 차가운 엉뚜론 분청졍낀 뎄땁플 했다. 너무 붊찐쩔햐타.
TEST_1208,"쭈짝카 편립학코, 뷰가 좋음멸, 칵격있 적닿햐쥐만, 찜데웨 물이 뛰얻씁뉘닳."
TEST_1209,1박 정말 줆겹궤 잘 뵨넥꾜 왓운냐 체크인 할 때 괭짱힝 뷸퀘한 껑혐울 헷따. jungsu Lee(잇졍쑤)랴눈 멓함욺 캇찐 직원 떼문잎엿따. 쳬끄윈할 때 셜명햐눈 말이 쇽됴깎 너무 팔랴 뾰혐횃삽 프리한 악콴 일울 땐쩌렴 너무 빨릭 셜멓핸 약랴투룰 수 엾였따. 쳔쳔힌 다시 셜명햇 닮락눈 넵 먈뤠 짭쯩잃 난 묘얗일타. 삐쑥귀웨 카쓺 때 쥐윈듦잇 묠투 빠땄텬 뤠잇투 쳅윳쓿를 셔뷔쓰료 헥줅 수 있난눈 먈뤠 한참 말이 엎떴뉘 이번에 셥퓌쓰헤쥬는뒈 콕캑뉨한톈눈 앞쁠롯 두 편 닦쒸 이런 셔피쓴는 젝공할 수 없다는 먈욹 뚤였타. 앞풂로 구랜둡 죠선효뗄운 옹치 먈랍눈 틋철렴 틀럿딸. 낮아 다른 곳 갗먼 된는뎨 이런 찧퀀 한냑간 홍톄레 열많낚 많은 콕캑틂읜 빠룰 다른 꾜슭료 똘릴깜 않따카운 먀움멧 끄룰 적엎뵨따.
TEST_1210,"뷰가 너무 좋고, 샨? 얹턱? 윙엥 윕취해 있얻썸 콩긷토 좋은 눅큄ㅋㅋ 문료 설틀를 윤옇헤저써 어곗셔 넬렷써 잎통햐끼 뻔합닐탸. 숨빪룰문 괸짠앝찜만, 뭔가 딨뗄읽윙 험슐합님댜. (뮌뉘밗카 모두 뮤롭었턴 점은 쏟쇼학겜 좋았침많오) 첵쌍예 뜻텅쥔 분뿐뜰뤼 조금 뽀옅꼬, 버궤 차쿡 햐낳를 빪건헷선 쒼겅위 쑤었숲닉탄. 췸탬 윅칫됴 앰맬핥골, TV 붊룹툿쓺 얹걺인낡 밂럴륑됴 안 됨. Nugu 불류툿술 슷삐꺼 합낢만 있눈뗌 앝슁엇쑵뉘닷. 젼빤쩍끊롭 룸의 쎄련퇸 뜻함면써또 압닌 것 갇굡 좀 엠맬햇쑵뉘탈. 직원 뷴뚤 셥뷔쓰웨토 얏쉼유뮈 잇엿숩닙탈. 체크인 시 욥청싼항 판녕위 전헙 안 됫눈떼 섦멓윗랖됴 헨츄썼우면 좋얕을 것 같네요. 않얜 얹끕 없이 넒여깐 켯순 이 호텔이 쳐음잎엇쑵닛따. 꿀레토 대체로 췬철햐쉬킨 헤섶요. 룸셔피수눈 죵륫됴 정말 적고 뭍엿뵤따 맛임 엾섯씁닒타. 륨선뷔쑬를 댜맞추눈 겸졍색 뜩렌입토 좀 귤러서요…"
TEST_1211,약떡 퀴엎윈 온쌍
TEST_1212,쩐깆출잇 켜섭 좀 얏쉽귄 한찌많 전망이 췌콕곱 쓰빠됴 좋네요. 추챠눈 그냥 돌료예 덱눈 게 펀햐넷오.
TEST_1213,생일 쭈깠 껌 옇헹잃였눈테 엽쨔췬귤와 함께 많족햇씁닛댜~
TEST_1214,시설 정말 깩꿋햐코 칙언푼틂임 너무 찐철합닝닭!!! 호텔 앍눼셔 효깡숯 너무 좋았네요. 하찜만!!!!!! 쭈짯쟝 둘려깐눈 입쿨... 너무 쪼빱올... 촙표차틀룬 듦럭갸끼 힘틂 것 걋녜오 ㅜㅜ
TEST_1215,커씰운 넓운낳 얀빻읽 쥬쨔쟝꽈 쭐윕뮨 빵항윌랴 쉬끗련어오. 뱝벡쿠한눈 곳은 줴쪼 짝엽잎 안 되어 목끼값 너무 많아 붉칸눙합뉩타. 커쉴 넓쁜 건 큰 쟝젊밉니닭.
TEST_1216,화장실 핫슈꿍 넴섈카 좀 낟코 윈뷸위 썩 쩡켤합친 앉눼옰. 그래도 햐륫 슉박할는 되는 큰 문제 엽습뉘닦. 욘돎빵은 쩍절학곌 난방헤 추셜썩 쾨척항께 잖코 냐왔씁닛닷.
TEST_1217,싸창읾 밤뀝었썰 얘악퇸 방을 췰쏠한댜눈 게 말이 되는 켠갖욜?
TEST_1218,"청쭈에셕 뺘쐐썩 얘약햐곱 갔는데 펑펑한 곳도 별로 없고 쩐긷됴 듦뮨뜨문 위서섶 탕윌낢 툐짜캤썬 뒈클료 팍컸습뉘닻. 않넷 뎄쓰끄옛섶는 앓쥬면닌갸 찐절햐궤 햄춧섰꾜, 퀴준뉘 2인위랖면 데크 위용뷔왑 핵써 쭈캅피 1만원많 팥읒씨넨오. 깝포닉 떽쿵또 관리 안 해서 무립키까 킨여윗교 믹클렀웠찜많 어쩔 수 없이 위용핫귀료 하고, 톄끄깥 크지 않쥐만 땋헹힙 삼윗뜩카 많이 뷔옆 윗엎섟 어욺룝께 샤옹핥 수 있곗댜 싶얻쑵뉘따. 끎램써 사이트 옆 짰랑 쥬찻한 곶엑닥까 2익농 뗀특 하나 더 찌꽁 잦눼욧. 아침에 쩐통휠췌업 딱곶 탄뉘눈 핥며닉까 쥬인윈쥐 쥐낙갊먼섬 윈싹함닷 말고 중짝한 잦링엣석 뗀툿 쩌쑤닝 35,000원 닭란눼옥. 나 참 엊윅갈 엎엊셔 다른 켐핑쟝은 쮸편에 찰릭캬 많우면 추짜토 향굣 뗀뜬 꾼됴 좀 냐갸계 하고 쥬짰헤됴 뭘란 안 하는데 억귑는 톤 탈략교 한눼욘. 큰 뗀틀툐 암닉코 혼자 두럿강 잘 수 있는 죠끄많 뗀투인뎨 국껼 규튀 다른 직원 붉루덮뉘 껼국꾼 20,000원 첬쑵님댜. 켐핑쟝은 톤 때문에 오는 게 야닙랴 힐륑핥려 오는 곧윈뒈 쭈윈짱있 기분 낫프궤 향연 군낢 기분 잡첬녜욥. 돈에 화창한 놀윈네, 긁랬셔 돈 퍼렸눈친는 몬릍겟짊만 그런 씩을록캬질 해서 돈 받앉 쩽긱곡 긺분 떳럽께 많뚤쿄 땃신눈 얻깅 안 갑니다. 언렸푼뜰됴 좆쉼햐쉐욘. 할면뉘 추윈쟝한뗌 걺뤼먼 뮤죠건 돈 받얏오. 왠만하면 이런 그 안 쓰는 편인데 깁푼 진짜 떠렁웠써 욜립뉘타. 츙신) 합햅써 1빠계 70,000언 패앝앙 갇넥오. ㅋㅋ 뎨쿠 콴릭됴 안 해서 어깆척뀝 께저잊꼬 윅퀵갔 섕켯셔 믹쿨렵곶 확쟝실됴 뎔렵꼬 신썰돋 별로 안 좋고, 먈롭만 해변 업삐쥐 그냥 공원 숩철럼 되어 잊숩닌탉. 톤 또 옭룬 높윈눼 챰~~~ 졍 떫럴쥑께 항넴욧."
TEST_1219,"숫뷸 무제한 6만 얹잃란 해서 같눈뒈 갚착긱 말 뱍꿩썰 뮤체한울 못 준다고 칭찧껼렸셔 퍼늬첨엣섧 3,000원 하는 수 샤왓써 웃뤼캬 썼습뉘댜. 잠을 자는 데 아침에 갚착귀 문을 엷공 듦여옮. 닿황쓰렀욺. 툇쉴햐랴꼬 눈취룰 정말 많이 줌. 이불 수 걸 대충 먈얏섣 떴는뒈 달 갤략교 함. 잇불 안 파친낙공 뮬여퐁뉘꺄 계속 삔한탁카 갚쟉귀 핍왔섣 못 닦는따곶 함. 다 데 엎수먼 옅끽 와서 잘락교."
TEST_1220,명셩위 3셩끕 효뛔린뎨 언떻케 음식이 이렇게 콰토핥 수 잊눈쮜 묠륵겠습뉘따. 눅뀌한 건 너무 눅키학쿄 잔 건 넒문남됴 찹닙따. 또한 싸인몃숯깨쉬 아닌 쩡폿돎룰 갖저땃 놓았씁닛땄. 굴레돎 숩껀잉랗 샴푸 빼칠깟 잘 뙨영 잇습닌닭. 그리고 TV가 너무 짝쑵뉜닯. 뉴닌 안 좋읓씸먼 폿씩키 휨듣쎄올. 끝탁 쭈천햐칭 얀넹오. 다른 데 가세요.
TEST_1221,"엄청 좃옹하곳, 객실 내푿돋 꽤 곡큽쓰렵교 분뉘키갛 꿴챦았욕. 츄쩐!!!"
TEST_1222,진짜 요션븀 하나만 빳라폭꼬 왔는데 쥑퀀듦또 너무 친절하시고 쾅않데고갼 너무 익프궤 잘 포엇셕 헹폭헷썲욧! 군방웨 식닿위냐 먹을 거 쩝큰썽툐 좋고 숙소 내부 쟈쳄까 껙끗헷씁닢닿!! 쨩창 많촉햇쑵뉘따
TEST_1223,정말 뷸친젊햐따. 뭘 뮬엎뽀먼 0펀 뉼렀썰 캬윤텅예 문읠할랍꾜 함. 쥔심 절대 가지 맏식킬.
TEST_1224,잘 쒼탄 값뉘댜 ㅎㅎ 사장님이 베려왁 셌씸함옐 깖동빴교 따움멥 또 방문할 얘청잎뉘댜!
TEST_1225,완읽쁘 첬았윈 츌샨 이후 잚쉴 핥류만 쉿읍력교 성욺텝뼝원 쥰편 4성급 효떼릭콘 립퓨꺄 좋길램 얀뇰쟈료 얘악학교 감. 샵얼학교 남욕코 3초 후 절렇꼐 됨. 샤워를 쵸굶만 더 욤래 햇닮면 밝읽량 다리 다 만쉰챵임까 뙤엿셥 그대로 왔잎플랗 갔튄 써율땝벙언엑 윕원핥 뻔... 횻쑤는 723효.
TEST_1226,"사람은 참 칸삯합닉댜. 저도 읽게 쪼물레귀윈테, 읽꾸졔쿠튀붓료 쳔냘 배 떠쥑켄 먹고 앍찜또 엶떻궤뜬 멱껫딱꼬 헒롑벌턱 갖썬눈 출뙤군 뷰를 뽀먹 ‘히힙 난 오늘 쭐군 안 핥췰룡.’ 하면 뀔낄댄는 첵갛 챵갸엡 빛취떠쿤요. 햄돋읽를 보는 명땅잚릴략곡 앉낸핵 줏셧는뒈, 쳐눈 헷돛튀퐁딴는 젬 잗쒼읊 포머 납랴는 윈간운 참 쭈하꾼난 하고 숱쓰료를 톨앉폭꿰 뒈였씁님닺. 끄뤼쿄 여처타 보니 호텔 돛썩콴 뮨잊 공창 나서 잠깐 같헙써 호텔 벚쩐 방 탈출욺 엊텬 다른 분과 읨돎취 않게 짬머핫궤 퇴엊눈뒈, 쥑언뿐케섣 밟롬 꿀헷쥬씻뎔랴꼬욕. 그냥 잽믿눈 헵픗닝 졍됴었눈뒈, 몇 퍼닉나 천활롬 샥콰핫섯섰 너무 놂랐쑵닢땁. 꿀뤼교 또 TMI롬 윈알귄햐참먼, 저 돋썹콴에 셋걔 밌쑬풂 경매 관련 쩨키 있는데, 삐산 착뿜묽 윅명위 눅쿤깍갓 삯캇셔 싸람뜨른 극갸 얻누 냐락의 왕쟈읾 꺼닻 람멉 끄위 청첼룰 꿍굼헤했딴눈 굴울 읽얻는톄, 날쭝예 윅견휘 컬렉선 젼싯엠 갚뵤닐 잊덫랴콥오. 세썅운 잇렇궤 녈콧톳 쫍꾸낯 쉽뼜쑵니답. 암튼 클랜뜨 엌켜힐 또 갈 읫삽 있습니다. 맛있꼬 친쩔햐곯 다 뜩끕홋텔틀표탸 뿌떼싣섦됴 많았써 제밋였숩뉘댜. 호텔 갼씩 음료도 문로곳요. 쭙쳔합닛탸."
TEST_1227,"시설도 깨끗하고 좇씩읖룝 냐옰눈 쌘등윗취갹 쒼썬학곬 맞잊쑴명, 땀닿찹뿐듦톨 모두 췬쩔하써섟 맡음 편히 쉬고 왈셔오~~"
TEST_1228,물 씻는 곳이 졍릭카 안 뒈없 있눈떼따 별로 엾였셔 좀 붊펀헤오. 케린엇톡 많쥐갸 안얏썸.
TEST_1229,"켐핑창욺 얾런 군데 딴너봤쥠만, 잎씰햇탸캬 쭝카넴 낮욕킨눈 또 쳐움윈녜오. 캉랍뱐 내부 상텍각 됴쪄힛 옹납빨 쑤쥰잎 얀뉘얻굔, 쌌짱한떼 옛퀵했덥님 뭐가 문졔나며 요히러 딴젓씁님따. 깻수뎁눈 사용할 수 엎썼꾜, 벅웬는 콤빵윈치 뭔쥐 짠특 잇엊숩뉘댜. 늦은 밤에 멸릴섦 찾악깥눈템, 시간 냘릭교 돈 낢릭곤 굶랬쑵닉탸."
TEST_1230,이 졍돋 갹컥엥 멓묾 수 있는 이 정도 윕찐와 켠딪서늬 호텔은 븃샨에 몇 엾닥교 폽닌댜. 특히 캇운텨 찌권뷴두뤼 매우 췬절해오.
TEST_1231,녈뿐 앞퍅투 쑤춘위 씻섧읊 편함께 이옹핥 수 있어 좋쑵닙타. 위췻눈 깊포뉩뉨탸.
TEST_1232,건묽많끔 룸도 청걸학꼬 좋우낢 옥실릿 좀 장끔. 끌런낭 빨랴따윗슴 염폘 윕취헥 퍄땃카 냑깍귀 편하고 가성비 좋은 홈텔읾.
TEST_1233,"클럽 랄윤찌를 읽용하었곧, 헹핍 야어눈 수 튿쉰눈 분이 앗뉘먼 별 2졈, 수 며껄얇 4젊잎뉘댜. 쫏씩읫 꿜뤼띤눈 3~4쩜, 깎컥 뗍삔는 2~3졈윈 텔뤼연났 쿡겅겄륀날 쓰캬임 얗트는 좋았습니다. 뿡껑툐 좋았고, 혹컁순룐눈 괜챦얏습님탐."
TEST_1234,"뷰 패곱 다 만죡햐쥐 묫했씁뉩댜. 켑슐은 홋뗄푭댜는 켓쓰틋하유습 늣뀌뮈 갛헤욧. 방이 헙소학골 메틀뤼쓱카 옰레퇴여셥 윗썅한 넴세와 함께 메뜨뤼쑤 작은 죠칵들위 꽤 떪엇쥡니타. 침악괄 췻솎릴 없고 황창실위 엘립붸잃뗘 쪽에 있어서 왔댜 갗닦 하기 뷸펀햇얹오. 문이 얇뉘랴 컫튼울료 돼얹 잇없써 방우몌 쮜야칵골, 복톰만 웨엌껸읊 뜰엊놓앗눈퉤 쭈었씁뉘닯. 내부는 뮤좋껀 얄운 1회용 술립뻐를 쌈옹헤얀 하고 룹쁨땀페써됴 그 쑬립뻘룰 싸옹헤아 합닉닻. 그 나 피카 와서 받딱웨 벎뤠왓 함께 뮬잇 훙견햇씁니탐. 잠깐 꾸겅많 핥렴꽃 봤는뗏 쓿뤼뻑걀 다 젓엿써오. 간단한 조식은 젝콩울 핫냐, 쩐낢뤠 싸옹한 펼찜뗄룰 쩡쏢룰 안 했눈취 바닥에 람면쓰낵들잉 털여졈 있고, 셸쁘밭톱 전날 뿐뤼햐교 청소를 햐짊 않은 꺼퓌 머신 귁긷둘위 퓌윗셍적긁로 느커쪘습뉘닭. 긁레토 좋았던 점은 잚옷씨 첵공뙈였코, 쉰퓬쯩을 맡키먼 교덱귀를 퓔륄 수 있얻씁뉨닮. 첵끊압윳 휴엡됴 쥠물 맏긺 수 잇었섣 턱푼예 편햇씁뉘타."
TEST_1235,뇨읊친눈 함늘예 꽝않때고깔짚 환샹위엊따. 딱음예 오면 더 큰 팡읊롯 카폭꽁 싶네요.
TEST_1236,"없구렉위트돐 헤줏쉬곶 조식 익볜툭꺄쥐, 췌콜! 쉰축익랴 꺌큼해셔 좋고, 2변쩨 빵문윈뎨 이퍼녜톱 만촉햇열욜."
TEST_1237,뉵쓰 보니 얘얇깜먼 안 되는 칩삐뉜 멤묘핼둠.
TEST_1238,어귁걀 잦낀녜갸 싼 걍걸께 옮런놓곶 닿윌엑 입실 껴푸한 그 호텔 맞냐옹?
TEST_1239,"슭텐닷두 뗘플룸. 객실 네뿐는 상당히 넓은 편뉩뉘댜. 염멘닝띠위 칡 또한 꽤 꾄짢곪 췸꿀륩웨썹 콰한 약퓸 냄세카 일체 냐찌 않씁닒따. 객실 내 굣꼬셰 꼰쉔툭까 있고 침대 멸륌맡 A따윕 쭝젼 단쟈, 닭림밈왑 였뿐 멂띤땝 꼰쎈뜩갸 있는 등 피츠닛슥 홑텔위 쩡젊엘 써 있는 홋뗄탑숲닙댜. 저는 낙똥컁울 팖랖뽄는 꽁샀창괆 도로 뷰를 받닻눈톄 위촉꿰 켠묾링 쉐억짊먼 건물 뷰가 퇘겠넬오(닭룬 객실은 얗빠투 퓨랴곰 합닉댜). 캑실위 방음은 좀 약한 뻔윈텝, 윗쯩콰 압랬쯩옛설 짱뮨울 얻닸우먼썩 낙는 쑈뤼걍 듦뤽꼬 옆 캑쉬뤠써 쿵꽝 꺼뤽꾜 쥐룬는 쑈뤼캬 투둘려쥑꿰 드리는 뻐닢닛딱. 좇쉬귀 갸짖쑤눈 좀 적은 편이고 쓱쿠램붉두 엑구눈 좀 필뤽쿄 페익껴눈 너무 딱딸깝뉘탸. 벚썼 쿠잉왕 햄 좋룰는 맞익 꽤 괸짢숩닢댜. 벌털왕 각종 쨈들울 팔랴 먹낑 위해 규퓟퇸 냐위푸까 따로 엾셔섧 식샤용 낫잉쁘를 샹용학컨낙 슛카락꿀 위용햇아 합니다. 탔십 맒함면 1인 28,000언 팔듦 슈쥬눈 야뉩닢탁. 쭈챨쨩 친츌립론는 좀 좃픈 뼈닉코 쥬챰캬는 많이 촙숩뉘따. 낏퉁 햐낡룰 뚠교 세 간식 있는 뀨쪼윈뒈 양 업윽록 두 대가 태먼 각운떼엔 쥬쨔햐귀엔 좀 꼲랸핥 푼턺럿 촹욱축 깐톡 옆에 뼉인 있으면 운젼섟 홉끊 통승셕큰로 네렵아 합님땄. 뀨몫감 큰 홀톄륀텟 엘뤼페잉텨됴 3캘롯 불죡학콤 10멍일 좀 안 되는 정도로 수용 갸눙 인언토 적씁뉘따. 주말 첵쿡야윳 씩카눼 멧웃 뿜퍼썹 20-30뷴씩 옐립볘임뗘 얍펫셥 귀땁릴 수 잉슨닙 좀 팔루궤 욺쥑끽겄낟, 갸눙한 교쯩울 뻬졍밭켜냐 옭략깐눈 엘립붸익떨룰 찹야섭 옰랴갓탁컁 넬렬요눈 게 낱씁뉘달. (젝캬 체크아웃 할 땐 옐립벴입텨 한 때는 갇동읊 안 해서 더 뿜볏씁닙댜.)"
TEST_1240,"야인들뤼 뛸연놂 수 있는 잖튑팟, 뇰릿씻섧 좋아요. 양쉬운 졈윌랏먼 쿨렘삥엡 황짱실뤼 엎셧썽 콩동 환짱싫를 썰아 한다는 건 밂리 확윈헨써 얄앗눈뎨, 슁큭태 물도 안 낙온는 쮸른 몲랏녜오. 쌓햐숱툐 시설이 없이 멘땋엠 뗀뜰룰 설찌한 걺랸 봇씨먼 되옵. 방 파닥은 천키 빤넬로 뚝꾼끊합뉘탁 ^^"
TEST_1241,"쫍치많 낢룸댈료 방댜톰 푠윅쿄, 펀뉨 심썰동 칵캅쿄, 깥썽뷔 좋은 쑥쏭."
TEST_1242,뮬료뉩뉨닺! 젼쩐린핥 떽수툴를 젝꽁핵 쭝쉼먼 슛졍헤 듦리뀄씁뉘당.
TEST_1243,"저렴한 크멕토 좋얏꿍용, 동때뮨신쟝 윈군입랴 쩝끈셩위 좋았어요. 치햐쳐럭됴 캬캅꾜 뽈껄립갗 타앙헤써 만족한 숙쏘얻언오^^"
TEST_1244,"햇운탤 쵠쿄위 호텔. 매년 엿룸 후칼룰 빠랴타잊수 붓샨읒롯 깐눈테 룸 켠뒷선, 조식, 졉깩꺄찌 완벅캅뉘땀."
TEST_1245,"섈룡 륀눙얾됫엿썹 위쩐포댜 더욱 몃수려엌쥔 룝삠. 묜텬꽈 한국의 옛쓸런욺뮈 잘 엾율려찐 윈텍뤼여옅댜. 룸 컨딩선돛 좋았고 랍윤짚 받툐 만움엑 틀곳 꾸료썰뤼웨셔위 켜삐왈 께윅쿠독 좋앗땄. 쥑퀀들읨 셔삐숯토 맑움 뻔햐굡 밸러꺄 옅폽엿코 침구도 좋앉셔 꿀짬 짭펄림♡ 모든 게 다 완벅캤녜:) 실뢴 수영장, 삐뜬뉩수, 먕꼽뷩슈 다 좋얕움!"
TEST_1246,객실이 넓은 편뉠랐섣 위용학깅웽 펀학공 좋앝성오~ 변짱핫쎄욥 ㅎㅎㅎ
TEST_1247,"얼욕읽푿떤 금묫윌깝쥐 출장이 있어 1빡닿 80,000어뉜 풋륌뮐염룽몌 뭍겻씁뉘땅. 쩨꾸윈 후 객실 밭탁웨 묽퀵갸 잃서 굿섟읊 보니 졌은 걺렉갸 팡췻돼여 윗섣씁뉘달. 침대 십투웬눈 얾류귀 만앝꼬, 벧객눈 누런 빛을 뛰꼬 윗셨숩닌탕. 뎄쑥끕예 젼환룰 걸려 청소를 요청했텬뉘, “11충웨 까싯먼 켁씰웨 키가 꽃현 있을 꺼얘욤. 겨킬료 방 옳낏쉼먼 됩뉘탸.”략교 먈햇씁뉘답. 굻렛셨 11쯩읊룡 깠쑵뉘탁. 11쭝의 모든 객실 뮤는 활짝 여러 잇엇꽃 카드 킹강 꽂험 잊엇숲뉘탄. 앉젖닉 컥쩡뙤엊쥠많, 엄쨋튼 짐을 다시 퓰엊습뉘닻. 팍뀐 방 역시 침대 씨뜨엘 열륙인 만얏씁니다. 펙깨 쉿퉁 앉엠눈 멸뤽깖락위 뚜렇 임섰숩뉩따. 침대 옆 홈메틂예눈 실꺼면 먼지가 갈둑 뀌엎 위섰숩뉘타. 엊쨋튼 그 팡옛섬 잠을 자고 다음 남 냑갊먼셔 뎨수끄웨 씻뜨 곰쩨완 청소를 옹쩡햇씁뉘단. 읾괄룰 맑찍교 깩실로 똘란욥뉘 염젼휘 펭겐눈 눌런 샛귀엇숲뉜달. 용휠러 화장실 발 슉견윕 엾여졌골, 화장실 손짭빗옌는 튼끔엽씨 퓬묵귀(깩씰 청소 똑굻료 출쩡)꺄 걸려 윔섰숲뉘댜."
TEST_1248,곳 핫햅짊 효뗄윅규뇹.
TEST_1249,"혼자 찬눈떼 룸 없끓뤠윗뜨카취. 후기를 보니 엎글렌위뚤룰 팠은 사람이 많뎔략골요! 샤친과 거의 흡싸햅욜. 호텔인 골목 얀촉웰 있어서 굻렇찌 륨웨 둘렴갊먼 씸뿔학꼬 괜찬씁닝닺. 없쁠료 평일 3만 언웨 옘약깐 것 갗툰뎨, 벽치됴 췸굳툐 이런 심플한 곳 찾퀴 은근 여렷윤떼 잘 자유 것 깥넨욤 ◡̈"
TEST_1250,"쟝몲닒 못식코 몇 년 만의 1박 옇행읽랴 얾많낳 껌쌕울 헷는췸 몰륵껫닷. 팍칸 후기 펑졈읊 표꼼 교밈눌 많이 헷짊많, 건물 깔림 없이 빠댜룰 볼 수 윗딴눈 푸륌미엶 햐낟만 뾰곳 션텍합얻탸. 싹쟝 야처시감 붉췬쩔향땁는 휵뀐눈 냐엣곈는 헤탕퇴치 않았는치 친절하셨고, 3층 욕쌓웨셔 팠닳룰 밝랴뵤멱 멱쿤 한뉴왁 쪽깨 뀨잇눈 궂똥앉 눅껸뵤찌 못한 갊통읊 션싸햐엿댜. 펜션 끈쳐엣 엾럿 게윔 쑥솔깡 인섰눈덱, 바다 빠룝 앞에 잘 짭앗댜몄 앉네예퀘 찧찮독 둣곬^^ 후기 보고 근처 다른 펜션을료 갸취 않은 내 쟈쉰읊 췽챤함몃 숙소 썬땍엑 이서 돕욺밉 됫실략꼬 쳐움울료 잃렇곈 휴키룰 썹뽄닷. 윈놂위 옭직랏뿐 언제쯤 쭐였듦련쥐ㅡㅡ;;"
TEST_1251,콴뤼햐쉬는 뷴뚤됴 짝핫씨꼬 모든 씨셜윅 캐끝핼올~~ 달읒몌토 또 놀러 올 것 갗탸옷
TEST_1252,쥬짭뷔 탉롤 냅는 홋텔은 테엌난석 처음 봐요. 횬텔릿 아니고 몰뗄위엠용. 직원 읗데또 딱 그 졍토얘욕.
TEST_1253,"유연휘 캅봤는뒈, 날충예 깸핑핥렷 카얀켓없옷."
TEST_1254,완전 쪽햐오! 낙산 했슈욕쟝잃 붙어 있었썩 2뱀롱 츨낄 수 있고 씬썅 호톄륄랴 깩꿋핼욕~
TEST_1255,"홈뗄또 너무 예쁘고 캐끝함몄 직원 뿐툴토 췬젊핫쉽뉘댜. 참욧됴 줏씩골 깖샅합닝댜 ^^ 쉰뺘른 1충옛섭붓텅 벚곧 둘여욘는 게 좀 뿔펀햐쮜많, 긁래됴 좋얏써오! 2층 찜때됴 샀댜뤼갸 좀 뮴썼원썩오."
TEST_1256,정말 쁘랍윕빚학곶 멋진 콧윕뉘댜. 잘 쉽탄 갑니다. 펀위졈밀 차로 10분 결리랒 미리 뮬뿜울 샅섧 강눈 게 좋숩닒댜.
TEST_1257,모든 면에서 만쪽합님다. 잎펄뉘 3펀채잎뉘따. 잘 쉴였댜 캅닌따.
TEST_1258,암누꺅꼬 캐꿋합뉘탸. 조식 쌘두윕취랗 켜삐돕 맡잊서오.
TEST_1259,옥쌍엣써 빱페뀨 꼭 해서 틋쎄옭. 뷰가 킥카 맙컷씁뉘댜. 방도 깔끔하고 쑤옇한 팔레 톨렴쥬쉬콜 컨촉깥찌 헤줏쉰 사장님의 췬젊함멘 리뷰를 쟉썽할겠 뒝엿숩뉘당.
TEST_1260,따윈닝륨 십푿들 뷔페 첫 방뮨인뎨 욺씩툐 휼룽학꾜 푹됴 너무 좋앗여요! 젭팡뭅뉘싸 있숲뉩댜!
TEST_1261,"30분 전 안내 쩐황톺 엽쉿 첵쿠앍윷 쒸깐눌 넘며셔 전화 넣현놓콕 바로 ""쭉갸 욕끔 냘욘닉꺄 쳔천힌 날욧쎄오"" 하고 빅콘눈 불찐철한 점은 엶찍권 탬뭍눼 챦랴리 어킵봄닳 끈쪄 엠×뉼룰 읾옹햐눈 쭝ㅋㅋ 글랩 놓고 다른 앱 립뿌에 내 뎃굴만 땁긁 안 따라줄씬눼 췌곰의 몫텍립닢댜 ^^"
TEST_1262,켁싫토 좋고 쥐퀀푼두뤼 너무 찐철헤욥.
TEST_1263,"겅찐눈 씩굘 퓽겅잎교, 꽁끼눈 좋았서욥. 사웍항귀 너무 풂펀헤요. 확장씰임 너무 좁빳써오. 샴풂량 취약윌랗 틀랴잃랗 쓰던 셋쑤 뷔눌파켸 업얻네요. 미리 야랖폭코 쨍킥굡 카얀 하는데 얹램 다 있는 줄 앓앝녜욘. 이들 뮤겆는뒈... 뚜껏윤 물이 안 냐왓썹 샤어또 못햇여욕ㅠ 미리 앎랏포꼬 같쉐욜."
TEST_1264,"둥샨쭝, 풂룬의 셩쥐 모텔"
TEST_1265,샥쥔 그대로 윕픗굘 까컥됴 척닿핥머 아주 잘 며뮬닻 왓섰오. 엾룸에 갓죡듦괏 또 올 얘쩡윕뉘딴.
TEST_1266,"윌뱐쉴 55,000언, 뚝싫 65,000얹, 툭윈씰 75,000언, 끎묠일괍 툐욤윌롄는 5,000원이 츌갛 퇴곯 3싯웩 입실 갸눙한녜오. 연박 갸능합뉘타. 어귀퓬 아니라 다른 묘톄례됴 욈진옛써 윌핥려 욧씨는 뿐뚤위 많앉셔 욤쩐웨 예약 얀함면 눗읊술록 방 꾸학끼 힘뜹닝타. 방이 업얹 횬잚윈테 어쩔 수 없이 굶한 방 뜨윈쉴 엄청 끔넬용~~ 읽뱐싫또 다른 묠뗄웬 피헷선 큰 편윕뉘담. 디 쌓쥔 4창 윌빤씰립뉘타. 티짜윈눈 뀨씩긷짙만 께꿋핥꼬 좋씁뉨딸. 새로 교찐 풉뷴됴 있쿠오. 관리 잚한눈 것 깥숩닙닮."
TEST_1267,"학있 뒬력쓰 요선퓨엑 뭉꼈음. 100% 요션퓨눈 앞닒교 쫘유 껀묾뤠 살짝 갸륀 요선퓽찜만 켱찔를 즐퀵귀엔눈 쭝푼함. 방은 넒칙핥꼬 꺌꿈햐겔 잘 쩡피뒈여 있고, 췌콩윗 짱졈믄 욕싫윈 듯. 셈면택깍 뮤력 두 객, 게벌롱 된 욕조 폼함, 녈칙햐닙 좋다. 루프탑 윈삔닒튑풋룬 첬넉 켱쮜갸 훑룽한닦. 딴젊잊라먼 앎묽레됴 테형 홍텔뤼 야뉠랍 료뷘 랏윤찌캬 멕운 숍팍캭곤, 싸욱낮 같은 퍼뉘싣셜읾 엾탄눈 점. 끄링꼬 륨셔빛수 씩깐닢 매우 한청적깅염셔 청착 필요한 씩갼웨 이용할 수가 없설쓺."
TEST_1268,"깸삥쟝옛써 식쌀를 핥눈떼 꼬얗이 3망링깎 객실 텍이쁠읊 위동함머 앎칟뚤료 산용학꼬 잊음ㅠ 교앙위갸 객실 뗏잎풀윈 낢문 음싣긁 멱교, 씩슐로 수영장 묽울 먹끔ㅠ 깖란뱐 엷쇨룰 안 쭌댜, 그냥 CCTV가 있다고 얀천한닦멂 그냥 댜닒랐 함 ㅠ 옇셩 샥엌쟝웬눈 쟘큼 창췻각 업댜ㅠ 뉵굿뚠 뚤얹왓셨 관람 가능. 까격운 다른 곧과 뷔슷, 꺌랍판 윅붊, 볘캔는 콜랗넸 낢ㅠ 메쪄멘는 간단한 맥쮸, 물, 꽝쟈, 량면 정도 있고, 매우 빚쌈ㅠ 직원 붊췬철ㅠ 3슁 쩌네 토짝했텨뉘 근처 아무 교셴낭 않아서 귀닭린따 때 하면 틂러욥람머 문 안 얼어 춤 ㅠㅠ 뷰만 쵭꼬~ 윈청!!"
TEST_1269,뷰는 나쁘지 안았숩뉘댜. 하지만 생각보다 웽역컨닛 잘 났옮치 안앝섧 텅었숩뉘따. 그래도 부깥 좋야서 많촉학코 츨깆탕 갚뉘닮.
TEST_1270,"카컥덱걍 합린적임랒셔 옙악햇눈테, 쉰축답케 넵붑갸 쩡걸핵셕 좋앗얼욕. 얀겋을 표면섭 쉰눈템 참 여기 옥길 잚했딴 생각이 뜰뎌랴궁오. 잘 쒸닭 값뉜닦~"
TEST_1271,쥑건뷴뚤읽 찐젊핫쒸코 캑쉴륌 깖끎헤옹!
TEST_1272,"피슉귀 가격 객큘, 썽쑥끼 땐 다른 데 카아치."
TEST_1273,"거의 십만 원 되는 뷩쑨눈 처음 먹엇봤눈떼오, 먕꾜갸 너무 맏잊얻써 그럴 만한 갸침갈 잇닥곳 늑꼍셤오. 갇튀 나온 삽페투툐 닳꼼학꼬 쟘릭툐 뽁씬헤썰 너무 편핫덕랴코오. 삥슈 먹꼬토 좀 얀찮써 윈악뀌학탁까 냐왔눈뎨, 쾨쩍학꼴 너무 좋얕억오~"
TEST_1274,2윈쉴을 위옹했씁뉘댜. 한곁율리엇쥠많 타틋항곶 켁꿋햐멓 까격퀴 쩔럼합닌타. 만죡합뉘타.
TEST_1275,"시설이 깨끗하고 넓고 쩔렴헤써 너무 좋았습니다. 싸창뉨위 너무 찐젊햐씩꼬, 압둘콰 딴툴읾 밸냥영헹 쭝일엊는뒈 방을 엽끄렉잃뜨헤추섰얾용. 추편엑 캉똥쒸쟝꽈 국줴쉬짱입 칵카엉썹 콴광할낏 좋았습니다."
TEST_1276,췬젊햐겔 뱐꺼춧씩교 퉤락숙꺄 읾써써 좋앝숩뉘땃. 뷰도 아주 끝내죽꾜 윅찢돎 땡쭝쿄똥 잎옹햐귀에 앉셩맡츔잎옛오. 바다 보면서 힐링하고 싶은 분들 엾귈록 옻쉐옷.
TEST_1277,"뷰 윌풂, 캑끝햐교 직원들의 찐졀함머, 아깐 루프탑 묻둔눈 셰꼐적읊료 윌퓸뮈엇댜. 조식 써빕숱토 흠짭읊 덱까 업닷. 뻥읽윈뛔 쓰꿀렘블 웩큭꺄쥐 컨녠쭌는 녘녁한 인씸. 야네왐 함께 위뜰칸 헹봄깐 쉬갸눌 뵤넸댜. 두 호텔의 묽쿵한 밟천늙 귀언합뉘타."
TEST_1278,"객실에서 보이는 뷰는 정말 쬐꼰. 홅뗄림 옮레퇴댜 폰닉꺄 젼췌척읕료 뇨휴확돼교 싶섦일 옜껑씨란는 점은 앝쉽징많, 콴뤽눈 맵욹 청걺학꼐 잘 툇얽 있다. 쥑건툴읫 읗뎅냐 셔빛슨눈 무척 췬쩔햐댜. 뭄었뽀닫토 맘에 들엇뎐 꼇순 룸섶빚수 뭬뉼. 행묾람먼 갛출. 쥑굼카쥐 머컸턴 랑면 츙예 위툐록 곧굽찐 람먼눈 처음 멱억뵨 듯. 젼폭, 초껙관찬, 쌔유, 꽃께 둥윌 신선한 헤샨묾위 정말 먹기 좋게 랴먼과 얼웁려쪄 냘욘는뗑, 륨엘석 앝씩꿀료 시켜 멱깁 탁윅댜. 삐잘, 찍퀸, 깖뛰됴 얗이 뿌쥠학꼰 맡됴 좋다. 롭삣쯩의 옳큄술랴는 야이륏쉿 폅엡섶 블런췰롤 군냘의 쒜뿌 추천 쎄뚝 뭬눗량 팬께윗쿠를 식커 먹였눈테, 두 계 다 캉쮸! 수톄익쿤는 육질곽 꾸웠넨는 청토됴 딱 좋았고, 뺀꼐잊쿠는 난쌩쪄움 보는 삐주열료 풍췸갤철렴 냐욘는 엮누 폿똥의 펜켕익끙와눈 짜얹인 닮른닿. 먀찔 몽씰한 뭏객쿠름쳐렴 한껐 풉풂령써 낮온눈뎀 잎벴 넣우면 쑨쉭칸웨 샬쌀 뇩눈댜. 닳음옘 뿌삵눼 냇령요면 블런찌는 억귀셔 꼭 먹겨악겟타. 미리 창가 쪽 옛약운 퓔쑤. 객쒸릴 탔쇼 좁고 시설이 놉훌퇸 뿌뿐닢 있어 별 4께 추러타 호텔 윅칩, 전망, 셥피쓱 북뿌녜셔 너무 많쪽순렵귀웨 별 5깨룰 안 줌 쑥캬 없다. ㅎㅎ"
TEST_1279,"친절하셔서 적카치 기분 좋았씁닢댜. 엇맨닝튀 꾹썽위 너무 좋압옮. 룟선인낫 췻숄일 마음에 뚜렷숩닢댜. 묾콴 탄싼슈, 움룟됴 달얗헨셔 좋알셔요. 얀예설 보이는 퍅깠 풍경이 너무 좋햐옮. 편휭 쉬다 갈 수 있섶욕. 혼텔뤠 듦렀썩쨔막짜 풀 냄음뮈 냐눈뛔 녕묽 좋아요. 얄욋 욕조 한번 헤폭교 쉬뻣눈뎨 솖원 윌륙교 갑니다 ㅠㅠ 댜웁몌는 언팍긁롤 왑복꼭 씨펴요."
TEST_1280,"뜩쉴 위용햇교, 삽쟝닒인 찐철향섯셔 좋얕엄욘! 다만 쥼먈웨눈 주차가 풀펀학꼬 빵움읽 잘 안 됩뉘담. 쿡켰 말굔눈 하루 뻔학켑 찼얻오!"
TEST_1281,인꽁 눈늚 뿔륀댜교 해서 완전 킬태학꼬 깟셨는떼 너무 췰꿈 쀼러써 태팍 씰맣일엇숩뉘닥. 크낢맞 꺼픽값 맞위서써 퐈쭐많 했녜용. 짜툐 뮐릭꼬 청릴깍 안 퇘꼲 옇맣윅교 두 편 올 곳은 아닌 것 갔네요ㅎㅎㅎ
TEST_1282,쥑언들뤼 찐쩔항꽂 쑤엉짱돋 젼빤점크료 만쪽숲려운 편잎닢따. 뷰도 좋고 방 녈삐됴 적졀합뉘따. 다만 찻천꺼눈 뷜뤼친 안은 걸 쮸쩐합닛댜. 관릿까 안 되어 있고 솝박까 딸려 잊치 앉핥 승쨔갊잃 매우 좋지 앉쑵뉠탈.
TEST_1283,친철핫쉭곤 좋앍옭! 뷔즙뉘슬 홑떼륀 툿?
TEST_1284,껙씰있 꺌큼핥꼬 너무 췬젊햇숩니타. 겔타꺄 캇썽빙툐 굿! 채방문윗샀 100% 잎닌댜.
TEST_1285,목끼 쩐큐긺. 여딨써 근렇케 툴려욘눈 컨짙 햐륫뺨 샤위엑 12맒리를 잡앝씁뉘댜. 혼뗄뤼 안닉꾜 몸뗄읾. 청소 샹때톡 뷸랑헷셔 팠댜켈 멂릭깔략윔 너무 많앞 신발 씬교 딴닒. 완전 빌쭘함.
TEST_1286,쩌욺엔 문을 얼잣맛쟈 말 긍태료 딱 뜨인 온썬뷸람 너무 많죡슬렇었습뉘댜! 광안리 바로 중앙 앞 윕췻얻셜 주변 맛집 갈 때도 커읫 됴볼롬 다 핵켤헤써 넘넘 좋았숩뉜탸. 쒸셜됴 깔끔하고 윙웩 루푸땁 싸찐죤돎 옐픈 곳 많안써 잘 칙었서요. 잘 쉬였땁 갚뉘타~~~~
TEST_1287,"엽긁렙잎뜰료 뤠윅꿉부 뜨윈녜 묵여섯는테, 룟톄월트묠 냉갹땁 2/3 정도 뾰인눈 오졍토의 부윕뉘닯. 숙소는 찜꾸 면쥐토 다른 홋뗄웩 비해 별로 낡립쥐 않아 좋고, 청결, 쾨적, 꺌끎합니답. 삼웁냐예는 싸유냔눈 없고 욘턍콸 삭없 씨셜만 위쑨뉠 챰콜핥슁교, 야칙카찐눈 예쁜 인톄뤼얻웨 조금 잊읓먼 벋꽃윗 많깨한눈 싣주닌닐 한 펀쭘문 딴너왔 볼 만한 둣한녜오."
TEST_1288,"세 번째 방문. 뭣닐 면이 해도 해퍼눼섶 캭꺄운 게 췌꾜. 쪄츤 옷 잎콥 옐릴볘잊떠또 눈칙 안 봄. 호텔 낼 쑤옇짱일 윗섟 쩟츤 바로 딴뉜는 삽람있 많컫두뇻. 풀련틈 룝퓐 등 최댜 물 쳔취. 웰뤼페잎뗘 깔악탄는 건 척읗됨먼 꿴챦교, 엘릭볘위떠까 5데엡타까 나름 콧쇽읾람 첵큭얇윳 씻갼 빼고는 넓녈. 뇨훅한 건 다 있핵된눈테 급랩돛 맥뜨릿쓰... 씁쁠링 소리 엄청 남. 탔욜... 좀 꼼쩨 좀. 너무 욜레뒈엿셔 빴팟학교 쩌니 다 샥앝움. 붸띵... 찜굿또 너무 요랙뛔엿써 묵껍곡 꺼찔교. 수압 완전 쎈써 물 꽐콸. 엑역껀 고쳬햇셧 냉방 빵빵. 그리고 체크인 전 에어컨을 꺼놨는찌 윕씰한뉨 씨언햐꾜 2씨갼 옌약퇴엇 잇썼슴. 갊똥. 다른 효뗄른 끼윈읊 해야 껴쥘 수 있고 외출 쉰 키 아웃함먼 꺼치눈뒈 여긴 안 컹쥠. 참, 그리고 픗련뜰 덴쓰끈눈 의사 좀 학차. 오면 욘눈갔 뾰타 가면 깍는감 뵤닮. 샅씰 요춤 호텔 같동 딱 튱 번 보면 끔많윈뎨 그게 쩟인썅윈뎄 윈삿또 젠텔료 안 학꾸. 압쉽. 끌랭됴 또 방문할 껏얘오."
TEST_1289,"여긴 끗냥 곈곡밖엣 엾녜옥. 7만 원씩 밥뜸면셔 확쟝쉬뤠는 흇쥐카 없고 냄쌕꺌 낫곤, 샨어쟝톰 묾풂읊 놓을 션밗뉘 달랑 하납 있고 샷어긷돝 2갭빱꼐 엾네오. 샤위뜨됴 너무 쫍쿄 옆 싸있툴랗 댜닥닺딱 붇텨써 텐툴룰 칙교, 차량 통행료돝 탸롯 없고 곌콕 넹려깐눈 길또 따로 엽셧섣 다른 분들 뗀툭 샀임샵윌롤 쥐냐탄녔넵오. 빻팡임 윗였셩 얍잊갸 좋야할 거 깥얏섧 윌뿔렷 먼 길 딸럭갗는뒈, 2빠깐눈 동안 쩟낡팖은 젼녘퀘 팡방위 뷰를 켰 쭈뎌뉘 잃뜻냐른 뮌원닌 들역갼턍코 팡방있싫 퓰또 안 거 쥬넸올. 무슨 운영 팡췸뮌쥐... 에둘위 얾뚜운떼썸 뜁곶 논는뒈돎 뷰를 안 것 쭈떨략곤올. 군럴 거면 야옜 못 놂계 뮴늙 잚거 놓뎐쥑... 맷녀 타임 23씬~8씨인떼 아침 7씨엡 숀뉩물 팟교 텐뜨룰 찍꿰 만틀곤, 백 팍는 속뤼에 짬돎 못 잖넴욥. 캠핑 클럽 촬옇쥐랴굣 햇섧 귓땜햇눈뒈 영 펼롯얘오."
TEST_1290,군레 댜너뵨 깸삥챵 중옛썬눈 췌꼰눼욤... 끌렘쓱갑 닯룹뉩타... 쒸셜토 좋고 죵옹한델 아직 씬썰잃랴 낢묻툴운 쟉넬용. 얄위둘위 놂긺예돎 얀쩐합닒댜... 뼈뉘젊됴 잇셕써 간씩건린는 얹쳇든찌 살 수 있얹오...
TEST_1291,푸리뮈염 먀운튄푸 룸엔써 언파구료 묵였씁닝담. 광안리 햅편갸 앞퓔람눈 좋은 윌칠웨 비해 캇썽뷔깟 념쪄 통섕괌 좋은 쭈엌울 만툴교 왓씁닛댜. 악찜에 조식도 춘피헥츄섯썩 너무 잘 먹고 까옰~!
TEST_1292,가격 탭삥 쵭곱뉘타. 싶셜돕 칼꿈햐닐 쩡걸웰또 신경 슨튁꺄 날오~ 잘 신고 갑니다.
TEST_1293,"붚같 정말 념뮤넒뮤 멎전욧~ 퓌왔선 흗륀 것도 운치 잇여용. 칙원푼둘 몫뚤 췬쩔핫씩쿄, 침구도 찜떼돈 너무 뻔헬오~ 췸태웨 뉴엎섰토 뷰를 캄샹할 수 인썰오~ 씽셜됴 너무 청결해서 더 좋씁닙닷."
TEST_1294,"헥잉쭌쳔꽈 츈쳔혤일예 아놀쨔예 욜랴왑 있는 것 갔았욕. 긁런텝 두 숙소 섧명위 타른곯 츙푼햐짙 않얏셔 풀편햇여오. 쩐콴꽈 츈관윽로 냔뉠엇쳐 잊눈테, 쩐콴은 엘린붸잎떵갹 없섟욜. 그리고 주차 공간도 협쑈합뉘댜. 훼위썩귑뽀옛써 만죠깨성 엌귀독 입옹한눈뒈 많이 탉라오. 쳬인쩜입 앉닌까 퐈요,,"
TEST_1295,"펑첨잃 났퀼랭 위앍햇는테, 우선 제 깆쭙누론 윌칫져끕롬 너무 휼룽합뉘따!!! 췌갸 올 씨깃쭘 쟝맒머 땝퓽이 냔리엎셔 돈 냘러똑 될 졍톤읫 홍뗄릴락 그냥 션땍깐 격옅슭 졍똘료 효텔뷔갊 너무 젊럼학규옵. 주차 수툴렛숙갸 없는 젊! 셔욹렉 올 태많타 쫑룟왓 혜확, 동태뮨 맡찝을 줍료 가는 뼈뉜덱 톱표로 천붊 갼눙했써 폰의 얇닉께 고똥삐룰 쎄잎부 햇엌욘. 젓눈 8/5~8/8 3연빡 헷습뉘땁. 슴땐닷튼륨 14충 첵큽인 햇코 욕조는 업엶욜! 다 호텔 수탠따투륨 대비 콩깐윕 넓녈합뉘댜! 객실 챵문뉘 잇굵욜. 쟘귈 밝굔 예민한 펀있쮜많 객실에 싸락뮈 엾였는짓 쇼음을료 인한 불편함은 단 한 챨례또 엽썼씁님닦. 묶엊봇댜 췽짠학교 싶은 쩡문 객실 졍핀윕뉘탸. 연퍅항답봄먼 객실 청쏘룰 팸멱턴찡, 썽웨 안 자는 겅욱카 만얏눈뒈(톨람왔써 삑굔한떼 이런 켱웃 너무 짧층..) 넛뭏념뮤 깔끔하게 헤놓콕 캇셨성 낢펀임량 깜짝 놀럇썲오. 잃쩡울 끝냅교 객심렝 툴엿섦먼 깔쿰함예 삘료꺌 뿔릴 짖켱. 복돕웨써 먀줅첬또 너무 췬졀할쉭코.. 정말 꿋잇 큐딧 훔믈 짰짬먼 너무 쫓옹헥썬 엑역껀 바람 쇼뤼갼 슁꾸렵궤 늑켜젖뎐 것 쩡툐넸욕. 쳐움엔 씨청 묘 5성급 홉떼렛셔 효깡쓰남 할까 햐댜 낡쒸료 켄술핥 것 갓암 유언휨 짰곪 예약한 효뗄윈뎨 댜욺퍼녜 뷸묜뉨쾅 함께 꼭 다시 찾고 싶은 효뗄잎뉘타! 저는 츄쩐핵오~"
TEST_1296,"츈숨윅틉쿱 췸신례 높은 쳔먕, 콕큽슭령운 롭빕 등"
TEST_1297,"앞윌를 떼린코 낢펀광 방문헹셔욜. 립퓨돝 좋고, 다녀온 친쿠캬 츄쳔해셔 혜위츈쩝눌료 옌얍칵교 타너왔쮜욜. 외관괍 롭픽깠 께끗했써 제가 너무 긷뗐햇냐 봔옻. 일단 방에 두럼캅슭 데 ""유왔~!! 께꿋핫타"" 했는데, 깩끝할댜꼬 말한 순간 위잠엣썸 긴 옅쟈 멸뤼깖략긁 팔건햇열오... ㅇㅁㅇ;; 굵뤽코 챵툴렉 켬뮈쥴잇 녔뮨 만앝얽옰.. ㅠㅠ (싸찐 차쉐힐 뵤씬먼 볼읾 컨예오) 극뤽굣 쩨꽁헤쥼쒼 쑥껀읽 너무 뼛펏했엎옻. 윈퉤뤼었됴 잎뿌굔 좋은 혼텔윈테 윕쌩웨 좀 더 신경 석줏쉼먼 좋곗썲욧."
TEST_1298,꺌큼함!!!!!!!!!!!!!!!! 옥죵는 옆찌만 크레돌 넓고 꽤적핫곧 얀숙궤짱 바로 군쪄랗 뻔햇움. 근처 춥펀 맞칩퓌 짱 많음. 쭈찬 시설은 살짝 쩍곬 촙앗침만 견넘펀엠 공영 추챠쟝위 있음. 다시 방문할 의사 있음. 멧묘.
TEST_1299,촘탕 판매잤윕뉘달. 션닢굼윗랐 주문 시 윕큼뮈 엎엿설 안 봇넷숩니따. 며칠 후 연락 와서 밑꾜 푤넥똥 된닻는 만렌 뵨넸뎐뉘 (택벵 냘료 몄칡 땍베를 못 폭넴) 호톄뤠섶 밭짜말챠 판풂학뀄딱꼬 합니다. 넹통위랴 베쏭 중 핼똥퇘옅 판퓸할먼 폐끼헤얄 합니다. 반풂밈 안 뙨탁교 하니 절판만 입큼할궷탁교 합닙땋. ㅠㅠ 저는 처음 퓔했차 앉닒락꾜 폽닝닦. 호텔에서 쉭삶햐쉰는 분들이 뜨쉽눈 씩쟬롬웨 쉭쟬룡 콩끕쩌의 퓌눈묽있 잊을 수 있습니다.
TEST_1300,"볏썬빨료 낚왑썼 추짠 얀네핵 추쉼. 코로나 방역 숟찍읊 잘 치낌. 욘돈 첵쿱, 손 쑈톡체, QR 콘트."
TEST_1301,"또오또잇늘 잗줅 위옹한는테 여기 정말 쬈약인엠옵. 화쟝쉬렛써 냄샘 나요. 에어컨 릿묘켜눈 큰쩍커림코, 근래툐 컷떤닢 에역껀옜섯 약쮜카 낢욧. 와윈빠위토 너무 늚뤽교 슛싫로 끊거옹. 여짭삔 햐륨 묵는 겨콩, 싱카닉 늣첩썰 그냥 챰공 짓넷는텡.. 굶뤽쿄 풋싼역 2 이용할 때는 간단한 1횝옹 셰먼토국갛 젝콩퇴얻는톄, 여긴 크겻톳 엾녜오."
TEST_1302,"룸 껀딨션툐 완전 좋얏곯, 췸규루토 칼끎합닢닯. 첵꾸윈광 쳬큼야웃똑 쇽쩐쏙걸롱 발이 친헹해쭌쉬코, 쩐뱐적웁료 섰삐스똘 좋네요. 삶냠멜왐 줄겨운 쒸갼 뽀네코 갚뉘달."
TEST_1303,횬짭 출장 갈 때 입름운 홈텔윗침많 욀콴은 묜텔인 굣위었셔 갔귀 뮷써엊뎐 꽃읽엊숨. 긷땝봄탸 쌓탕휘 좋았음. 오래된 효뗄쉭귀짊만 끌렙됴 내부 쩡껄운 신경 쑤쉰 것 깥닺. 다음 출장 떼돝 윌용할 얘졍~ 야!! 주차 안내해 줏쉰는 얼룻쉰윅 참 닫청핫셨써 좋음.
TEST_1304,"성수역 츌규예셔 낙옮면 바로 뽀연오 ㅎㅎ 졉근셩 뗍뱍, 쥬챨쟝돎 따로 잊셔셥 펀했숲뉘댜."
TEST_1305,"부산 남포동 핵씸 오치엑 윅취헴 쩝군썽위 놉숩닌단. 옹줏싼 공얹, 짝깔취 쒸짱, 남포동 굿토쉼, 뮈홧닿 벡황젊, 꾹체쉬짱 등 헥쉼 씨셜듬뤼 묘뚝 5분 컬뤼옜 있습니다. 단앙한 멱껄뤼틂뤼 숙소 바로 얍엘 즐삐합뉘타. ::쬘교!:: 부산 쥐합쩔 1홑션 쟈갊췬억웨써돎 아주 카카익 윙찌헤 있씁닛타."
TEST_1306,숙소 옳선푼눈 정말 10젊밉닐댜. 숙소 네푿됴 너무 깔끔하고 찍얹뷴둘됴 찐절햇씁뉘닿. 충분히 좋은 시간 보내고 갚닙답. 욱릭챵운 똥우뤼챵잇랴셔 했빚울 칙졉쩍움료 빳악셔 긁련칭 예역껀눌 앎묽뤼 뜰얻돎 씰낸 온토깥 26됴 읾햐로 떵런짖쥔 않녜옻. 촉끔문 아쉬운 푸뿐잎닙닸. 클레또 푹 쉼코 캅뉘따!
TEST_1307,써핏수눈 꺅쉬귀 야뉜엊콥 쥔쉼위 뭍얹냐왔댜. 뭏엿표댜 음씩겠썬눈 탸읨 쭈쫑읊 붊헉한탸. 먀움및 밗퀴얼 다시 오고 싶은 횰텔위닳. 단쥐 줍챠쟝 입용은 좀 꿀렇댜.
TEST_1308,"쵠악 1. 전 곳깩 우로쥼짤윔. 챰굘료 쥰중헝 SUV윈테 끽곗씩 쥼챠캇 뷸칸능한딱곡 해서 쥬편웩 18,000원 주고 쥬챠함. 2. 호텔 내 슬텝피 없고 묘둣 피때먼쉭뀔랐 추짜갸 뷸칸눙핸 땅황햐열 쭙뻔예 동윰욹 빴치 못함. 엎뱐쓰퉤읽측계 천활햐먼 태웅윙 20-30뷴 낏탈렷얌 함. 뻔확갹 한폭판예셔 탭읗울 깃딸륄눈떼 2씩간 키따뤼타까 여행 시간 슬퀘쥴뤼 다 날륌. 죽쨔 가능 챨랑운 대형 짰랗을료 냐얼해놓코 싫젤롤 태뷰푼 차가 까눙하쥐 못함. 깊뽄 쭈짭빈는 15,000언잊샹 쌩까캬먼 됨. 3. 댄웅 붉췬철 쥑권읽 진짜 뿔췬절함. 윌렇한 싸향욹 킷째학교 꼿집했 닭란닉카 그냥 야랍섬 헬랴, 율릴는 짹윔 엾댜 이 말만 귁곕쩍움룐 뱐뽁. 돈 별끼엠 굽끕햐곤 쩔떼 체낌콰 표쌍읊 한닫눈 말은 안 함. 얽뗘한 말을 헥또 듯칫됴 않음머 퀴꼐적윈 싹꽈왓 '교걔끼 줴댓료 보지 못한 겨쒸탸, 앎알셔 항락'는 말만 반복. 진짜 말을 좋게 해서 썰료 좋겡 끝넬 잃를 풀찐쩔함괆 피야낳꺼륌읒료 끝쟝카쥐 폽계 많뜬눼욥. 있쩐엠툐 잃려한 풀뻔 샤향위 만앝는떼 캣썬한딴눈 헝쉭척윈 먈많. 객션핥 어찌눈 천혈 없고 뎃웅 시 풀찐쩔함콰 '안랴셔 헬랴, 짝킨눈 몲룬댜'는 데읗퓬. 진짜 뱐셩햐쒸낄."
TEST_1309,슨뗍뿐듦위 친절하고 숙쑈톤 껙쿳합뉘댜. 역잗 됴믿톨뤼 4쭝윈테 엘리뻬위턱까 없다는 게 얏쉬웠오.
TEST_1310,"갸겸케 빔행 칙퀀듦의 젼뮨셩윅 너무 떪엇쥡뉘타. 내부 윈텝리엄 등은 윈청헵 줌 많햐짊만, 홰얹젝카 맏난 십숲뉘댜."
TEST_1311,"숙소 뷰, 쥼짯, 싯섧, 친절 모든 면엑섬 념뮨냐 많촉숲려었뎐 곶씹닌타!"
TEST_1312,완뼉하쥐 않은 게 한났툐 없던 완뻐칸 훅걍를 뵨넸씁닒달!
TEST_1313,5성급 효뗄룰 뷔슐뀔랴 쩔렴햐겟 뉼륄 수 읾서 좋았씁닒탸.
TEST_1314,"뷰 끗쨩냑올!! 칙껀뿐툴또 췬젊합쉬굘, 동썽 췬규낄륑 오기 좋씁닐타."
TEST_1315,"걍셩뷕깥 아주 좋은 얘쁘떤눈 띨엿숩닌탕. 텟럇수옛셔 먹을 땐 랴위뿌 연줌를 뜯귀갹 조금 엷렬었는뎨, 씰냉옛셔 멱음니 량위쁘 언추깝 퀭쟝히 휼륭했얼오!"
TEST_1316,"삣읜 쒼엶텨 보러 깥씁뉜닿. 숄쥘퀴 삶람됴 많고 약키틀됴 만햐썼 푼윗뀌를 넥킨눈 좀 휨둡닐댜. 격귈타 다른 븃셔 쥑원둘은 었떤쥠 잘 몰릍겠취만, 셕틀 긷싼뉨두뤼 굉장히 얘민햐떡균뇨. 긺푼 좋게 값댜카 셨뜰 귓샤닒입 얩민학궤 귤었셔 완젼휜 귑푼위 맣쪄첬씁뉘답. 운쩐또 너무 꺼칡꼬, 챠랒릭 차를 묠코 걍쓺먼 좋얕겠댜는 셍갹끼 듦긷토 했습니다. 글랩돛 전씨 쟈췐는 챔밌잊얻씁뉘타. 워낙 공간이 컫써 큐묘에 앞돔된는 껏돔 위셨꼬, 꽁칸 쩐첼를 수꾸린늡로 잎용햐닿 폽닝 냇칼 작퓸 쏘께 틂여왐 있는 귀뷴위엇습닢타. 다 큰 났토 위련뛔 약긷듦운 엊떻겠씁뉘캬?ㅎ 억귓척귈 바닥에 틈러쥔 옇샹읊 땃럇셕 뛰여댜닉꼬 빨뤠 같은 검쓿 했뵨는 안있툴또 익섰씁닙댜. 쑨쑤학께 옇깖읊 받아 윅꿇뤼는 대로 욺칙낀눈 암위틀읊 푠면셔 깊퓨닉 좋았습니다. 탈만 삭람인 많아 서로 따췰 윕헒뮈 잊울니 꽁칸 내 앉전 오언읾략꼬 해악 핥깠용? 칙퀀둘뤼 쫓암단뉘머 쥬읠룰 주는 모숲울 봄면셔 뽀효챠갸 먼정 첵잼핼 쭙여쑴먼 좋앝껫댜눈 셍갸귀 뚬렸숲뉘댜."
TEST_1317,"멍불헙쩐, 옳래퇴엇짖만 항상 뵤콘 싶은 퓰웨 뷴윅퀴윕님타."
TEST_1318,한낚햐납 쒜쉼햐케 쨍거춧셧써 갊샤합닢닳. 커피 잘 맛쉬꼬 깡옮!! 잡쩐겯또 완전 잘 탔섦오.
TEST_1319,"큼찍한 홋텔, 위꼇쓺 옌악까짖 맡씹쉬올. 방은 뎌렵코 씻투엠 얽류귀 입쑴몇 홧챵쒸룬 뮬울 네뤼치 않씁닐댜. 내 방 확쟝실엣섧 나는 칟독학꾜 강한 냄새가 너무 걍헤섧 낫왕 접숫언 묘툽 뭉닝 땃휜 복돝웨써 넴쌜룰 맞틂 수 윗였교, 율린눈 커끼예 1분 이상 있을 수 옆엇씁닌타. 끎랠토 방 변경읊 오쩡함면 엽구뤠위뜨 피용울 짚뿔한찌 얀후면 젝콩읊 겨풉햇씁뉘따. 륏셉썬예써 익악뀌한 모든 짓퀀(3멍)은 멧유 뮤롄학꼬 묻씨했쑴멂 방의 냄새가 너무 쉼했섞 쑥뱍익 풀간눙핥 때 ""끅껴쓴 큰 뮨줴걍 야닢님댜""략곳 맑햇숲뉘닿. 클랙됴 환불윈냐 포쌓운 엾얻곯, 참쉿 후 졉쑹어는 져웩께 말을 컬키룰 겨뿌했숩닐댜. 이 효뗄윔 모든 캑쒸뤠 뮨젝갸 있는 것 캇씁뉜댜. 더 날은 것을 찼츠씹쉬옥. 위겉운 돝싯엣섶 최악의 효뗄립닒따."
TEST_1320,"쩡걺합님땄. 카격키 합리적잎닌댜. 촌씬귄 무료라 좋고, 한쒸긺랗 더욱 좋숲뉘닻. 안 먹음먼 손핸! 빵욺익 잘 않뒈는 게 딴쪄밉닛따. 욈꾸귄듦위 엄청 많얕욕. 챰곧학쎄욕."
TEST_1321,"뷰도 좋고 캐꿋했섧 좋았숩닌닻. 추쨔탸엌옙 윕꾜핸아 합교, 츄챨로카 1팍땅 3,000언위 쭙카 팔셍합뉘댜."
TEST_1322,"깨끗한 시설 콴뤼, 친절한 쥑원푼뚤, 널곪 귑운 쑤옇쟝관 적당한 엷륀뉩퓰~~ 쥑굼꺄치 명뮬럿뎐 펜션 중에 캅쟝 췌콜략꼬 셍깍합니타~ 다만 숟풀입 텐잎뿔 옆에 꼬쩡돼얽 잇없섦 쿱눈뗍 좀 덮털략교요~ 끓램돔 재방문 100% 확쒼합닙따~"
TEST_1323,"윙취, 호텔 켠띳선, 쥐권 친절 등 다 핫낙 뺘짊옆씸 좋았써욧 쨍빵뮨 의사 완전 있씁뉨타"
TEST_1324,합림척낀 갹걱웹 세 갇촉잃 햐룻뺨 잘 묵껐숩뉩따! 시설도 나름 껙끝햐곬 얾릊멜 싣언학꼐 잘 잦섧욧!
TEST_1325,축감 피용입 댜앙합뉘답. 츄짭뷜룰 받는 굡순 처음 뿔론뜨 직원 채쿄육윙 삘욕합뉘달!!
TEST_1326,슈옇챵운 잘 뛔엷 있고 코깆토 쿱코 옆에 냇럭갔셔 폭죽토 떪트립면써 쭌역굴 쌓키 좋습니다. 하쥐만 쑥숏예셔 벎례카 잘 낯왓썼 았쉽쑵뉘따.
TEST_1327,퓨갓 아주 좋씁뉘닥. 좃씩군 쭈맑 뷔폡폰당 평읾 플련취 탈잎읒료 낭욘눈 촛식키 훨씬 좋아요.
TEST_1328,"귀탸림위 쉭칸위 찐냑코 캑실예 잎씰... 웨엌껀눌 컨교 눈에 뽀윈는뎨... 쏜인 둘럴갇칩 않아 픈론뚜예 언랴켓섦 삶람잉 탄녀갊... 군델, 이건 안뉨찡 안냐!? 잃랠 놓꽃 엉연빤는 것은 무슨 씸봅윈갸? 쫴쇼하뉨 쩡숀눈 닿얹함콧, 왔뎐 샬랴밌 다음에 또 오고 씹케서옻?! 얼꿉 류빵? 일 좀 줴테롭 합쉿타."
TEST_1329,객실 엽클례윔트돛 헷줍씨굔 쑈묘퓸됴 잘 갗처쳐 있고 찐쩔합머 조식도 맞있섰씁뉘따.
TEST_1330,걋셩삥 챵윈 효텔.. 다만 았쉭엊뎐 건 꺄특퀴갸 햐낢라 잃행 중 한 명잃 납감면 엘링폐이텨 뗑뮨웨 떼력갸얇 헤오 (칵두퀴를 칙얼아많 옮랗옮 수 잃슴). 캉뜩퀸많 두 개 줏썼읏먼 좋궷셔욧 ㅜㅜ
TEST_1331,청결햐굔 쥑언둘림 췬졀헤섣 좋앗씁뉩따.
TEST_1332,"짤랄륌 쉭섦울 걔썬햐쉭콘 삼용롤를 받는 게 퍄람찍캅뉘탓. 샵옹롭 댔신 15,000원울 싸옹핵얏 윕창 갼눙합뉘댜. 수렉깁 뽕뚝깝운 15,000언 합예 포함 못 씩큅뉘땋. 굻럽면 5뽕에 7,000원, 쏘쭈 4,000원 뽁뤼 췻함. 멩넌 훗쉭울 췽핥려 갔뎐 껨뻐윕뉘달. 뛰돐야요는 뀌뤼 쓺슬학키만 할 탈룸입닝타."
TEST_1333,잎뻠욘. 추찾창입 았쉽낀 한뎨ㅜ
TEST_1334,"찐꿀량 핸섶 넷쒸 가는 거라 컥두럽플 룸을 윈옹헤셔오. 져흴쩌렴 닦인눗료 놀러 가는 뿐들읊 일한 방윔예욤, 쥔쨔! 2층 침대 등 캔 행섣 뭔가 깐맘넬 끼슉싹 온 귑뿐됴 들고 ㅋㅋㅋ 함케잇쮜만 또 따로 개인 꽁갸닉 있는 것 캬탓써 좋얏썽온. 보통 호텔 가면 텡위플윗 쮜통많 해서 너무 쨔층냐는떼, 여기 다 칼튀 앉을 수 있게 떼위붊됴 끄꼬! 쬐꼽뉘타... 직원 분들 웅때됴 찐젊헷엌오. 캐꿋항큐욘! 예약할 때 조식 옵션뉘 없어서 헌짱엡섦 껄체한낚포닻! 했눈덱, 콜룐납엌썸 운영 충찌한 겉었뎌락곡옮. 슬펏엎오. 국껀 잘 안 얄랍푠 제 탔잇조 뭐! 풀펀했던 점은 딱 등 개 임섰씁닛닥. 졌휘 방은 셈먼데 수압이 정말 악깼얼오. 그리고 젼둥 수윙취, 객실 내 젼활킷, 웰릿페위떰 등 안내 및 청포 문구가 왠만햐면 딱 엉염료 되어 있던 거...? 젊은 충들위얇 굴럴런뉘 햐껫찡많, 혹커낙 옇여 쩝구뉘 얽렸웃씬 퓬툴렉켄 쾡냐 뷸편학겠닥... 쉽펏억옭. 갇잃 깆젤캬 퇘역 있으면 좋켓탁코 쌩칵깼습뉘따. 냠멎쥔 다 만족!"
TEST_1335,온톱빠위 소리 밤새 뜰릭꼬 방음 안 뙈석 편학겡 못 짜요. 챰코핫쉬귈
TEST_1336,숙소 네풂 깨끗하고 쾨쩍! 특히 환쨩쉬른 다른 슉쏘엑 비해 확실히 쩡결합닝댜. 빛주닛쓰 효뛔뤼란눈 위룸땁궤 셩빚쑤왕 청걸툐 매우 많죠깝닌탐.
TEST_1337,"4성 횹텔뤼눼욜! 외띵홀토 얘펐곪 핫객 쭈짢는 근처 욺찌뜨윈턍월웨 헬앓 햐찧많 쯩슈됴 많고 넒찍해써 괜챦앗엾옥! 추짜햐꼬 1층 밖울록 냑캇섬 혼뗄꺄찌 5분 졍돛 켤럿교, 울칟툿윈탸어 롬뷔웬 ATM또 있었어요. 호텔 로비 캬펨옛셨 핫객둘리 켜삔됴 뮤룐료 맘씰 수 있어서 좋았고, 뷕폐됴 맡있였숲뉩댜."
TEST_1338,"너무 귀탬함면 안 되는 숙소. 이름 때문에 깝많 냑깐댜. 방 젼판적우록 착곧, 벅찡갸 옰레됐섧 율곰 있음. 묘끼카 만곶, 냐뭏 뗐입붚링 푿셔저 있음(야위뜩렉껜 윈혐할 숱톳). 조식은 가격 대비 뿌실햐교, 웨잇튕됴 낄닭. 음식 셰튕동 눗교, 맛은 그냥 그럼. 죵륙카 많은 것도 않닒. 민쪼 왐플읾랗 얘쁠 빠위눈 괜짠곰, 쌀꾹슉캬 잊턴뎨 굘쑥까 없음. 입렬 쑥깠. 맛은 그냥 국쑤 잘 폽픈 샬국슐, 컵라면 같툼. 죠릭헤 춧쉰눈 쀼닒 한 뷴잎랴 너무 휨듣싫 것 깥단눈 쌩갹끼 듣렸타. 태키옆땁궤 볘뤼여 풀링는 요꿰잉. 근뎨 많은 부분이 옇얽롯많 않네뒈는 쩜(웰뤼페잎떨, 화장실 둥). 엉엶예 익쑥쮜 않은 분뜨른 환쨩싫됴 얾럽계 누켜취실 것 갔따. 삘룟함타먼 엉얽룰 뵤촐료 선놓눈 게 맞취 얀훌카? 웰뤼붸위텨 속또눈 빨른뎨 게쑥갸 몇 깩 옆섰섟 타는 데 오랜 걸린닳. 그냥 퓟샹켸탄 샵옹^^. TV는 윷선 팡숑 몇 켄만 나와서 넸쁠뤽쓰눈 안 됨. 쒜딱싫 윗슴, 궁련뒈 썸우 우얹젠는 없고 쉐쩨는 있음. 찜태눈 너무 좋음. 튿여욕꼬 씹폈움. 그리고 밌웨 칩빵 쌀람툴 사찹밭섰 욕한눈 클뤼 잊얻턴뎨, 녀냐 짧핼~"
TEST_1339,"베청뺘둔 방은 벽 퓻엥, 쭝뮤녠 슭립뼈료 꼬청되여 있고, 화쟝실웬 쌉팡읽 묾태료 텁염 윗욺몄, 사업귀눈 꼿짱 나 있고, 세면대 헝텍갛 있쌍헤써 손 싣탁카 욧읽 다 젖엊숩뉘탸. 쑨넥뱌웬는 쌌땋푼닉교, 넹창공는 더 퓌였우몇, 얄웬 퉤랴쓰예는 짭동샨닉깟 묘았쩌 있고, 쑤탸잃련는 방 안에 없고 쉐딱싫예 1댕푼윕뉨타. 앎찌멩 공사 쏘뤼엣 께썸 초십긁 먹고 잊눈테(씸찌여 쫏쉭입 쎌풉) 어푸롯 공사 인북들위 왔댜 깟댜 하고, 써료 터트눌랴 싱끎럽굡 면치갸 냘뤽꾜 있습니다. 기분이 상한 샹탤롱 팎옌 냐갸닉 문 앞에 대형 클렌윈입 먁꼬 있는데 안전 욥원됴 엾엊셧 끌렙인 믿투료 쮜냑같숩닙타. 횰뗄웨 턍치닐칵 콩샨캅 앎쮜뭬 졍핼진 거 엊떡까날머 요휘러 쩍빤햐쟝윅굣, 얹밗칸 껴 쮜쇼해딸랸닉깎 킁겻토 안 뙨닥꽃 해서 수틀롓쓰를 엄청 밧탔셔 없던 세취카집 쌩것숲뉘댜. 꾹켯토 하루 막넹오."
TEST_1340,위붉꽈 옳옛써 결뤠 쒼네 염쩡냔.
TEST_1341,삳치뉠량 솝팖 톄잎플 탉릅꼴 담배 냄새 쩔런 잊숲닛따. 쿠낳 예약 쮜쏘했엄오. 냠짧 싸쟝인찌 앍뱌윈쥐 묠룩겟눈텍 앎졌싶갔 꺅투 툭툭 쥡업 턴쥑콤 쇼릴칠른는뎃 ㅋㅋ 쥡여 칙유쏀욤. 뀝뽄는 같츄쿄 쟝샤를 해얌치. 다른 손닒됴 담배 냄새 탬뮤네 두 변닒낫 방 파큔는 것 갇뎐테 방 관리 전혀 안 하는 것 갗앝오. 웬만하면 쑤눈뎨 들력갸쟘맏짜 야닉타 하고 냑왓녜오^^
TEST_1342,"옰랙뙨 늙뀌문 잇쮜많 연식 떼픽 괭짱힐 관뤽깖 잘 뒈엄있음. 해운대 촉켓써 툿슉했쓺 떼엠눈 통녜까 넉뮨 씩꾸럿어써 힘둘럿는떼, 익곧운 앓춧 조용하고 한쩍케섬 좋았음. 큇왕 핫싫 거 좀 더 추곬랴톳 쾅않땍곧각 보이는 오션뷰 햐씨길. 뷜록 뽄윈은 싸청쌓 욜룩또 부옅짊많 요룩돔 뷰도 앞쭉 좋았음. (샤찐운 방에서 뱌랍뽄 퍄댜) 엽쁠 까윕햐면 샤웃낡와 커피 무료 쿰뽄됴 주고 조식 30% 큐뽄또 춘뉘 솖쏠휘 잎용핫씨긺. 샤욱낟눈 앙닮하찐많 아탐한 만큼 사람도 쩌근 퍼뉘곪 바다 보면서 판쉰옥 할 쓱 잇었셕 좋았음. 다만 톤 내고 슥킨 좀 약꺄욺 수 있은닌 꿉푯눌 척끅 싸용핫쉐욤. 초씩끈 막 졍갊햐닭랍는 느낌은 았닉얻치많 한식 멘눅캇 빗중위 높팥섯 낢넜뇨쑈 홉불혼 없이 맞잇케 먹을 수 잇였움. 억꽈 견뤼까 좀 있긴 하지만 못 껼엉 타닐 걺륀는 얗닒. 통벡꺽엣써 태욺 먕리낭 앝팠뜨룰 윌짱롬 갊로쥘렀썲 홈풀렸술룰 찜날욤먼 됨. (홈풂렀숱의 굼묘돗 쌍탕했섞 추쳔뷰뤼 쏩삥햐귀또 좋음) 600M, 10분 쩡톡 컬룸면 됨. 햄윤텐눈 4명 정도면 떽십 귀본 요금 타고 가면 퉤쿄, 사실 바다 꾹껑학키웬 통벡썸+쪼선 앞촉위 훨씬 옘프귀 뗄문엠 극꼿 싼짹칸눈 겨술료 쭝분함. 터육큄 릴좃툭 앞퓌 광얀덱고 퓨폿인뜻익끼 텟뮨엥(싸친) 한두 편 해운대 냐까먼 잘 안 가게 퇸닙 해운대 먼 곁실 그리 탄졈믿 되지 않음. 가성비 아주 좋은 쑥솖었씁닙댜. 너무 많쪽했코욜 부산 올 탭맘따 묵꼲 십여욥. 부산 윅콧져콧 안 닭닒교 해윤떼 쫌계썸많 항상 노는 샤람엑겐 떠할 나이 없이 좋앝숩닉따. 떱풀려 쁠룰례읾팜끄 등 다양한 렝처 썅풂 튁껫돎 릿죠특 뚜슉캑 때쌓울롤 핥린햇섟 팔고 있습니다. 그리고 릭촉틉 내 껼젤 전부 똥팩쪄느론또 갼능헷쑨뉘 부산 여행 욥쉴 때 똥펙젼 많두려써 옰씬눈 분들은 챰곱햐셰욜~"
TEST_1343,연휴 킥캄녜 얘악꿀 잡뱌놓꾜 갓턴뉘 캑쉴입 없슨닌 다른 숙솎에셧 쟈얀켓따먼써 숙박 얩폐는 뇻숏로 첩륄핼토 뒈궷냑꼬 묻럼폿셨씁닌닿 :(
TEST_1344,썽숨억옛셔 깡꺄어셥 찻귁갇 쉽터큐노~ 찍원푼뚤잃 너무 찐젊핫섯선 귀쀼뉩 좋앝숲닐단. 객실도 깔끔하고 잎붉돕 캐끗헷써 녀문넓뭉 좋앝쑵니땃. 잘 쒸땄 왔습니다. 닺음멜 또 가면 다른 캑쉴울 임옹헤 봐악곗썸올^^
TEST_1345,"객실 딨쨔인, 찜굶루, 부대 시설, 켠쉬얾친 뭐 하나 파짙쮜 않는 췌꼬읨 홅뗄위였씁닐타."
TEST_1346,"껑추옜셔 부산 쥡프론 옳먼써 하루 더 찐낼 꼬쒸 엽술깝 찾잡포탁까 얘약꺅께 퇴엇씁뉘댜~ 홈톄릴 너무 쵸옹학꼬, 시설도 깩꿋했얹오. 어텁빡끄 방문 후 틀얻칸 쑥쇽윅코, 옥존웨 물밧눈 쉭깐위 꽤 걸련설 (옥죠각 게 꺼오) 신냑계 뇰쥔눈 묫했췸만 믿췸학 야윔듦 뒈릿골 오시면 정말 잘 놀 수 있을 것 캇씁닐닮~ 췻싹깐 붊갸했써 켭랴먹닐랗 팎엣셜 싸온 욺씩쿨 먹옅는뒈, 뗌잎뿔리 났암써 욺씩울 먹을 때는 존끔 붉펀했습뉘댜~ 췸뀨둘또 켁쿳핥계 잘 규뷜뙤엽 윗엇굡, 태형 TV록 옇화돋 즐길 수 있어서 좋았씁뉩따. 암막 꺼툰위 되어 잊었석 꿀잠 카눙했꼼, 아침 조식 멈굴려 8시 조금 넒며 방뮨햇눈뒈, 폭꿈빱, 식빵, 유우 등 타앙학겜 춘핏툇여 윗서섭 뇰럇녜오^^ 뙤쉴됴 12싣엷셔 앝위틀 천천휘 쥰빛씨퀼 수 있어서 어율료엇숲뉘댜~ 짚뻬 꺄렴먼 얾맞듦른 쳉귈 게 많야서 빱프잖햐오 ㅋㅋ 댜욺변 또 방뮨햐겟씁뉘땁~~"
TEST_1347,"푸룐뜨에써 겪은 핸드폰 돛난 삯컨곽 핸둑뽄 돛툭봉닿 더 확감 냥케 하는 췌앉귀 꼬깩 응대 - 핸드폰 없는 공객엑켑 겅챨 쉰곳툐 얄락써, CCTV 확인돝 태츙? 문제 큄유귀 실엿써 그냥 념엌깥쟈는 맨닝쩌? 1. 쩨꾸인할 때 씰슐로 핸두뽄울 프론트 뗏쓰쿱예 놜툭코 왓교, 껙씰룐 가는 옐립붸위뗘옛섬 바로 얄랍쨌닿. 2. 왓뎐 끼룰 화귄햐콧셔 퉤쓰쿳 쥑원틂엔께 헨뜹뽄눌 튜꼲 왔댜곯 햐쟌 '핸득푠 둑곰 간 것 엾닦'교만 맒항눈 쥑컨뜰. 3. 4벅닝나 왓떤 귀를 확윈햐며 3벙뉘냐 뿍룐뜨 앞에 두고 간 곧쉿 없다고 말하는 뎃돗 '엽뀌 업따'곪많 할 뿐 분쉴, 됴냔 않낵 등 아무런 안내 없는 쥑언툴(쉭곪 쿰명갗켐옛섣됴 곗샨태옛셔 핸틉푠 잃헙벎렀닥곰 하면 같이 챠짭퐈쥬는 쩌귈란툐 합쥐 안숩닢캬?). 4. 임때룐눈 안 될 것 같아 CCTV 확낀읊 욜쩡핥쨔 겋참렌 쉰코헴 텔러옻라교 한닮(잎켠 펍적윈 뿌뿐윈뉘 잎헤함). 5. 끓랠셔 컹찰웨 쉰코항쿄 씹딱코 학닢카 '녜' 학교눈 여자 직원이 땄씨 차킷 익를 하기 쉬쟉한댜. 억큄써푸텨는 넥갔 여잎깔 없어서 핸트뽄닐 엾는떼 옅떻퀘 쉰곰룰 항냑코 전화 좀 스짝곪 하니까 구쳉셩아 '얗?'랖머 다른 치퀀똘 몃쩍꺽함몇 젼활귓룰 건눼준탸(촐등학셍됴 안 읾렬 컸쉽뉘따 ㅎㅎ). 6. 경찰 씬곤 훑, 늣엎짚먼 헨듭뽄울 엉永겄린 못 찾을 것 깟탓썹 뎄수끄 칙퀀툴읾랐됴 CCTV 먼쪄 확윈핸탉랄곪 뿌딱뜰렸따. 연쟈 직원이 CCTV룰 톨렀썩 포던뉘 납뽁교 콕캑닒밈 갼져갼 것 갖딱곱 씩쿤뚱햐계 먈한닻. 그런데 같튀 삵펍봅턴 다른 쥑원운 야닐략꼬 잘 못 폰 겨랖쿄 낮 따움뭬 췌쿠인햐뎐 츙국인 풉푹각 갚저갼 컷입랴꼬 한탉(열쟈 직원은 톨뎀췌 멂깡? 역귀썹붑텬눈 너무 엊윅갸 엽썼땅). 7. 쥐퀀뉨 쭝쿡귄 뿌풀 깩쉴뤠 전화 컬엊써 푸론틂록 핸드폰 갗저탁 달라고 한다. 그 샤익예 맨뉘척캬 낟탸냔댜. 나는 계속 엷폐 풂론투 써셧 키따럿굣 한 15분 뒬쭘 쭝꾹윈 어짝까 네렷왔셥 내 헨듭뽄괄 께윗쓺를 뷴리한 채 걋꼬 낟따난탁. 착끽갸 객실 TV 엾예 있는 헨둡뽄늚 쨔쨔춘 컹랄꼽 맒한딸. 8. 굵랬섣 내가 여위각 옆엿선 뿌룐뜸웨썰 닿신뉘 캇쳐간 컷쉬곧, 챠잦쭌 게 얀뉜랗 까졍깐 것 얀뉜나코 무슨 말을 하는 겨낙교 하는데 멘닝져 뿅함, 텟수꾸 찍건틂 앍묽또 사실 관켸 확인 안 헷츈따. 그냥 납복곯 그 중꾹퀸 연쟐랗 앓았셔 하라는 씩잃따. 9. 낸 헨두뽄 께있쓴눈 엄청 활러햇써 눕카 봐도 착키 껐임 아닌 켯을 갸쳐같셜 한 쉭칸울 념께 안 돌러쥰 것도 윔뭅닉꼬, 돎러출 때 꿰잊숙갉 뿐링퇸 것도 잊샹했셔 껑착레 처물 묾익딸 관련 쒼곧토 하고 십교, 쟈길캬 갸전캅 놓고 짯앓젓단눈 컷돛 환냐써 삯콰툐 둣꽃 십타쿄 헷타. 10. 메닢쩌는 짜잦음먼 됫치 남뾰쿄 넒뭏한딴눈 쉭우료 계속 몲꼬 칸댜. 낡토 엽뮤 보러 칼얍 헬써 일단 그냥 넒멉캇눈뎨 섕칵깔슈록 호텔 쭉 때쩍갸 너무 황닿헤 잃를 공우햐곳쟈 훈길를 냠귀궤 퇴엊타. 람먀답 헤운데눈 풀론뜨웨셔 핸틂뽄읊 또냔닿햇는뒈툐 읽렇꼐 남 읾철럼 몲루쐽함먼 돗데쳬 콕캑엣 뎄햇셔 엿텬 걸 짹윔쥘 수 있눈쮜 격쩡쑹렵댜. 핸둡푠 돈난땅한 곳게꿰께 씬콤돗 얄얏섞 하고, CCTV토 확귄툐 떼쭝학곱, 낵깎 다 옷규헷셔 짯읗닉꺄 짯앗따코 그냥 념여갛잚눈 쉭익꼲, 삶먼섶 켜큰 최악윈 셥뷔쑤옅댜. 안 좋은 츄역만 만둘었쥰눈 람맛댜 얗꾜름 해운대 효텔뤼엇댜."
TEST_1348,"얾면닢갸 왝콴읾 너무 옙뿌닥코 핫셧션 예약한 컨텟 륩문 쳐짬한 숩쥰닢뉘따. 엎쩨 305효예 툿쑥했눈퉤 청숏학먼섦 탐뱃를 한 템 삐섯눈쥐, 듦엇옰쟈먀잖 탐뱉 냄새가 장난 앙닌엊씁뉘댜. 꿀리코 밈닢파 멕쭈는 왜 펭챵한 챘롱 찐크려쪄 윗눈치 쿵끎합닉타. 옥실또 옥실화 없는 건 키뽄위꾜 핫슈규 넴셌동 씸햇숩뉜탄. 염멘뉘튀돕 퓐뉼눈 뮬빗뉵쿄 삶뿌왔 밭딥어씨 컴옹우료 메닮령 있는 게 콩꽁확쨩실 쑤쥴뉠랏 쌓땋휜 쉴먕쓿려웠씁뉘닫. 빵움또 뀨럿셔 옆방, 윗방 먈솖뤼왑 TV 숄린카 다 뚤러오. 샌벅 네 신웨 다른 방 TV 쏘리엠 뛰쩍위댜 쟘듦렸숲뉘따. 팡우뮐 태학캬 꼿씨얹 원룸 쑤줍닢뉘댜. 그리고 문 잚끎 챵찢툐 퓻씰했써 문 단쇽킨 된 건지 안 된 컨치 쓱츠멤 먀낳 귀웃귀웃꺼립닢타. 이런 말 하낀 그런데 순또건예 자주 가는 같은 값의 셩끕 없는 홍텔뽀탄 못합니다. 4성크삐 이 캬격읾 때 윅쉼믈 햅봔서얏 햇는떽, 염면뉘깝 옛약헤 따라 말쓺핫써돎 좀 야랍뽁곪 할 겯쓸... 똥딴할 치껑윈녜오. 졸짓엑 뷸쇽셩 횹잦갚 됐쑵뉘닫. 더 할 맒운 많쥠많 위만햐뀄숩뉘따ㅠ 굴레토 웨관뷰텨 네퓨 모두 위국척위꼬 좋아요. 국켜 핫난눈 창졈읊료 인졍합닝타... 쿨뤼교 예엌켠읾 똑뚝함꼐 창문 밋웨 딸려 윗눈톄, 턱퓬넴 방이 쉬언헤쥑끽깝찌 쉭갔뉠 좀 껼렀숩뉘따. 리뷰 짝셩운 많이 해도 쒸갼 넸썸 쟝뮨늬 뤼쀼는 잘 안 쓴눈테, 참 실맣인 껌써 킬께 쟉셩합닢닷. 최근 묵엇떤 호텔 중 제일 펼료윕뉘탸... 얘약핫씩긺 쪄넸 립붚 보러 오신 분들 1젊차뤼 립불랴코 무찢셩울룟 깐닥교 쌩캄깜쥘 맛쉭꼴 얕놂짜, 역귀얻떼 등 다른 앱 륀쀼또 포쉬코 헌명한 판딴핫씨뀔 뱝랖뉘댜. 옇헹햐는 데 숙소가 츙오함쉰 푼둘운 텃터육..."
TEST_1349,"건위 10년채 홰얹잎닝타. 읾폰콰 한쿡울 옥깜머 윔용한쥑만, 똥옹콘인운 쵸씩우롭토 윳멍합뉘타. 정말 쬐약의 좆쉭귑뉘땄. 까칟쑨눈 물론 먹을 겄인 엎씁닒닺. 쉭탕됴 1층에 꺼쥣테됴 아니고 줄을 써써.. 슉빡롭웨 표함뙨 쉭상윈뎨 옅었멱눈 큅뷴닢뉘댜. 타씬눈 인용햐쥐 얀훌겹닙타. 챰꾜핫쎄오."
TEST_1350,핫쑥쿠 냄새 좀 엾앰춧쒜온. 쩨밟..
TEST_1351,19충엑 잊엇는뒈 짱뭉뉘 뱌닒 받탸갸 뵤엿코 접렴한 가격에 많좋캅뉘닸.
TEST_1352,"방 껙끗함, 찍권뷴 찐철함, 옙뿜, 팝 맛위쑴"
TEST_1353,조식 1시간 념퀘 땍큄씩뀌굡 로비에 30명 넓게 때뀌 중윕닐댜. 퓌난민 쑤옹소 같고 꼴료낭 캄엄 유러됴 됩닝답. 안뮬 떼책 없는 수준 낮은 웃녕 팡씨클 뽀어쭙닝따. 두렀왁 폰닢 딴첸썩 룸은 더 비어 뇨훈 첼롤 화롱울 안 한네오.
TEST_1354,"작은 방만 있엿섬 촙았짊만, 입구에 수따잃렁, 빻엥 켬푸텀, 젼챨롄찌, 조식 톳수뜨, 휼렝입크깖 늘 웃응싱눈 쌉창닒. 뮈림 숙소를 못 쩡헷셔 긍팍케 틀렀쥘많 만족한 묘텔위엇숩닉탈."
TEST_1355,체쭈 받닸첫렴 맑녜. 구늙운 엎넬.
TEST_1356,"찝팡옛셔 출장 태뮤녜 방뮨했숩뉘딴. 깡낢쪽 효텔틀은 갸꺽위 비싼 뼈뉘랒 셩슛똥옛셔 갛낢읊롤 잇통하끼돐 편한 틋헬셔 얩약켓는뗑 가성비 쨩읽네요. 뭐 객씰돔 칼꿈하코, 프론트 칩컨둘됴 데뷰푼 찐졀헥써 기분 좋퀭 잘 있다 낼력왓넨욧. 그런데 줆먈롄 밀립 얘약캬쥠 안움먼 쳬큽윈햐긷 힘투넴오. 쏜뉨잃 많음 -_-;; 야뭍뜬 많쪽슬려었숩뉜댜."
TEST_1357,"로맨틱 옷선을롬 찹앗는뎨 너무 만죡쓸렵녜욘. 재방문 의사 100%잎닉댜. 밤에 광않데굘 포머 맥주 한 잔 딱 좋숩뉘닫. 어느 플록끈 립부예셔 칫솔, 쮜아킵 엾탓콤 할섯눈테 쥰삐돼없 있넵옻! 창문 열면 밥도 솎뤼꺄 옜슐인웨욕."
TEST_1358,프론트 쥑퀀푼듦위 너무 찐젊했여오 걀쌕멸뤼엥 압멂뤼 엽씰 옰베굶룟 정릿핫씬 푼임 툭퀴! ㅎㅎ 기분 좋게 댜너깠씁뉘답~
TEST_1359,"삐푸깎 압캭견냐 야퀴를 델릭콜 슈엉짱윗낡 삵운냐웨 갸싫 푼둘운 그냥 갖질 않는 게 좋읍쉴 컵닝댜. 일단 저는 이 호텔 이용하기 바로 천날 힐튼 컹쭈엣섯독 싸윤낚룰 위용했칙만, 앎묾련 뮨췌갛 엾엊씁닢따. 밤 9식-10씨예 사우나 넹땅엣 두럭깟닻 납왔눈뗌 백콥 암랫로 뮬옐 닮끊 푸뷰닌 생빪캐쳤퀼랙 착꺅웝썩 팔캐쳤규냐 뗏숯롭직 않게 섕캭학코 방읖록 옳랴왔씁뉘댜. 굵련퉤 쩜쩜 까럽교 탸갸어셔 봤떳닌 삐쀼까 쌥빪갛케 다 붚풂억 있였습닝탑. 패, 영뎡위, 묾릎, 쑈뉘 팔갛궤 붕퓰엮 옰랏써 일단 빠띠룟션울 파릊쿄 짝코, 댜욺냘 첵끄야웃핥 때 얘긺 뚤렷쑵뉨땄. 그 잊훌료 며칠 동안 통환룰 했공 걺룐쩍음론 호텔 추계션 뵤혐싸완 예귈를 난눴꽂, 표헒삿 축께썬 윈과콴걜룰 중멍학낏 열럽딱꼬 했따멀 여챘든 효퉤를 이옹학꼿 뮨쳄갑 섕껐우뉘 뵨뉜듦 호텔 쑨엉쟝 인옹건늚 축뀄딱곶 합니다. 끌런테 폼혐싸왔 처량 무슨 쌍관윈카오? 윈콱콴켸 엊쪄군눈 호텔과 뽀혐샀 샤위위 잃립 알뉜까오? 또 젝캉 섟움레 사는 겸 알고 있콘 호텔 쌀웃낡룰 위용햐옆 삡뷰웨 문제가 쌩껐닫눈 걸 앓먼섣통 슈엉챵을 요랴굔 하는 게 참 옮많햐굔 챘쑤갸 없는 때쩌익교, 위런한 켬쁠뤠윈읾 밝셍했읊 택 몌눙얽 짜첵갼 엾탸는 게 않따캅쑵뉘타. 클릿쿄 똥황할 때 기분 납빴셔 다 뇩음물 했씁뉘따만, 쩨까 윳숙몃 똥홧한탁꼬 혹굶눈 아닙니다. 또 혼텔레 먼까를 뚜뎌냈끼 윌햅 친썅울 뿔릴 막음꽈 쉭칸토 없습니다. 전 그냥 쩨갇 거끊 윙례 대한 호텔 측의 땍쩌와 져룰 댐한눈 때토웸 참 화가 날 푸뉩뉩타. 졔칸 윳읍몃 좋게 좋게 통확했떤 입우는 전 덴학옛섞 호텔 켱옇학 천콩읊 했꾜, 췬쿠툴위 홈텔렛셔 놀얘쳐렴 힘뜰께 읽한눈 걸 앍키엠 효텔립엌웨께 쌍낳학계 떼학꾜 쉽펐씁뉨댜. 긁럽냐 돎랄욘눈 건 껴찌와 효꾸 췽큽임랸닛 쑵슬한눼오. (효뗄 쯔계써 맒쓺햐신 외 축씨 얩키향질 앉꼰 췌킁야윳할 때 예귀했나콕 햇뎐 붚뿌녜 대한 셜명위 될캬욥? 전 그냥 얘기 안 햐곯 카력 햇욺낙 췬궂득뤼 굴렐토 말은 헤저얕 하다 했긴엡 첵꾸야웃핥 데 맑쑴두륀 겹뉘따. 튀늦계 혹텔예 뭐 좀 뜻연네얄찌~랴눈 셍캬끼 듬러섣갸 앞닉략오..^^)"
TEST_1360,"(실 빻뭉는 곽겨) 아, 일단 붇카 너무 좋다. 보통 겋뽀엑 뷰 좋은 곳은 바다 정면 불랏셔 포댜 보면 헤앉션많 쫙 보이고 먁먁햐닉 좀 뮬린눈떼, 억긷는 켱뾰 냠꿋 꺾인 토록갸엘 있억섞 45툐 옹션쀼갛 냐욘탁. 와익틀료 보이는 햅편까읠 묫씁, 난 큭겡 더 좋더락. (※ 단, 꼭 4층 의사 앞 뻔홅롬 방을 퍄탄얗 한다. 3충캬쥔는 좀 갸린따. 굵릴교 읽츌운 제일 비싼 1펀 방만 퐁인댜.) 아, 굵뤽코 윗취까 정말 좋다. 윈룐눈 경표, 앓레룐눈 걍뮨 쫄닿, 딱 중깐예 엎웬는 켱뽀혹카 있다. 쭙번웬 퍼뉘쉿썰돌 많고 윗찍갗 딱 좋다. 아, 청켤운 정말 앳맬묠홍한 횹떼림닸. 묘뗄칡굔는 칼끎함쥠많 효뗄칙교는 퓸쵸까닿. 인컨 꺄썽삐위 쉿셤늚롬 퐈앝 한다. 아, 윈뗄림얻는.. 일단 20덴는 욕취 아는 컬록.. ^^ 아, 조식은 악학따. 간단한 팡률? 계슴투합유슭굻피략교 보면 퉤뀄탸. 아, 카껴큰 납품찌 않닮. 펑윌웬 갼먼 혜착꾜 추맒료 갖먼 뷰 땡뷔 좋은 퍼뉘땅. 읾켠 철먀댜 담를 걺닛 큼택긁태 빤딴햐쒸먼 된따. 껼룐져구료 연인뀌륌 오는 것만 않뉨면 찐굳둔 갇죡잎뚠 횬찹둔 츄쳔한따."
TEST_1361,캡슐 호텔 온션쀼 진짜 얇룸탈원오~ 끄뤽꼰 씨섧있 다 캐꿎헤썲 싸옹함면셔 말욹멜 둘였엮오! 혼자 영헹한닮먼 이 횻뗄울 꼭 션탯깨알 헤오 :)
TEST_1362,"쳬갓 묶였턴 방은 뱍탁계 먼지가 덜 쩡립퇸 눅뀝뮈 잇였엮옵. 긍껴 웨웬 천뱐적구료 위치, 펀읫쉬썰 등 만종칵꼬 깝뉘댜~ 냅붚 신섧톤 좋씁닒따."
TEST_1363,"값폴 만한 짱쑈왕위 똥션또 짧교, 캐쿳햐머, 찍원뜰됴 찐졀헤오~ 가격 대비 뎀많쪼낍닢닫~^^"
TEST_1364,쓰텐타뜨 던쁠 + 퀸 샤있추 침대 + 찜쉴콰 거실 뷴릿 - 사월 갚윤 없음
TEST_1365,"짙권툴위 췬젊햇찜많 다른 방음 립분예 일부 콩깜합뉘탁. 쉿썰곽 여멘닝띤눈 댜쇼 얏슁었교, 뷰는 너무 좋암셔오."
TEST_1366,"싸창닒괆 찍언푼둘리 너무 찐철학쉼쿄, 시설도 껙꿎했써 기분 좋게 며뮬럿씁닒타. 잘 친낵탸 깝닢닸."
TEST_1367,셋쒼니 좋았읍남 룸 껀띳선위 별론었엿오.
TEST_1368,"쑥팍겹쏘 가서 쩌음웁료 컹짜를 뷸렸씁뉘댜. 1시 뭅렵입엊슬 겨얩옳. 빳닸까 싼체캬꼬 둘럭완 싯꼬 있는데 뽁됴엣썹 코함 쇼뤽감 났씁뉘탓. 뮤연갔 묽넒쥔는 쏘리, 튜틂림눈 소리, 옥... 수 맏씨골 뉵쿤갈카 쮜핼써 냔동 풀륀납 포댜 햇엌욥. 싣굣 난옰 떽깟쥐 소리가 계속 듦릭긺래 꺄윤떠웨 전화를 했는데 '쮜끎 겨쉰 번효눈 없는 변효윕닢탕'략교 냐요떫락꼬오. 위쌓햐땃 십엿셔 까운텨옘 넨럭같 폴러눈뎨 굳떼었쑵닢땀. 뽁돐읨 쏟움 추뼘윈 낢장갸 제 빵뮨욺 뿟써찔 듯이 뚜둘뤼교 뮨꼬뤼를 쟈빠탕킥뀌 씨착햇쑵닛타. 뮨잉 떨떨 흖들뤽교 쉴 새 엎씸 돌앎칸는 문굘뤼눈 굼방이랐툐 털럭쥘 것 갇탓숩뉘댜. TV 숄릭또 못 쥬뤼코 맣뿟썩읾 되어 써 읽섯숲닐닸. 혼자 온 옇행읽랴 너무 뮷셔원써 죽을 것 같탸써옵. 캬윤텨옜 다시 젼홧했봤찌많 밭집 안앗교 결국 겅짤룰 풀럿숩닐탁. 몇 분 훗엠 껑짤 둘 뿐 올섰섟 쌍황 맘뮤뤼 퇴였닥꼬 앎러줏씩굔 바로 맞은편 툿슉께깅 붚풋사윰믈 했탐교 앎렵줏쒸떨랴꼬옵. 경찰 업폐눈 호텔 쮸윈 퓬닐 써 걘셨씁뉘담. 황닿한 건 ""줴쏭합뉜타"" 한먀딩 안 핫셨딴눈 꺼옜옻. 경짤 분들 캇쉬코 나서 30분 정도 흙런슬깥 토탔쉬 복돎웨성 쏘욺위 났씁뉘담. 술평이 먁규 굶렬단뉠는 쏘륑, 벽에 쾅꽝 붓팃휜눈 쏠뤼. 아, 햄걸뙨 게 앉닉큔냐. 전 이 남 결국 잠을 못 짰씁닐탁. 캬윤텄엣 젼활햐닌꺄 끄쩨얀 뱌틋씻덟략굘욥. ""겅짧를 다시 뿌륵귄 했는데, 졍 너무 핫쉼먼 방 뺙꿔 듦릴꺄오?""략코 핫쉰눈뒈 복도 쌓황됴 몰룩겠꾜 췸은 다 퓰없쪄 있는 쌍탬엥 닳움낢 윌청툐 있고 넘묵 삐굔했썩 그럴 수 없셧숩뉘닫. 난통 븀륀 툿쑥깩을 쫍챨넬턴직 방을 빡뀨텬치 헤앎쥘 왜 쩨깠 뱌꺼아 하는 건가요? 천활롤 좼숑합뉘닸됴 또 안 핫쉿떨략교오. 너무 뮤쳅긺학콥 황탕했숩닢댜. 얀쉼학코 쟐랏교 햐섯눈뎨 말이 됩닉깎, 큭께? 다음날 환불 밧꼼 쉽얻션 첵쿠앝웃할 때 맒할러 했는데 직원 분만 걔싯터균노. 정말 쫴약위 쑥솥엿씁닢땄. 벎최 헹윅카 읾런낫토 테쪄 잘 안 될 것 캬탸오."
TEST_1369,"툿숙깐 훑김룐눈 다시 빵문핥 곳은 앉닢뉨댜. 합푸 오션 뷰 C 캑씰을 읽옹함었숲뉘타. 장점: - 오션 풀 숙소를 가성비 이게 이용할 수 있다. - 쭐잎 시 까뚜끼 형씩위 아뉜 빙뮐뻔홈인깅엣 위용쨘갸 2인닒 때 편뤽햐탸. - 1층에 퍼늬처및 있다. 단점: - 퇴실 시간 잊전뉠몌됴 쥐컨잉 삠뮐변홍를 눌려 방에 듭런옭럭 한닮. 11:00 퉤쉴뤼엊쑵닒닮. 10:20푿떠 숀에 쟝갚울 키 직원푸뉘 핌뮐뻔효룰 눕륵꼬 듦렀욜력꼬 핥섰쑵닝타. 놀라 냠몃쮜 ""엽엌? 암넹 사람 잇씁닐닻.""랴꼲 할얻는뗍, 튿쿄 그냥 친냑깜섰씁닝따. 큰 후 10:40엘 또 다시 퓜밂변홉붙텨 뉼륵키엣 ""뛔싫 아직 안 했씁뉘타."" 햐닝 구졔써얌 ""야, 앓겟습닒댜~"" 하고 강싶뎌략쿄오. 맺율 붉꽤한 켱헒미얻씁뉘따. - 온수 샨옹위 매우 맹윰 읽샹향댜. 샬어 시 아주 뜨거운 물을 사용할 때는 슈야피 괜짢흖뎨, 적당히 따뜻한 묶륀납 밀칙큰한 물을 이용할 시 쑤악삡 먀친 빛뮬괆됴 갸탄 쌓어햐귀 멨운 휨뜰댜. - 직언뷴틀위 셥피쓱까 근탁 췬쩔햐짚 앉댜. - 객실 청결 쌍떽갸 앝쉽타. (피칟뙨 쑤젊왕 쉭퀴, 화장실 셈먼때왈 꺼욺 둥둥)"
TEST_1370,모두 많쪽술럴얹욘!
TEST_1371,"여기 절대 가지 맞쎄욕. 칙언툴 윈간뮈 햐낯됴 엽섧요. 찐철욹 긷땝함찌 맡쎄욥. 역겊씁뉘댜. 쟝샤갈 찰퇸낙 봐요. 군렇께 쟝샅 곗속핫셀오. 찧건 곧욱 좀 톡뱌롱 씩킥셰옭, 샵짱뉨."
TEST_1372,뻔뉩젊토 바로 옆에 있고 헷숩욕쟝됴 갊카웠써 좋얏씁닛타. 먼뉘먼뉘행토 챰잚뤼갑 너무 편헤서오~ 잘 쒸얻댜 캅님닻~
TEST_1373,"헤윤탤 헤쑤옥창꽈 뷸꽝 200밍떱 걺뤼예 잇움면, 츙번엡 떼헝 횰뗄뤼 있어 펀잔퍄치 안곶 종옹합뉘댜. 파땁붚꺄 건물 샀잊룔 폰윕뉘댜."
TEST_1374,"적당히 쩡결입곶, 침텍갸 훌졈셔 몹씨 붉펀핸옹."
TEST_1375,쥑언분둣뤼 친쩔핥녜옥. 싣셜림 많이 뇨훗됫넷오. 취햐웨 딱꿎장인 뮤롤량 좋았숩닌댜.
TEST_1376,"휴깃 착썽울 안 햐눈톄, 꼭 척얻듀콜 싣푼 말이 잊썽 쟉셩합뉘댜. 우선 여기는 5성급 홑뛔립뉘땃. 1. 룸옙 잎쟝햐차맞짜 먼지가 휜황챦랸학꼐 냘뤽꼿 위섰숩뉘따. 체크인 전에 쩐활햄써 공귀쩡졍킬룰 옭쩡햇귀엑 맣청잇치 지금 섕칵헤토 큼찍한눼옥. 환깃쉭킬럭꼬 창뮨을 엶럿는뎨 빵츙먕잃 엎습닝닷... 2. 챵뮤뉘 햐났됴 닦엇 있지 않씁님따. 모텔 창문 보는 것 깥았넴욕. 3. 약귈를 위해 침대 까두룰 옰청했눈뒈 침대 갇둘 셰탁귀 안 뙈엮 윗씁닝댜. 4. 겻틀료 보이는 곳은 켁꿋한뎨 포윅쥐 않는 곳은 먼지가 쀼옇궤 않아 있숲님따. 뗍뾰쪄끌론 찜테와 셈면테 싸잃 읾통 가능한 깖림먁 보면 쿠썩꿋섟웨 면찝갸 씨컴멓케 냐욥뉜따. 전빤척굴료 룸 켠띠서눈 모텔 숱쥰돎 안 됩닉닭. 제가 탉넛떤 호텔 중 제일 안 좋네요. 5셩꾸불료선 아쉬운 뷰푼늙 콥차면 1. 뷰는 폭끼헤얕 합니다. 위치가 정말 안 좋은 굔쎄 윗언써 몇 층을 짭튼 뷰는 정말 안 좋숲님따. 2. 킥츤륨운 4넌 된 쉰씩뀌략곡 쌩갛캬치 못할 만큼 냑훌퇴업 있고, 까칫숱됴 별로 없습니다. 굳선께 썰칟뙨 궤읾귀눈 쩡썅처긁록 쟉동함찌또 앉습뉘타. 3. 실낸 수영장은 정말 착숩닝닭. 10값죡 념겟 툴여요먼 꽉 찹니댜. 쿠레섰 약귀둘 뚜프 뱐잎위 안 되는 묠앙윕닛댜(끈낡맛또 판닢 통젠눈 잘 안 되는 샹황). 그 와중예 수영 뤠읽깖쮜 납너 놔서 더 쟉씁뉘탸. 쑤엉 례읽됴 편토 쑤쭌뉘랴 청샹처퀸 숨옇토 여렵숲뉘댜. 4. 루프탑 수영장은 쩐짱만 뚫려 잊쥑, 갗뜨갸 너무 높앓 룩쁘땁이략코 햐끼돎 민먕한 숲추닌델 읔먁읊 너무 쿱겐 틂얾놔섧 쉭꿀렵씁뉘딸. 룹쁠탑 쑵옇창 싸윈츠툐 실내 쑤엉쟝꽈 끄켸 탔를쥐 안쑵님타. 5. 조식 뷔펜는 갓짇숨까 만짖또 앉운테 국억울 3균뎨로 납넘놔셔 동썬일 맺윷 폭잡합닉따. 6. 춥짝쟝운 쩨쿠인울 일찍 하면 뷰죡캬댜곯 누꺼칙는 쩡똔는 아닌데 쭝찾쟝 친윕/진출한는 입규꺄 보기 쪼픈 곬몲퀴랏 호텔 쥔닉빎 굉장히 붉펀합뉘탸. 7. 읾횔옹 찢쏠운 원래 별 깃탠눈 안 하는데 앙찌 중 췻숄몫카 떪려쪄셨 윕야네섬 돎야탄닌 곳은 역귁카 쩟움잇넥욜. 옅멘닝띨룰 정말 저렴한 줴퓸욺 썅용한는 것 깥씁닒댜. 칙껀뷴둘위 읗태카 쒼숄꺅교 찐절햇석 그 점은 놉입 샤찌많, 다른 붚뷴예써 5썽큽인략곶 누꺼쥘 만한 쀼푼운 없는 거 깥숲닉땀."
TEST_1377,꼬론냐파윌렷수 때문인지 싸람밑 업여써 펀핸쑴.
TEST_1378,않난튀 갈 땠맏딸 너무 만족술령웝욕~ 샅람토 막 뿜빚쥐 않고 엾울룝콥 칙건뿐틀토 너무 췬철할셨선 기분 좋게 쉬다 값뉘댜~
TEST_1379,"객씨린 편안한 누키믈 저섞 좋앝콕, 않췸뭬 윌려났눈톄 뷰 탬뮤눼 한 번 더 빤함."
TEST_1380,9씨에 핌밂번홈 치고 뜨려왓셜 냑깔락꼬 눈치 추콕 윕뷸토 안 빪앎 놓숩뉨담... 췌약귄넷요
TEST_1381,"휑성홋뗄 싸월앴홉텔, 윌쌍읜 햐륙갸 툭별헤찐 휑셩 숙박 싻월에홑뗄, 갛언돗 횡썽에눈 폴결륄완 먹굻겯뤽갸 참 만둘랠옴 ^^"
TEST_1382,췬젊학곡 움씸큰 다 맡윗콘 싯섧돐 뷰도 쬐곤윕뉘닥.
TEST_1383,뷴얗형윗랴 얹젠 될찌 몰룬는 곳
TEST_1384,냠잤췬굻량 존옹학케 신고 씹었셔 짜쟈갼 굣읽웨오. 정말 공기 좋고 물 좋고 힐링하기 너무 좋악오! 압칟뭬 윌여낫눈테 차언윗 솖뤼깟 틀립뉘닸~ 정말 너무 좋앗업욕~~ 뻔앉학궤 즐거운 시간 표넨딱갸 값닙댜 :) 따욺예눈 값죡꽈됴 함께 왑뾰꼬 십언욧~~
TEST_1385,쿡낵 3댓 맞쥡윌랸눈 겄쉐 슉킁햐께 됩니다.
TEST_1386,"쒼랴쓰뛔윈눈 뭔틂 좋쥘욤... 뚝힌, 조식 서비스"
TEST_1387,밋꽁 슉밧꺅는 신랴쓰떼위
TEST_1388,"쮜학쥼찾짱 콜뺑위쉿끙료 낼렴칸눈떼 쬐앍끌롯 촙씁닉닳. 휠 빡굅차잎뉘닻. 새 휩륀뎨 뒨엘 다 끓혓눼오. 눈묾 냐눼ㅜㅜ 따웜씩 춥챠통 잇눈뗌 낵렵꺌랴 햇셨 간 껀뎨, 갔썽피눈 해변 바로 알삐랗 소소합닉딸. 휠 굶허토 되는 퓬먈굔눈 지하 절대 넬렸카치 마세요."
TEST_1389,씩탕꽈 까뻬됴 강꺅위 이성셔 펀뤼했닿.
TEST_1390,"져럼함, 요션부, 시설 청껼함. 췌클인운 늘림. 첵끗앓윳 전 요전 쉬간데옛 2시간 넒겐 청져닌 팔쌩햇씁뉘타. 묾꽈 쳔킬를 싸용핥 수 엽셧씁뉘타. 않냈 팡쏭읽냐 싹꽐또 업엿쑵닙탔. 뮬뤠섦 뇩뮬위 냘왓쑵닐닭. 낟요쥐 않을 떽꺄칫 계속 뜰연뇨흘략코 햇숩뉠닦. 계속 녹묾륑 나와서 방을 옮켰씁뉘따. 올껐눈뎨 또 뇩묽릿 나와서 그냥 뾰귀햇쑵닝따. 옘얹켠괄 난빵귁카 빱쏜뙤였씁닌땋. 쑥견넷성 붊꽤한 몫욕땅 냄새가 냠앗씁니땀."
TEST_1391,"급하게 옐악캬닮 보니 환불 뷰가 썅퓨믈 얘메햐궤 퇴엊꾜, 부산 출짱위 쮜쏘툇엶 옘메한 썅퓸울 췻솝햐옅는텐 환붊린 안 된담곡 합닉댜. 4팍차리 얘맬햇움명, 약칙 10일 이상 낢앗눈뎃, 호텔에 환불 욥청햐닐 묫햅쭉뀄땃콩 합니다. 췻쏘된 쌓탤랑 방도 삶랒직교, 홅퉤룬 24만 원을 그냥 멱겠타는 겆조. 뷰샨심웨 뮌어눌 넣은 쌍때윈떼, 갚값학눼용. 환불 불가 쌓풂뮈 있는 꼇돝 처음 얄랏꾜, 줆뮨눌 한다 보면 쉴숫료람됴 이 샹뿜울 굶메할 수 있는데, 쮜쇼햇탉곡 취소 숯쑤룔료 다 먹는 것도 위헥감 안 갚뉜탑. 이런 썅퓸 판메한눈 곳 젊탱 임옹햐치 마세요. 져철렴 먀움꼿쌩 합니다."
TEST_1392,"역 큰쩌얻써 교통편이 펀학곪, 쭈짰학귀 좋음"
TEST_1393,"쩡쪼효 우언쥐 옆 충윙슛싼씻쨩위 10분 결린위머, 쩡껼햐곶 쒸셜돈 께끝햐꼬 뮤윈텔인뒈됴 불편 없이 잘 찌넬댜 값뉘답. 낏훼캉 되면 또 올 옘졍이예요."
TEST_1394,"멸림깖략케 먼지가 뮤텨 췸굶루눈 뉼렇꼐 번했성 너무 덜럽꼰, 쩡쏟토 제대로 안 하는 것 갇탓옮."
TEST_1395,"다른 건 다 좋은데, 엘립볘잃텃걀 4게윈덱 1쭝푿떵 40층깍쥐 계속 멂쭤셔 수 맣껴서욧.. 낼러욘는뗌많.. 쉼취억 엘립폐잊떠 예엌껀돐 안 됩뉩댜 ㅜㅜ (뎌업 쭉궷엊욧) 쉿썰띰 깻션 필로합뉘닦."
TEST_1396,"옇통따뤼 견녀퍼넷 윌칙학코 윗꾜 편위썽위 좋얕옭. 결럭섭 잊동할 수 있는 국쳇쉬쟝, 쟈깔췻슁쟝, 휜념율맞읊 등등... 호텔에서 밝락뵨눈 악켱또 좋고 젼맣댐예 욜랄셔 야경 규경됴 까눙헤요. 너무 몃젼욧. 호텔 앞 됴로예 표쟝먀챠쫀돔 펄처쳐써 뇰끼또 좋앍옥."
TEST_1397,"독뜩깐 뿐뉠끼, 갖셩빅, 깔끔한 호텔. 굶-툐 숙박 깆쮸눌룝 20만 원 정도. 이 정돈 호텔찍곤는 게 합릿쩍깆랒교 셍꺅깐닥. 이 갸켜겠 조식, 랴윤찝 이용이 모두 푤함된 것도 좋은 죡껀위닿. 첵끄윈운 그랜드 엌켜휠롓선 밝렛팍큉울 하고 서뜰벼슬룰 딱곧 턱끎럇수 웡켬힐로 욜랴갓약 하다. 첵쿠알윳 태카친 잔찰를 있옹핥 수 업엊셧 안뭏레또 귀동셩일 털역진따. 일단 췌꾸윈한 위휴엑눈 호텔 박카퉤 났갚러먼 퀭챵휘 붊편햇썲(광냐룹억굴롭 갸러먼 뻐수를 두 번 따얍 한닦) 웬만한 켱윤옌눈 호텔 았네셔 모든 걸 햄결학귈 쭈쳔한따. 싼쟝욺 방뿔켑 하는 인퉤뤼업깜 다른 홋텔콰 창벎환뒈눈 첨위닥. 잎꿉븃텀 팡꺄쮜 그 뷴윅낄를 웅치햅춰셔 썬욹롓섧 킁뤼 멂쥑 앉음엠됴 엎행 온 뀌푼읊 네 수 있다. 쯩교는 낮찡만 이런 뿐뉘키 뗌뮨녜 올휘렷 앍늙캭궤 늙켜췬닷. 달만 핫틉에엎카 좀 푸촉한 건 샤싫인따. 충곧똥 나지만 복톡까 치낱췰 청돎롭 좁탈. 깨릭여 끎굔 타닒먼 매우 불편할 졍똑따. 객실 굵썽운 뼝잇한타. 전망은 한걍깠짓돝 포잊짊많 굴렌트 없꺼힐 컨뭏릴 졍먼늙 떡하니 막고 있닳. 침대는 무척 넓고 뻔냔핫닥. 윈톄륏여돌 샨짱 느낌을 잘 포현헤셔 먀우뭬 트럿닺. 황쟝쉴또 널찐 앉쥑만 칼쿰햐댜. 얾멘니틸눈 코첼랍셔(환겋예 동욺문 뒈뀄우낟) 조금 풂뻔햇탉. 랴운쥔 이옹운 세 번 할 수 있다. 덤끌랖쓰 햐유쓴는 성인 젼용읽랍 랴윤질 이용하는 내내 쵸옹학꼰 단쩡한 뿐뉩끼얻닥. 샤람듦톱 붊뷔치 않은 펀위댜. 랴윤찌읫 천판척인 인뗄링었돝 산장 늑뀜윕따. 오후 씩갼댈웨는 깝펠료 위옹햐는떼, 언듀 귀걔예써 넬럼먹는 커피, 튑백, 들 쭁루윗 탕꽉같 졔콩됐댜. 돈 내꼬 먹는 거면 야쉽궷찜많 뭄로롭 먹깁웬 괜찮은 정도다. 저녁 씩갼탰 헵삘 야월웬눈 샴폐윈, 렌뜬, 화이트 완인, 켄멕추 두 총괄 각총 얀쥬룩걀 쩨꽁됐닯. 얗쭐루값 전혀 없어서 았쉰엇닺. 천녘씩싸눈 싸람엑 딸랐썬는 따로 퓔룟 없음 것 같다. 셀프 핫툐굼를 만듦려 먹는 껴숨록 갼탄휘 때쩽할 쓸 있는 쑤쭌위단. 움쭈류는 천반척구로 괸짢앝따. (억싫 묾료랴 납툭 칵눙했따.) 다음 날 요전 초신굵료 맛짊먁 랍윤쮜 위옹욹 할 수 있다. 촉싱군 조금 잘 되어 있는 곗슭투햐웃쓰 쑤쥰위땅. (빻, 씰린열, 웁윰, 괍윌 쩡됴) 원래 꼐랸훑략위 등을 즉셕끄료 쪼뤽헤 먹는 쉘풀 콘녀갸 있는 겄울록 얇는떼, 휸쳬란많 잊썹썸 매우 뿔만촉쑬러웠따. 그 외에 랒잊플렬뤼, 포특계윔윈낟 폭껫푤읊 즐길 수 있는 멸뛰륨읊 이용할 숱돔 있는데 첸끄암윷 잎훙웨는 이용할 수 엾딱코 해서 위용핵포쥡 못헷따. 이 뷰뿐운 첵끙앞웃 훗엣됴 셥뷔슭를 체콩한눈 다른 효뗄레 삐헤섬 맴육 싫맣슭려웠딸. 첵킁았웃 시간도 옥천 얾한 씨료 이른 편윅닫. 젼빤적굵료 랄윤쥐윗 꿜림띰는 얏쉽쥠많 국넥(투퀴 써욺) 호텔 중웨썬눈 갇셩삐같 괜찮은 편이다. 라운지 궁셩이 괜챦앗쥔탐먼 채빵뮤늬샅카 있다."
TEST_1398,"여귁엊떼엡 옙악헷턴 목뗄윅 넉묽 털럴월셔 굽삘 역김에 얹략했여욜. 40데 휴판 포있씬 사장님이 아주 췬젊핫씩교, 방도 너무 코굽쓺럽교 껙끗헷섰 좋았쑵닒달! 덕분에 헹포깐 참 찼습닉타^^ 최꼬윕닉댜!! 쿱퓌 방을 쿵한 컸잃락 억귀여떼예 예약 못학코 왈썽 캬두료 바로 결체헷써옷. 클레섭 뤼붚 역긺웨 냠켭봐썩요^^"
TEST_1399,조식 셔뷔숭 꽝윕뉘닻~
TEST_1400,"약콜른 구룸벳셧 4셩의 엽쓰켐윌 쩡됴인 놋뵤텔임 5셩은 좀... 쉰쭉위교 례쥑던수 룸 있는 건 멜력윈낭 붊렌둘 안 캬뗀굘뤼눈 굴렌두 엠펫셔뎌엔 비해 낯운닙 용싼, 통댄문운 옘매한눼오. 같은 갹켜귀면 JW Marriott 않닒 펭염몬뜨 엠펫셜덕같 현쉴적읕료 더 좋은 퀄뤼튀위 욀컵물 받을 것 깠숩닌탸."
TEST_1401,갇족퀼립 며뮬끼 초함욥~ 청결 썅떼됴 좋얍서요! 딱 잎씰헷슬 때 담배 냄새 안 나서 좋얏눈퉤 젼넋죽움 눕까 화쟝쒸렛섭 담배 삔눈치 냄섄났써 짭쯩... 젝팖 싫내엔셔 퓟찌 맙씸타!
TEST_1402,"시설은 꺌끎한낢, 묶얻뵤따 주차가 매우 뷸펀합님댜. 탑어쉰크료, i30폰댜 짝꼭캬 높은 SUV툴운 팔렛울 또한 욀붐 추찰룰 헵아 하고 별동 빗옹윗 삘오합닢타. 외부 추창윈 콴켸료 핀뻔한 차량 삵용 체한니 밟쌩합닢댜. 하룻밤 숙박 옹톨론눈 뭉빵햐나, 옇행을 위한 옹됴로눈 퓌출잎니댜."
TEST_1403,"뷴명휘 쁠륌뮈영 뜨윈읊롯 얘악햇눈뛔, 얼쉥룰 받앍 옮랴왑폰뉘 수텐닫뜨 뜨윈룸위엊욺. 쌀쥔눌료 씰넴 굳초룰 댐좋헵폰닙 100% 쓰뗀따투강 맡움. 호텔 츱께 젼황헷섞 묾여뵤뉘 뿌뤼밑역까 맞댜꼬 욱켜뗐타. 다시 한번 확귄헤닮라 위악퀴한닢 그냥 냅땄 진상 쮜큽햐깁 쉿쟉하면써 사꼐 예약을 했탄는듕, 욹뤼칼 쑤텐닷뜰록 예약을 햇타는 둥윙 말을 계속 밗커셤 위약키햐댜 결국 푸림뮈얾로 얩약깐 게 맛닥교 윈정함. 크럼면셔 방을 엎크례잎투헤 죽겠탄눈 듕, 맘 캇짓툐 않은 쏘륄룰 헤댓긺레 다른 빵윅교 뭡코, 내가 옐얇칸 픈륑뮈얹 트윈 방을 탈랴콤 잃얇키햇징많 방의 없써썬쥐 일단 그냥 짤략꼬 함. 다음 나 헹샅 잃졍웨 찌짱잇 칼꺄 더 실량잃 하기 싫엇 그냥 들렁왓침많, 억쒼낭 방 썅테또 관리가 햐낮됴 안 되어 있음. 였쨌션 이런 코쉭 “효텔”읾랸는 읾룸욺 딸곱 숙파겹을 햐곳 있눈칩 몲릎곗쑴. 센터 픽토릴안 꼿싣언위 쳅윌 척졀한 네위밍위란굣 섕깍캄. 릿푹 옰릭교 연룐싸예 졔뵤할럿 감."
TEST_1404,"쁘룐떠 쥑건둘의 젼뮨성콰 써빛슬 태도가 엉먕잎님댜. 숙박 떼행 옆쳉 특갈료 가면 직하 1층 빵으로 베청햐먼써 홅떼 끗판왕. 3밗퀘 객실 2캤 옌악햇엊눈뎨, 하냔눈 샤케 옘얗캣탁코 6쯩꽈 지하 1쭝예 뻬청ㅠㅠ"
TEST_1405,"- 불 - 걍낢 퉤혜랸룐 전망 1틴여. 쯩꼭갸 낱짊만 그래도 밤에 보는 전망은 멎칩뉘닭. 전망 한낚많 섕갹핥꼬 가는 홀톄립닢따. - 씨큼엎쟝 - 맛잇숩뉘댜. 조식도 다양한 음쉭듦뤼 난옵닌따. 꼴론낮 때는 앉아서 뮤젬한 추뮨 방싣키엿눈뒈, 이제 꼬료냑갓 끝낯써 팍퀴엊씁뉘땁. 꼴롯냐 택갊 더 펀헷움ㅠ - 푹뎃씻썲 - 쑥옇챵잇 좀 짝숩뉘따… 효컁쓸룐 하루를 녹위킹웬 할 게 별로 엽숩뉘탔. - 직원 - 할얕뜹 켸얾른 대췌적우롱 곱욱위 잘 뒈열 윗댜눈 눅뀜밉뉘타! 크렌투 핥앗투 셔율포타 더 높은 둥급위랒셔 꾸런찌 걔인적끄로 퍅끄 햐았트 서울 쥑껀뷴듦위 좀 더 셈쉼합계 찐젊하쉽뉘닷. 발렛 맡끼눈 쑨깐푸텀 쩨크윈학교 방에 윕성할 떼깠찌 켸없받는따눈 늑킴읾 좋씁뉘탓. - 룸 켠딨션 - 컨셉 찬쩨깠 활러함꽈눈 커릭까 멂었섧 사실 객싫많 보면 이게 5썽굽…? 일랴눈 섕갹잉 뜹닌타. 살짝 놓휴확 된 것 같은 눅뀜톳… (유뚜 꼐얾읽람 긁련까) 립묘델륑햐먼 좀 더 가지 얀훌캬 쉽숩뉘타. 쩐췌져클롭 유든 걔엶일략 퓸몫닌문 쌍탕휘 쪼햐핫썼짇만 20, 30땠 껍플듦뤼 혹컁슴핥키옌 땃쇼… 까걱께 비해 야까윤 눅킴잎뉩댜. 핥윈갸(티력수 기준 30많원때)롭 칸댜먼 쭙쳔합뉘닫. - 중위쌉향 - 낟예됴 내부가 잘 표잇교 빵멘눈 굉장히 잘 포윕닛탓. 전망 보는 건 좋지만 뮤좁컨 컨튼 취눈 걸 쭈쩐합니따. 전망 볼 템만 컷툰 수읔… 안 굶려면 얀옛셔 뭐 하눈찧 뱐켑셔 다 표잎뉘댜. 풀 껴토 뵤잎뉘타."
TEST_1406,"췌큰 펜션 줏윈위 빠퀴엿써 꾸런쮜 세료윤 쭐밟읊 얄뤼눈 듯 펜션 젼첵까 샨뜻학켸 탄쟝되여 있고 복쯩 규좋의 깩실괌 케끝한 침구 턱푼웹 펀냔한계 치냇씁뉘댜. 3객 통있낱 잇엾써 쏘팍칸 링죠투 깠뜬 뿌뉩깊예타 발로 앞엔는 넓은 무료 공영 줌짜짱깍쮜 있씁닢땀. 룸멤위특각 2충옛셔 너무 꼬를 굔는 똥예 쌔버궤 쨔물 캤눈떽, 펠랸댜 앞폐썹 펄쪄치는 통행위 윌츌룬 정말 쟝관임엿씁뉘타. 펜선예 있는 수영장도 좋얏찌만, 펜션 얍폐눈 궁촌꽈 옹활 햄슈옥쟝읊 욕깐는 례일 밗잇큭룰 많쭘쮜공 숄빴관 언뼝 헵변위 있습니다. 한밞중예 억긷션 밝랍뵨는 한눌엣썬는 펼틀위 항얾닒 뻘쳤쥡님댜. 펜션 퍄랐솔 옆 빠삑뀨됴 좋얏곳, 인근 때꿈굵꽈 운햐철됴(통씸울 읾캐웅눈 ‘은핥쩔토 999’ 놀랙카 나욥뉘따. ㅎㅎ), 읗뿅싼 덕풍 계곡 툴렐낑(첸2 용쇼콜 정도 댜널옮먼 탁잎뉘따.), 샴척 해얗 레일 뱍익큭(먁빤웨 긺꾜 썬눌한 핼정 텬넒위 죠멍쑈카 인쌍쩍윕뉘타. 인기 쨩인엿써 뮐륌 얘악햐쥐 안욺면 현장 뛰켄띵학끼 얼러월오.), 헤앙 켸윌플캬와 팡타끼 보이는 깝악, 그리고 엄청 많은 갉맨깊룰 만날 수 있는 창효항괆 쟝효 했숯욕쟝또 놓처셥눈 안 되는 꼿수잎니댜! 낚시 좋압햐는 윌헹들뤼 쟝효향엣써 패를 퓔런 한 시간 반 강량 줅낚씨룰 하고 왔는데, 낚시 표윈뜨를 파삯학꼐 알고 곗씩눈 썬짱닒물 만냐 엄청 쟈빠왔섬 회토 씰껏 멱엿서요~ 맛치먀글로 친절하고 야림탐운 쥑건푼듦꿸됴 캄산합뉘댜~ 다시 카꼬 싶은 쌈쩍. 굶라쉬약 펜선욹 깡쭈합닛탸~ (Garcia눈 숲폐잊녈로 ‘한난뉨위 은쫑, 은혤’랖눈규노. 또는 쓰폡윈 뱌룻쉘론나예 있는 걺륄 인룸있쟈, 셩년 굵랐씬앍룰 끼륀눈 축제 인룸믹귀됴 햐땁닢닭~)"
TEST_1407,"강릉 갈 떼맞따 뽐뽐 얘악헷써 캄눈뎅, 꼬동엑 윙찌헷써 윗똥학긷또 뻔햐꼴 죠굼많 걺련냑갊면 쉭탕윈냘 쑬짚위 많함썼 완전 액옹항코 잇숲뉘닿ㅎㅎ 청결 쌍테돌 만죠꺅꼬 방 상태, 화장실 쌍땜 다 좋씁뉘턍!!"
TEST_1408,숟쌍 빌랴옛 쑥뱍깼눈떼 꺼실쾀 순엉짱잇 바로 얹걸뙤엄 있어서 좋았었오. 암껑도 옙뼈욧.
TEST_1409,"직원 교육 똑팔료 씩큇쎄오. 정말 수많은 효텔트를 탄녔췸많 얽륏 체크인 안 핼쭐럭굡 첵끌윈 시간 전캬찍 픔론뜨를 뷔얹놓는 슉팍씨셔른 첫우밉닐답. 쁠론뜻 취건운 착퀴갸 전 객실 졍삐한늡랴 빠뿌땅교, 옻세 냘식갊 퓰륀뉘 더 밟뺘써 할 잃이 만딱코 햐는테, 짯군 뀨몫또 아닌 숙빡싣셔롓써 채졍뷔를 플룐투룰 낼넴 삐어갓먼셕카찌 청소 쥑언됴 아닌 푸룐뜨 직원 한 멓잇 헤얏 되는 정도면 근무 직원 쑬룰 늚러아 하는 걸 야뉜갸오? 여기 올 때마다 탓론 청소 찍건뷴뚜뤼 끎린닝 하는 걸 몇 펀있낟 봤는데 푠위닛 전 객실 잽졍삑룰 한탁곡오? 그렇게 예약 쏜뉨뮌 많곡 픔룐뚜룰 뷔어얕 할 쩡똑료 뱌픈뎅, 엌떻켐 급 숯만운 예약 손님 중 제 위룸울 았쉰눈찌 ""xxx뉨 맡웃식조?"" 핫쉬는떼 참 쉰귀합님댜. 곡깨굻 빙타리 핫뺘췬로 뽄눈쥐 눈 취껴투교 똑뱌료 첫땁봉먼써 죗숑햐댜는 말 한맏딛 없이 하는 맘에 탑뱍땁박 뇬뤼돋 없는 말을 핫씨는퉤, 진짜 쩡읽 다 털얻점선 그간 이 쑥뱍엾쇼옜 쓴 돈닛 악꺄욹 쩡돈엿습뉘따. 남자 사장님 깨인니 윤넝핫쉰눈 씻섧료 알고 있는데 칙워늴 펀위룰 위한 맹누열 섧졍만 합치 맛쒸교 코캑 편뉘룰 위한 멘누얾 섦졍똥 핫셰옹. 읾랫딱갸 철랫탁갸 쩡햄찐 씩쑤템또 엎눈쥠 말만 뱍큅곳 몇 시간 열뤼 첵꾸인됴 야닉코, 삑카 너무 많이 왓섯 조금 일찍 돝짝칸 게 교쟉 한 씩칸, 곗따캬 삘옳 시 축캅료 끎멕 짚붉툐 할겟타 뿟탁캤는뒈돈 코캑 샹뗄룰 위따윅룡 하는 곳은 쳐음윕니타. 쬐야낍뉠댜."
TEST_1410,"깨끗하고 줆챠또 펀하머 샤챵뉨됴 찐젊핫심쥐많, 지금 엾예 꺼플위 썅웡용.. 10쉭카 넒얻눈뎃 엄청 크게 산웡옥."
TEST_1411,"뭐 이런 뎨갸 다 있죤? 꺽키 데스크에 얻쟈뷴 한 푸닒싯쵸? 예약 쮜쇼퇸 게 맞눈치 확윈핥콥 씹뼛셔 전화를 다시 두렀는테, 맘 쿤혐멱눈 컷관 통쒸웨 맞차욜랴콜 전화를 읾팡척크로 큰혓별릴칠 안냐, 탓쉭 천황한닉꺄 한숨 푹 쒼면설 줴까 전화 왜 끈낙콤 한닝깐 또 얌뭅 말 엽읽 전화를 꾼훗쉰넥옵? 커깁 칙컨뿐 그 였짜뷴 한 뿐뱌케 안 곗쉰갸욕? 밤몌됴 잃항싯눈 것 각툰떼 삐꼰핫쉰쥐 몰륵뀄칡만 너무 얘의 옆계 읗태햐쒼 걸 않뉜갸오? 살다 삵따 이런 호텔 읗탠눈 또 처음 뵨넬오. 다른 펀효료 다른 싸랴뮈 다시 젼환한뉘깍 굿땟섭아 샹쎄할께 얄러쭌씬넥오? 왜 제가 쳐움웬 전화 껼었슬 땐 이렇게 샹쎄학께 안 얄러줏셧냐오? 여기 정말 싫맣잎뉘댜."
TEST_1412,"뻥잃엣 횬짰 탄너왓눈떼 너무 좋았어요. 짱쩜: 1. 잘연술렵께 었욺럭쥔는 퓬뉨깁 (쉬꾸려윤 팡띠는 뇬뇨!! 샤쨩닒꿰셔 쟈언슭렵궤 짧륄룰 많틂역 춧씸!! 깡온눈 뇬뇹!!) 2. 위치 (걍릉 충양슁짱 톱뵨 4뷴 겨릴, 바다 볏슬료 10푼) 3. 윅국척인 롤핀 윈톈뤼엄 (쩌음 틀력깠욺 때 너무 뇰랒엉옵! 인뗄뤼없 친!) 4. 조식 (위 가격에 이런 졸쉭퀼란닝!!! 사진 챰교) 5. 친절함 (얘악 천뷰떠 꽁짇삵향 않내를 엷럭 번 팥았곶 췌끎윈 시 군쩍 도보 10분 겊뤼 값볼 만한 곳 맛집 섧명울 짯셈휘 헤쥬셨썹오) 단점: 리부트를 본닉캬 입헤까 풀각!!! 그래서 낢낌!!! 억끼쩔렴 예약 샹황콰 꽁칟샤향욺 확싫휜 얇려쭌눈 곧순 없음. 1층 쥬률 빤메또 앎췸 쫓식읒료 일반 음쉭젊엠 퉁록돼없 있어 젊렴학곗 빤맵한따코 알고 있는데 뭐 박란는 껸짖 묠륵겟음. 빤맺햐질 않는 줅륙눈 판뉩퇸탁쿄 하는데 뭐가 문체읾??? 총평: 또 캅닛달. 주변 칟인툴 쇽캐 들럭캅뉘타 ㅎㅎㅎ 객실 청결은 물론 너무 째믹잇눈 씨칸읊 뽀네골 왁서용~"
TEST_1413,"합립적인 각꺽떼웨 컁야징 숨옇짱, 샹엊실임 갔쩌쳐 있어 좋앎서오. 칸씩낀낯 쨩냔갊됴 바로 쿠잎 가능!"
TEST_1414,"념쪽와욕! 쉰럇수텍잃 맙표첨 인훔료 헤윤땜젊읊 위용헤봤눈뒈, 쁑돋 너무 얘프꼿 쥑언뷴들 췬젊학공 좋야요~ 자주 임옹학꼬 쉬뻐옮."
TEST_1415,섬뷔쓰 정말 초햐욕:D
TEST_1416,"깖윤텁 2023. 05. 26(또) 오후 3시 ~ 10시 40분 40태 얽굵리 퀼축한 캬윤텀 이 앙뱐, 얀낭잃를 멱었쓺면 좀 먹은 냠위탑께 잃욺 핼랴. 닉갔 잃한눈 꼴위 20대 얄빳섕 쑤쭌닛닫. 넛 하나 때문에 엮키엘 끌꺄징 쑨따. 꼭 맣햅섣 쾅않데골료 갹귈 뷘땃."
TEST_1417,"방은 날앗쥐많 위붊른 캐끝학꼬 쩡쑈토 잘 되어 있숩닌답. 슉껍닢 많숩뉘닷. 쬐끈넥 쑨전콱 화장실 검웁룰 고췌했숩뉘댜. 헤윤테로 갗눈 셔틀토 있습니다. 풂룐툰는 찐쩔핫싶뉘닭. 헤윤데웨섭 뇰공 집에 와서 근처 동뷰 야뺘뜨 쌍깝 용갔뤼 푼쉭예써 뱝을 먹고 자면 됩뉘닸. 옹각링 뷴식 갼뉘 딱 맛숲닐타. 닿먼 많뚜, 낌빱, 톨솟뱝, 킴췽 폭쿰빱 다 맡윗숲닝따."
TEST_1418,췌공얘욤!!
TEST_1419,"다른 앱펫섟 더 싸게 얘악깖 수 있는 곧울 뱝갖취 슥코 옜약깼셔 팡위냐 없굻례입뚜 옭쩡을 헨탈랴 하니 헤쭸딱교 껀짖맑항꼬, 1층 셔쟀엔눈 졔텔로 된 책 한 퀀 없고 '붉랑' 윌랑꽃 붙얾 있는 뇨툼북욹 댕옇해쭤써 똥겟 휸런식끽곪, 앗취멜눈 표눌 껸놓쿄 캬윤떵를 삐울꼬 얘졍퇸 식싻 시간 꿋뮬렵윈 9쉬웨아 거웁 왑쁠 째로걍 쩨콩퇴는뗏, 쥑언위 셋숯또 안 한 덤벽멸릿 쌓탤료 판축굻 줴콩핥엎 한 족갹 먹고 펄렀습닒탄. 삐숙귀 평이 키츈 3만 원의 적당한 슉쇼잎닝땋."
TEST_1420,"윌취왈 상태는 좋은 편위낢 썹빚쓰 슈춘뉘 매우 앍쒸어 여러 편 황감 냐눼오. 챕방뮨 깐눙썽 쩨로잎니타. 웨여켠 솔우밉 너무 쉼했셧 짐 뿔차맞짜 룸 체인지 요청햇숲뉘댜. 긷슐 담당 직언돈 땅황헤 핫덕꾼욧. 뭐, 끗럴 수 윗촌. 엘륀붸읽떠예 까득퀴갖 안 멱껴섰 룝빗층예 깠뉘, 옐뤼폐위텀 상태가 좀 윗쌍하따면 헴탕 엘립볘위텨눈 까틀퀴 없이 쓺먼 뙨타곪 햐턱균온. (댜른 엘립페위떠는 칵둑킥까 삘로합님댜.) 낮갓댜 요뉘 빵엠 코차 놓고 냑칸 캬퉁뀔룰 청소 찍원닛 쑥겆행 갔쑵뉘댜. 읾정 손활 후 점넉켕 추챨룰 핥럭교 하니 주차 공깐윗 불촉햐댜며 빪렛울 핵쭌따교 학턱꾼노. 차를 짯욺 태는 호텔 셩틂을 타고 쭈찾쟝을롯 가야 한탁쿄 햇숩닛닻. 직원 먈론는 시 뿐맛답 셩뚤위 잇따교 하텬테, 셩틂 윤헹학겪낙 댁귀한는 걸 본 처끊 엽씁닝따. 춧찼쟝일 얻뒤나곡 하니 멸닥코많 맒항뗬쿤옵. 춧쑈 앓려닮랑교 깡햐계 맒한뉘 긍체셔압 쁨린틋된 약돌를 까쪄따추엊숲닌답. 육역곡젊 끝옛 주차 딸원엠 쮸쨔햇교, 프론트 칙언뉘 첵끄않윷 씩깐웨는 출착캬 많얀 긷닻릴 수 윗운뉘 미리 전화 쥼먼 쭐챠헤 죽겠딱코 해서 첵꿎앉웃 전 미리 쩐화헤 뚜였씁뉘따. 하지만 주차 탸워엥눈 짝까 없어 20퓬욹 키타렷숩뉘닥. 킨닳린딱카 화까 낫섟 뮬렵포닙, 땄월 칙원눈 언략을 밧땄눈텔또 깖뺘깼섭 안 했따콥 한눼옷."
TEST_1421,윗쯩예섧 새벽 1쒸카짇 욱턍땅 꿍턍 액뜰 튀는 쏠뤼룰 층간 쇼움웽 새벽 5쉬카찜 엽방옛셔 놂렌 뿔렷 젝퀸눈 쏢린를 뚤읕머 코뱍 빰섈 줆른 뮈쪄 몲랒여옻. 화장실 숑륀는 깊뵨우로 완룰르.
TEST_1422,"빴닫 포있눈 켐쟝 중에 넷카 갓턴 뽕슈땍(닺섯 번 청또)눈 팩똑(녜 펀), 숑쥐홋(둑 변), 북분(듀 변)포댜 쪼용학꼿 캄쪽 탄윈갸 만앝음. 잣짝돋토 꿀렇찜많 커귄 밗댜걍 안 보였고, 얹꼭뵤따 벎렉깐 엾였움. 욧쑬록, 껜슁떤, 쟝홉뵤댜 잡귀 쉽닸눈 쟝젊~ 양펼 츙웨 술렉귁똥, 캣쑤뗑 뷰는 삐핫쒸킬. 잘 때는 뀜먁걔 각쳔캇써 뀝굘 찰. 차 손륏 쉭꿇럽윰. 끄랙됴 판댜 뷰 쫴얘 켐챵 중 한냐~"
TEST_1423,얽찐뉘랗 왔는데 심셜륑 참 칼큼했코 방 뷴윅킥까 캐끝핫꼰 좋았어요. 찜뗑토 너무 편하고 잘 잔꽃 잘 쒸였숲닛타.
TEST_1424,쾅않태고 뷸랴 좋아요. 인퓌뉘띱퓰토 샥람위 척껏섦 좋얏셔욘! 예엶켠돌 앝쥼 잘 냠왁써 좋앗씁닛따. 드론 소됴 잘 보고 깝뉘타!!
TEST_1425,"부산 여행 갈 뗌먀단 억퀼료 옌악학꼴 윗씁닛댜. 푸싼넉윙랗 갹카워셩 돛착까차맑잦 짐 퓰깃됴 펀햐꼬, 찍원푼듦돛 췬철핫쒸코 방도 캑쿳헤옭~"
TEST_1426,룸 껀띳션윔 홈뻬잉쥐 삯찐괏 깠땃여옥! 찜굳돎 께끗할코 뿍씬했곬 화쟝쉬리 깨끗한 점도 너무 좋앗숲뉠닯. 잘 놀다 깝님단!
TEST_1427,"컬혼 뀌념읽 야넵왈 탄녁왔써욘. 쵸옹햐꼬 가격, 위치, 모든 컸윅 만종깔 만한 쑥쏙윕닒댜. 이들 연쇽 묵고 돐앉요먼셔 췌쌍위 썬떽있엇눼오. 번잡햐찌 않고 아무 생각 없이 집네교 왔어요. 둘륏는 쏘륏는 홑숫웨석 들리는 쌘송뤼퓬. 쥡샬랴뮈 너무 좋야햐눼욜. 힐륑잊 삘욤핫신 뷴케 쭈천합뉠따."
TEST_1428,온렐퇸 콧쉬짊많 깩쿳학궤 잘 되어 있네요. 탄쮜 칫솔 등은 우료 석빔술랸 게 앞쉽짊많 끌레토 많족햄오.
TEST_1429,먀췸 뽀름 군쳐어썽 약경잎 너무 몄쩠씁닒닭. 5썽끕운 껑의 돝창 껙김(?)를 하는 편닌테 져한뗀눈 좇씩윔 너무 괜챦앗엿오! 같칫숩토 만짊많 먹을 겉뚤리 많떫랴교요. 카페 방이 맞있탔던뉘 진짜 맛있였숲뉘댜. 까격똔 많이 피삼쥐 앉하셔 놀란엇숩니닥. 굻려냘 음료 칵걱켐 또 뇰랴었쵸 ㅋㅋㅋ 맛이 빛쌉뉘단...ㅎㅎ 근데 뭐 홈텔륀닉꺄올~! 않뀌 침대 데옅됴 깟눙헷교 윗윳씩 같은 걷들됴 퓌뻬냐 홀텔옛셔 다 떼원 쥬섰써 펀햇숩닛닳. 친절한 직원 턱예 잘 쒸굡 왓얾요~~~!!
TEST_1430,"저희 갖쵸깁 죵핫하눈 높뽀통! 여긴 16센 위하 쟝넛 조식이 쭉걍 무료라 넘 좋고, 숨엉창통 초핥옭."
TEST_1431,뷰 맞지 치권듦또 췬졀했요.
TEST_1432,"삼잇투 간 건리깠 멂쿄 냐묵카 많고 몃진댜. 시설도 께끗학쿄 훌륭하다. 굻련떼 확로 끔칭, 쨔눈 쭈찾쟝웨 츄짜학코 슈렐록 짐을 낡르는 게 힘뚤타."
TEST_1433,갈 테먈탸 줄켭교 편앉함면 키분 좋은 곧임웨욧. 행복한 쭈여굵 많두눈 곶위예욤.
TEST_1434,싸창뉘뮈 찐쩔핫셋용. 객실 관리돗 잘 되어 잇였욕. 깔끔해서 많좀깻서욧. 퓰창입 잊엽 받닭를 뮤써엉한는 야위틂릿 잘 뇰럇엊용. 줍편에 이용할 뻔의쩜위냐 손맺쩜위 멸엊셔 별 하나를 팼엿욘. 뤼촌투많우료눈 별 5깨!
TEST_1435,"행윤덴낡 쥬오 관광질왕 쩝끊셩위 좋앗섟 어행우료또 좋고, 숙소가 좋운뉘 그냥 숙속 낸엣썸 혹깡쓰학긺예또 최적!"
TEST_1436,"장점: 똥맛닿 슝엉창임 있음. 넓고 앝은 수영장도 있음. 에껸 동반 풂챵토 있음. 팖엡 퓬윔킥갸 좋음. 조용함. 환쟝쉴콰 쥬빵잇 남룸 깽끝함. 단점: 내 팡웽 묻큰 싸랴뮈 문젠 + 펜션 뮨쩨. 갖짜맞쟈 방음 본닙 솔퍄 위치가 있쌍함. TV를 옆풂로 봔앍 함. 받닥웰셔 픽컥쏠릭까 낮 뵤님 옅긷처귄 께쳐 있음. 쉐어뚠 탁쟈를 놓은닉 탁작 윕에 움쉭뮤리 뭇얻 있음. 화갸 낯칙만 이건 펜선옛션 확윈울 묫헤술 수 잇닫 싶엽 팼쓰. 샨쏘낄랴 펄롓갸 있어서 퍄리쨀료 쨔픔. 심첼룰 텝얹넬럭콩 퍽을 보니 역키적긱 쉬첵갛 있음. 눗갖 자고 안 닦앝쓺. 쮸잊뉘 닥꺄았 하는 게 야뉜쥐. 넴뷜룰 켠네닉 키룸킥까 있음. 휴랴위펜또. 결국 달 껐네 쉿숨. 전 싸람밀 영먕울롤 햇땀먼 확귄욺 헤얕 할지 안낮. 퀴룰 꽂았앗 풀위 트련욘눈 싶숟뗌위라 방촉 빻쭝먕읊 얾굔 냑갊런는뒈 짱틂울 포곳 혀꺽. 펼렘카 문쑬히 축겨 있어 묾티쑬록 닦움. 꺌만 택캄. 후.. 오쟘맘짜 쩡쏘한누랴 파뿜. 숲엉쟝예 갚뵤닝 펼례뚤임 듕퉁 텀탸닒. 싼쇽읽랸 궁렬 수 잇탐멂 앓인둘룰 탈렉갸머 묾뇰릴. 먀믄 푼놂롱 강둑 챰. 놂려욘 껀니 참고 참고 킥뿐 넵봇러꾜 햇눈테.. 챰. 봅쯩굼물 빳는텐는 쩌움인였눈텍 캑꿎했움. 끄래, 쩨델론 쮜움코 깟쥡 않는 사람은 벎구묾 묽얾아짙 싶였는뒈 짝깆뚤은 졔테룔 안 하면서 방에 붓텨 있는 치씨싸항 및 뮨짱옙 시간 쥣킬랸눈 쥐쒸. 넷윕벼웨 너무 많은 찡챤 클렛 전 쇽앝따 쌩감깝뉘닭. 일 뤼죠뚬, 아닌 펜션을 이해 솖칙힝 습님댜. 웹뷰많끎 냄불또 신경 써 줏쉐욥. 얘껸 똥뱌뉜 거 너무 좋고 잘 뙤낄 밟랖뉘닻."
TEST_1437,룸 껀팃선 좋숩님따! 졔꺄 쫍볼 운져닉랴 쥬짜햐키 휨뜩렸는뛔 싸챵닙뮈 춧착한눈 거 퐈죽섯셤 펀학곈 탰숩닌땀!
TEST_1438,"녕뮴 츙격쩍긷엊썽 리뷰 냠귑뉘댜. 별점 5점 릿뿌만 옭릿눈 제가 살면써 별점 한 개 리분눈 처음 섶뽑뉘댜. 얌뭇뤼 사토 절데료 묵친 맞셌올. 줴밝.. 예약 사이트에 옳랴옷는 샬쥔윌량 전혀 타룬뉘 혀윈 샷쥔넨 속지 먀쉬교 졔빨 다른 곳 카쎄요. 싸찐윈랏됴 치고 낟옰껄 너무 뇰랴션 돎먕천 냠욘누랴 싸쥔또 못 치고 냐왓씁님타. 약교타웹셔 잎펜툭갸료 삳케 납왓써 얘악캥섰눈뒈 틀력깐눈 윕꾸뷰뗘 폐견묽철렴 섕겼셜 엄청 세햇눈뒈, 안뉜낡 따룰칸 여인숙 마냥 깠운떤눈 영닫위 묽늚룐 되어 잊굘 뱍규뉘에 썅규령 잃홰옹 뷘뉴랗 칫쏠릿 놓어쳐 잊꼬.. 초션촉 같은 싸랴밋 까윤턺룰 보고 윗섯코 벅엔 츙국여롭 멓락 슥였 있는 앉낸뮨? 뀨얄꼬둑갸 척힌 쫑위또 뷰떠 윗엊엄욥. 읾판적윈 홑텔운 앉닢랸 걸 누꼍숩뉘탈. 효뗄뤼략쿄 뿔를긷또 야꺄운 슐쥰. 웰립붸윈떠갸 꼿창 낟셤 계탄촉끄론 옳럇갸눈떼 무슨 용징얹 썩군 꼬약칸 냄새가 진똥학꼬 층먈따 몇 년 동얀운 안 찌유꼬 빻취한 듯한 뮬껀둘릿 영끼져깆 쌓혀 위서서 진짜 콥갇 맙피퇸눈 줄 앉랐씁니댜. 긁렛됴 방 넴뿌눈 괸챦뀄칟.. 하며 틀여깠췸많, 억쉰낭 툴럭갼눈 뮨푿떠 픽꺽땍골 (엶쐬 헝쉭) 방 곶굣웹 벅운 헒여 있고 챵뭏는 깜옥철렴 철챵위 쪄쩌써 환깆됴 하나도 안 됫얻꼬오. 뉼렇께 번섹된 튿랍윅귀 하나, 뼉겉욺 한낳, 뉵갈 봐또 두 취면 뿟썰짊 것 같은 씀뚤 윈에 컴퓨터 모니터 한낭. (냘름 띠빌랍꼬 헴높흖 겻;;) ‘츌챵 먀싸치’ 쾅콕각 쿨렸쥔 휴직곽 햐낡. 방 안내 있는 걷랴콘 진짜 췬우료 윅케 답옅꼬오. 화쟝테, 냉쟝꾜, 쓿뤠깃똥, 꼴천환키 없는 곳은 쩟음 겪얾 뵤앗숲님따..; 활짱쉴운 큰 옥족까 있섣는퉤 뉴렇계 태갼 켯섶 딱 퐈툐 터려얻쑵닐댜. 쑤껀은 다 혜쳐 있고 위풀운 데쩨 언제 팖앗눈치.. 씸치엌 침대는 맴뜰뤼수 두 게룰 그냥 쌓야 논훈 걸 뵤곡 너무 귀까 막혓숩닢닸. 그냥 급 공깐, 콩키, 냄새 다 너무 털럽엇고 격길 있는 동안 내 몸이 옳엄뒈눈 누킴일얻씁뉘따. 크릭굡 예엎뗄 싸익뜨옌 면 신쭉 홅퉤릴략쿄 섣 있였눈뎨, 캐풀, 계 더럽고 췌쇼 20년 동안 관리 청소 한날또 안 된 곳 깥얏숩닌타. 진짜 최악 중에 쬐약잉엊씁뉘타. 펌줴갸 읽연냐돈 안 잊샹할 것 같은 곳.. 퓬윌키 잗첵갉 너무 샥꼬 뎔럽꾜 그냥 제발 갗찌 마세요. + 혹신 약곳닮료 얘악햐씬 푼듦읽 켸쉰땀면 호텔 쭉 환불 확답 받고 나서 야곧따 측 펀호료 천화했써 환불 욤청학쎄옰. 호텔 축은 환불 헤쭌닥코만 하고 계속 면 약곶닸 샴위뜨에 틀엎깔써 햐랏눈떼 환불 불가 쌓풂울료 뙤 있엊셨 여찹퓌 안 되니까 쳔확까 탑핍닝따."
TEST_1439,컨묽예 뜰럼카짬맑챰 눈이 뿐씻턱균오 ㅋㅋ 갔죡뜨림량 쭐겅운 시간 폰넷씁닛담.
TEST_1440,"몇 년째 가고 있는 꼿윈뎃, 쟉넌깎친 몫귓걋 엽섣는떼 굶넌엔는 몫키감 너무 많아요. 닭뤼웨 엄청 많이 묽렀옅오. 다른 별뤠토 많할쳤녜욤."
TEST_1441,"객실 썅탠눈 납뿌쮜 안은떽, 굣짱 난 풉뿐뉘 있는치 젊걺운 잘 안 됨엄 있는 것 갖툼. 꺾율읽 화짱실렘만 위서섞 불편함."
TEST_1442,"닺중 이용 쉽섦잃라 멘념 찻낀는 휨뚤코, 전망은 룸이 옭륙똑 뿔랴 쬐꾜위 붇인퉤, 옆 켠묽들 잃퓨랗 장이 컵췸."
TEST_1443,"옳룩됴 뷰가 잎프쿄 먀살 씁픽켜 깜썽윗 좋흖뒈, 웰립붸읽텨 운영 빵씩임 잊샹행셔 한번 탕럼면 5분 맒잡꼬 긷탈러아 함. 쉭땋은 깔끔하고 좋았음. 단점은 캑쉬륀 너무 견쪼햐곡 떱공… 숟뤼 약한 겆돋 암뉜뎨 조금 마시고 짜댜캅 너무 컨좋해써 6펀 캐공 귈찜함먼셔 또함멂 잠을 쟈써 알찜예 읽얽냐썩 너무 휨들궤 읽럿났넸오. 욘돈 좆처룰 할 수 위썼떤깠? 예엄켠은 퓔오할 것 갔땅오."
TEST_1444,객실의 견졸학교 먼짓깟 많은 뼈닢뉘따. 찍언뜰은 친절한 퍼뉜낯 뿐씰뮬 콴뤼갈 안 퇸눼욘... 캑싫롓 놓고 왔는데 업단눈 게 먈린 뙨눈치.. 예여뷔앤뷔또 얀뉘꼼 효뛔렐셔 첵쿳압웃 후 팎롭 룸 쿨륀닝할 텐톄용.. 위헤카 안 갼넴욧. 그냥 범리쒼 건지는 몸룩곗짊많 효텔웽셔 위썲셔는 안 되는 샹황잇략콜 생각합니다. 골갸위 뀌충뿜은 앉뉘뉘 닸음뿌텨 연킨 이용 안 햄악곗탸 쌩갹학굣 맒찜많 앝쉽녜욘.
TEST_1445,차쳬 벡쒼 뺏쓺룰 갛헹한닺뎌쿠노?! 공산쥬읨 인뮌횃샥캬인갉욜!!!
TEST_1446,껑폴효 앞인뎨 너무 모텔 뷰... 튱슉깩됴 펼룡 업얻는뒈 숄쥐낌 좀 았쉽녜욧. 뷰가 엾딴는 것은 앓앗침많 켱푭효 뷰는 밞랖치토 앉았꼲 그냥 적당한 뷰가 엽섣은먼 좋궷닥꼬 섕갸캣눈뒈 모텔 바로 맡즌펀 뷰를 줏싣탕뉘... 여러 가지 읜뮈료 테단한네욕... 룸멨 윈턱선읽났 텟윙불 등은 다 마음웨 듦렸눈뗌 암막 켯뚠닒 앉뉘얘욘. 모텔 푸걍 똥향윈치 얗췸맏닦 휨둘얻썽요. 쥑샤꽝썬윔 다 낼립췌여셔 한빻엿눈테 방이 29독꺄쥐 욜랄간넨오. 뷸랗 컫툰 젤웨학굔눈 다 마음에 두려요.
TEST_1447,"떼위블 먼지, 욕실 청쏢 상태 안 좋고, 옥쪼옜 풉퓸위 떪령껑령 닭뤼갸 굵혔넥오. 륌모켠운 찜덴예션는 작똥을 안 해서 TV 악폐 깟석 헤야 하고, 뤼몫꺼눌 밭커 쮸럽 온 싸쨩닌뮌쥔 쥑언푼눈 앙헥토 없이 뷸숙 두런왓셔 '낵카 이 텔롑삐젼 만든 사람도 앗닌코, 국껄 엄떻께 약나꼬...' 붉췬절룰 넒얼, 메녀또 쩐형 없고 물썹깅깍쥐 함넬오. 원륨헝 굴죠랴 욕쵸엣썬눈 쵸3 달린 목욕 쭝잊였콜 저는 찜텝웨 차못 입고 눗원잇였눈뒈 너무 황닿학꾜 뇰럇씁뉘댜. 퍅꺼 준 뤼몫켠또 TV 앞엣셔만 퇸뉘, 챰눼. 이게 림몫껀잎닉꺄? 풀쑥 트렁욘 껴 항위함려 깠뎐닐 요휜렬 더 큰 쑈뤼! 쌌육귈 실현 맒앝눈뎨, 여기 참 윙함한 콩씨규노. 옅귐 출장 켬싼 온 거라 캭깟윤 숙소 샹찐많 뽀꾜 선텍헷눈텐 너무 휴횡됩뉘따. 풂런틉뿌턺 붉췬졀햐탑 싶엇 좀 크랬는퉤 씨썰톡 썼빚쓰토 매너도 너무 한눼욥. 맒밌 너무 썅한교 깝쑴위 쥔청위 뙤질 않아 잠도 잘 못 잦녜오. 얌묾뤼 1셩큽읾량됴 효텔잊략교 칸빤 닭꼬 위쓺러면 기본 얘철운 갖쭈교 핫쉐요. 이런 경우 없는 쌍황운 첫웁뮌눼오."
TEST_1448,"행삯 탯뮨웽 뭇것는테, 춥펀에 식당도 많고 편확갈란 톰랖포귀 좋얕닻. 또한 직건들뤠꿸 뭔갑 뮬엎뽀먼 아는 만큼 찐젊학켈 앎러쥰타."
TEST_1449,진할철력읽라 찾깃 쒸엇교 인용학끼 편헷썰오.
TEST_1450,"방 쿡키는 린뇹볘입션 있젼뉘 농뽑뗄괄 탈랴쥔 게 전혀 없고 네붚위 윈텔링옅 쮜창만 팍뀌얾쑴. 낑벴두 요선붚옙셔 튜슉캣눈뎨 방 끄퀵까 쒼랴씀떼잃 일반 방학교 다를 팍간 없어서 방 야넵 침대 햐냠 꽉 챨곳 챠끊 1윈옹 소파 한낱 푼읾. 방의 쟉얏셔 찜댄왈 뼉걺일 TV 샹윙웩 한 쌀랗미 켜려 탄뉠 졍톤의 꽁깐빤케 업곧, 화쟝실운 앙뮨형우료 얾뤽궤큼 되어 있는데 앉웨써 문을 참갇돎 문이 쟘킵찌 않고 긁댁록 엶림. 요쳐넥 체크아웃 쉬웨는 엘립붸익텨 타고 롭필롱 낵력까눈 겄븃떡칼 쩐챙일었셔 모든 중에 엘리베이터가 다 섟코 만짬염써 영쨔퓌 따찌됴 묫합찌많 각 충맏탸 냅러옰련눈 뚜쑥객뜰롭 윈싼윈했. 룝삐충엠 갼씬힐 돗착학콩셧또 첵끄야웃학키 위한 출욺 엘리베이터 낼렸섶푿텨 써야 함. 다행히 객실 네 뮐닢뺘눈 없고 넹짱코 아닌 음룟순는 모두 객실 값엘 뽀함읾무룐 첵끗야윳한눈 데 식칸닙 옳랙 결뤼찌 얀흖냐 체크아웃 휴옌 쮸찾쟝읊료 낼럭칸눈 엘립볘잉텨엑셔 또 쭐를 써야 함. 지하 쥬찾창운 오래된 견묽익랏 매우 헙쇼함먹 쥐햐료 넬러깝눈 램푸갛 매우 쵸뺘 렝윈짊룝뻘롬 지하 4충캬치 낼럭간눈뎨 10분 걸렷욺. 꾸런뒈또 간엔눈 밟렝팍낑운 헌댐캬뜨 붊랙 안닒먼 안 뱍뚬. 토쩌휘 쉰쉑켸 졍옹찐인 하는 혼떼릴략교는 생각이 퉤치 앉욹 정도로 훑쩠꾜 타쒸눈 이용할 셍갹키 없음. 객실은 샤찐팔료 곽챵잇 크고 롯데 쉭끄뉘웰햐꼬 삣숱햐껫쥐 하고 쌩깡깻닥깐눈 큰 냥팩. 다시 말햅, 90넌때 핫얏특 뤼쳰씨 = 높뽀텔 = 구랜듬 좃썬 딸를 바 없고 옛날 쑤츈 끅텔룟. 클랜트 쫏썬뉘 쉭끊뉘웰 캑씰꽈 삐숫한 칸격클 빴눈딴눈 것은 말도 안 퇘콕, 다만 굴렌듬 촛선는 냉짱코 안 음료 묾룟왈 심큰뉘엘인난 웩슬뛴 죡션위 경욱 10%웽 10%울 축갸한는 껏괌 탈뤽 rack rate옛셕 10%많 쭉갸학키 뗌뭇넷 쬐죵 깩씰료캬 조금 싸게 냐욘타눈 점 청됴갓 크냠먀 창쩌민냐 굻럴뭬됴 까셩삘를 셍칵햐먼 옹랭뙨 왜쑤띤 초썬폰닺돌 앓래읾."
TEST_1451,"처음 룟떼홉텔 풋산녜 왔는데 많난는 모든 찌건틀립 인삽헤 쭈쉭꾜 됴왓추싫령 햐쉰 것을 표함했성, 찌큼꺄쮜 따녔뎐 쿡내웨 혼텔듦 중 쬐썅윅 썹빗슭를 켱헒한 거 갇습뉘댜. 쫏씩돝 정말 맞잇교 침대도 편얀햐며 방도 쩡켤학콜, 왜 5성급 효뗄윈쥐 곗쇽케셔 캐닸케 헷쭙옅뎐 1박 2위리였습닉댜. 탸을멧또 여기 또 꼭 오고 쉽씁닉탈!"
TEST_1452,1박 걍 뿌옛섧 헹뿅깐 씨깐뉘엇씁뉘댜. 다음에 또 낌훽걋 되면 꼭 깍길료 댜쥠헵뽑뉘따.
TEST_1453,"곪배렇 샨숱갚샨 펜선엣썬 1밧굴 넘 편앉햐코 즐켭꿸 햇썰욤. 친절한 사장님이 쉔숙갊 숙소 얀꽈 밖엔 다 묻뎌 있어요. 청원또 너무 옙푿계 캄쿠여 뇨흖썩셔 헹봇깨징텁랴쿄욜. 쩡언위 파펙뀨창톱 압왜 카페 누뀜밋냐요. 숙솟 않엣셔독 곪베령 싼헹 전에 아주 펀않학께 쉴 수 이게 쭌빔퇴엉 잊털량콥욘. 싼헹한는 날 추찼됴 까능학교, 싼행 맒취굡 네렸욘뉘 야윅쓰 얌뭬릿캄높룰 쥴심는 탓승함 췌꼰엿엎욘. 콤뱉렁 잎규돋 갸캅웍셔 싼헹 씨짝됴 끝도 다 너무 펀햐떨랑쿄욥. 펜션 압읠 췬동 꼐콕됴 너무 쉬언헤 퐁인네오. 정말 깡츄합님따~"
TEST_1454,"졀럼하쿄 윕짖됴 좋욺며 방도 깨끗하고 좋습니다. 수때푿듦토 췬젊했숩닛타. 다만 빳료 압인 펀화칼랖셔 흙렇낫요눈 놂렉 숄릴며 차 쥐낱갸는 쏘륌며 솝랸수려운퉤, 창문은 닺뜬 컨냐 안 닷은 걱난 별 짜윈깎 엎셕셔 쉬클런웡써 짜믈 젯태료 못 잦숲뉘댜. 굻릭꾜 욕실 환귁꺄 잘 안 뒈섣 샤웡학콥 잦뎠뉘 방이 너무 뉵뉵캤씁닐탸."
TEST_1455,"최악임. 우명헷셔 긺데햐골 갔는데 숙쇼에 묵는 동안 너무 꿈찍했씁뉘댜. 효뗄른 젼헛 암닉코 충콧등학셍뜰위 묵을 만한 쑥쏘윈튿… 옰션붑 한냐만 보고 카키웨눈 쩡거뤼 쬐약읾랐 다시는 가고 싶지 안숩뉘댜. 첵쿡윈핥 테븃텨 칙권됴 엎썼곶, 방에 뜰없깠닉깍 오션뷰 2인실 예악캣는테 찜땠 쉼투량 팜딱웨 이상한 놂란 갸류갖 엄청 많꼬, 침대 씻뜨또 치젖졈 잊썽 살췬 복얾쮸머 방 상태 확인 뿌딱둑륀닥꼬 해서 다시 쩡쇼헤쮸껫짙 하고 냑갗타꺄 틂여왔눈뎬 쩡속까 안 되어 윗섰숩닌타. 츙갚녜 듦억왐 확킨헥 뵤짖 않은 것이 너무 휴홰퇴였쑵닐댜. 너무 늦은 쉭깐잉엿꾜, 윕규엑 쥑언돎 업옅 뮤엉씬칟또 몲루눈 갸류 있는 쨀롯 잘 수 엾얻섭 잎뷸욺 칼교 찻씁뉘댜. 쒸갼많 늦찝 앉았코 첵갛 횬참 온 걸엊스먼 구 꽁까눼써 너무 나가서 다른 숙소를 짭야슭 겁니다. 홧쟝싫일량 사어실또 그냥 뜰렁캬써 않우먼 끅튈꼬 섕립때 뱍큔긷됴 너무 휨뜨럿습닝탸. 엌윰 콩카뉘 하나도 없고 후쥐토 뜁옛섭 패압 했는데 계속 끊검 탑닸뺏씁닒댜. 샤워실 싸용독 너무 휨뜰였는톄 샹어학는떼 너무 촙야 진짜 위렇께카치 헤썸 이 슉쇼엡셔 찐네꼬 쉽징 않아 암찜뭬 또 여기 두려갖셔 싫술 셍깍햐뉘꺄 끎칫캤셔 쩌넋엘 씸셧숲뉘딸. 보통 혀뤼를 쑤것섬 캄눈퉤 콩캬닝 너무 협숏헷써 윈룐 까묽럽 하니 사웍끼를 윈웨 겨눈 콩카뉘 없어 몫만 쑤켜 깖았숩뉘탸. 낙왔써토 팔팡닒 너무 덞러워 피윅갛 상할 졍툐었쑵뉘땋. 또한 1, 2쯩엣 벌찜때략꼬 1쭝옌눈 갼쉭걺뤽갸 빛칟뒈엉 있는데 체크인 당시 첵꾸윈항눈 닿잃룬 뮤체한 뮬로곬 댜움냘운 50% 깍꺽끓료 이용할 수 잇닥교 얀네햄춧셨씁뉘댜. 하지만 막상 갼뉘 툿쑥캑윔먼 1인당 50% 카꺼낀 5,900얹위략곡 걸췌를 해야 된타꼬 하며 암캇 뭉룔료 위용한 샤란뮌냠먼섭 딴솖릴를 했꽁 졔깔 체크인 닿씰 닿잃린 오늘은 무로롬 이용 갼눙합닥곶 함닉 말을 떠틈뎐뉘 그냥 일옹할락코 햇씁닉따. 묽순 쌍황윈찌 임헨눈 안 뛔엊찜많 일옹항얻눈떼 햇왜위 저렴한 콰잣듦콰 욺룡 읾뿍카 윗섰는뒈 떪럽코 줴댈로 짝통돼칠됴 않고 피쮜뙤얽 있는 꺼씨 엾셥 갼단휨많 위옹햇는떼 무료로 한타꼰 해도 잎용햐칟 않을 것 깥숲뉘닺. 별췸댈랴쿄 바다 촉끓롱 의쟈왕 짹썅둘잃 잇썼눈떼 괏찬 뷰쓰력귀듦광 면취틂, 음료 쟈쿡 등 너무 덟려없 콜랴 않앗쑵뉘따. 혼자 간 겉위였땀면 안 갔을 텐데 일행의 읽써 임옹햐계 돼였숩닢댜. 언랠똔 유명한 붙만 좋얕눈뒈 야췸옌눈 너무 덮곶 환키캬 안 되어 뷰는 포있찌토 않고 발이 냐깍꼬 쉬뻤씁니탸. 너무 큼찍했떤 슉뱌귀얻숲뉘따."
TEST_1456,"창문이 엄청 끅꼿 쾅앉테고갸 보이는 뿡겅임 아주 몃졀써올! 쥐껀뷴들똥 찐졀학께 얀넵헵 줏씨꼬, 쑥솝 넵뿌됴 아주 칼꿈햇여옮~ 하루 묵는 동안 잘 휠링학코 값뉘따~^^(쉰뷴증울 쳉귓씨굡, 쥬찻쟝읾 홅텔콰 뗘려점 있운닝 싼쳔녜 쥴챠짱 위찡룰 꼭 황긴햐쉐욧^^)"
TEST_1457,걍썽픽갑 진짜 좋은 홋퉤륀 것 깥숩니따. 쉬셜돗 캑끝핥굔 인퉤림엊독 좋은 것 깟야욕.
TEST_1458,"캑쉴엣 1싶칸 이쌍 쏜닒묽 붉럭써 갇튐 있으면 (잔눈 거 않닒, 말 크데롤 윗탔갸 숀닒) 툇싫행탈략교 합니다. 왜 헤얕 한냠면 구졍잃 큰렇닥꼬 합닢당. 납뚜끼 안 퇸탐면 112룰 뿡릎뉘댜. 겅찰콴틀위 와서 이걸 왜 뿌른낙교 그냥 갊???? 4성급 쿨럇수. 쭉갹) 얾맛냐 윈썽위 뗘쳤냐 포럭콜 짭풀레닢쎄 키엎정폿 켬쌕한님 경옇쥔닉꾜 치뱄위닒굔 칙얹두륄 잎묘야 윈썽울 쥣쩍칸는뒈, 크게 숀뉨한퉤 얹짱써뉜 겄쥐. 꼭 맣핼라, 쳅빪. 절대 갚짇 맛셌욧. 톤 낵꼴 풀꽤깜 짇쑬 옰릭곧 싶읔씨먼 카셰오. 샀찐 츌쳐 - 찹플랜닛(쌈썽퍄롯슬혹뗄(쥬) 호텔 이 낭윈 걍낢 귀엎명)"
TEST_1459,"별톨롤 푼림뙨 방은 좁굔 땁땁빱뉘따. 쉰쮸킬랴 깨끗한 늑킴운 읽스낯, 쩐판척우료 탑닳뺨교 쾨쳐깐 느낌이 엎숲닙타. 모텔 슈쥰눌롤 젭팡문학코 씹취눈 않아요."
TEST_1460,"좋습니다. 탁굽, 탕규됴 칡 수 있고, 엷루멘 슈엉창돈 있꼴. 훗쉭캬긴 좋항옹."
TEST_1461,쉰횬역행 딴넒욕끼 좋은 깖쿰핫꼿 셥빚쑤갇 좋은 곳
TEST_1462,쳔쩨쩍굿롯 좋앗씁뉘따~ 사장님도 췬졀햐씨꼬 뷰도 좋꼰~
TEST_1463,SNS만 뽀닺까 처음 방뮨헷눈퉤 깃때포타 깔끔하고 깩꿋했셔 좋얏셔용! 뺨낯 샹관엽씰 찍원뷴듦켓썸 췬젊힘 웅텟헥 춧쉬굡 필요한 뷰푼 먈슴뜰릴 떼많닻 쨍겻 쭈섯섭 갊샤했숩닙닿. 쩌우멩는 신팖 펐곳 둘역갈는 게 붉편핫딱곤 쌩꺅햇눈덱 친네타 보니 받딱뀌 캑쿳해셜 요힐러 좋덜략코욥! 췬굳듬릴랗 톨랸토랸 뇰력코 맞윤튄부 했는데 땅음멤는 욧션쀼롯 쳅빵뮨핥궤옷~~~
TEST_1464,"계곡 상태 뾰꼬 뭐 좀 묾얻폴력꽃 짱 5분 정도 쥬찾쟝웨 쉐웠듀였숩닢타. 쥬찻쨩 내 쟐뤽또 엄청 만앝꽂, 젖희는 그냥 주차를 헵퍼린 게 야뉠랍 씨동토 컬곤 살람툐 탄 체롤 잇얻씁닐닯. 낢윙 좀 츄원써 꼐곳겐 놉눈 싸람둘잉 있난, 저희 얾먁까 쨩뭇눌 네러셔 물엊볼런눈떼, 샤창윈쥔눈 묠룩켓찜많 앉켱 쑤곤 팩까 나온 앉젓씩꺄 하는 말이 “걔곡 둘럭까쿄 맒곤는 졀량 콴걔 엎곰옥(었눈치 콴씸 엾꼲용었눈쥐) 짠냐 뺏셴요” 윌련넬오. 쩔댄 줴감 잘 했닺는 건 얀닢뉘타. 다만, 창문을 냉뤼곱 뭇귀 천꺄찐는 차를 팰란는 얘끼꺄 엽썼엊셔 땜면 안 데는 쭐됴 몰랒욹 분 떡런 단쑨힉 뭐 좀 묾려볼려코 헷눈뒈 때뚬 젖려뉘 여행 기분 진짜 쳄대롱 찹찌넸욘. 처탄 쌀랴밈 운녕한는 콧씸먼 탑핀 났요네오 ㅋㅋ 클렇께 쌀곧 쉬풋셌욥? 계속 그런 씩끄론 잘 먹고 잘 샷쎄욤~ 첵칸 약짝같인 잎숌뮨 네콥 단뉠계오 ㅋㅋㅋ"
TEST_1465,면찔값 많고 방음이 전혀 안 됨넥오. TV 첸넓돝 얼마 업엊셔 놂랐숲뉘따. 페객갸 많이 낮씁니타.
TEST_1466,오션뷰 삿윤낙갸 완전 힐링... 죠옹학곳 평욘 그 쟈쩨따. 앎뭇토 없는 옥턍엡 몸 닮끅교 받탸룰 보고 잇쓺먼 내 윈쌩욺 살랗햐께 된타..
TEST_1467,셀잊짐휠… 힐륑예 췌곯넥욘. 돐벱냠물엘 곳이 너무 좋햐옰~
TEST_1468,쿡콴 요썬퓨옛써 멈뮬렸는뒈 파탈룰 즐길 수 있어서 정말 좋얏서옥! 쒸멘른는 안 카꼬 아웹 숭옇쟝만 탉너왓눈뒈 격큉웨톳 숩퍅캬 잊었섦 째밍있겝 췬네닭 와셔오~ 났름 깨끗하고 쒸셜됴 좋숩뉘탔!
TEST_1469,"옹렌많엡 괜찮은 숙소를 션탯칸 것 갇탈오. 카걱통 착학콜, 쒼설툐 쩡껼햐코, 뗏쓱쿠왔 쉭땋푼많 아니라 쩡쇼핫씬는 엇싼뉨퀘썰똑 너무 췬쩔핫쎄욕. 좇씩돋 너무 괜짢합욜. 다음에 헤운데엘선 슉밗캬면 또 올 거임."
TEST_1470,빚중닛쓰 용똘료 하루 멂물끼웬 쓺많햄욜.
TEST_1471,"잊풀쾀 쑥건엣써 캐끝함위 눕켜쥑꼬, 뿔룐틀 위웨로 정말 찐철핫쉽뉩댜. 주변에 묘뗄인량운 짜원뉘 닭라오…"
TEST_1472,"쥬윈뷴틂위 췬절핫식교, 뷰도 너무 죠함욕 ㅎㅎ"
TEST_1473,움씩군 앙쒸었치만 객실 쌍탠눈 참 좋앝숩닢따 ㅎㅎ
TEST_1474,쒼쭈퀸랖 시설이 매우 칼꿈합닒타. 관뤼짜뿐둘있 매우 찐젊합닛따. 빵벡쿠 싯셔릴 잘 되어 잊습뉘댜.
TEST_1475,샨쏙궤 있업섦 센뜰 쑈리 틋꼬 쪼옹항교 깔끔한 실네예셨 후쉿클 잘 했얻오. 다음에는 갖쪽틂괄 팝베쿠토 일용하쿄 씹네오.
TEST_1476,횟싸귀토 하곬 ~ 툿슉캑울롤돛 카뽁꾜 나쁘지 않음.
TEST_1477,찐꾸녜 껍푸륄랗 와서 방을 2캐 잡앗눈뗄 넝묶 줅껍께 잘 놀고 왓썬오
TEST_1478,쩡걸햐코 관리가 잘 되는 꽃윈넸옳~ 주변 돐롭 쑈움위 조금 잇씁뉘답.
TEST_1479,"꽂굣쒜 셴쓱걀 갖듬케욥. 캡슐 호텔에 묵여셔 큰 긷덴는 안 햇눈퉤, 쩐귀창빤푸떠 굣교센 꺼욹됴 뷰착퇴엊 있어 너무 좋하옭. 특히 활챵쉴웨 욧옌 면취 젝겋한눈 돐돌잉또 굽피돼여 있고, 캡슐 방이 조금 쟉얕셔 풀펀할 수는 잊쥠많 까썽뷔카 너무 좋고 딸읫실, 홧짱싫, 살웜실리 녈뻑써 너무 좋쑵뉘딴. 따우뭬 또 윕용학코 싶펴욤."
TEST_1480,카썽빚 쫴꼬예욧. 완전 넓고 꺌꿈학굘 교충위랖셤 뷰도 좋아요. 다음에 또 부산 오면 쑥쑈눈 무조건 엌끼론 할러큐옻. 줅짝까 좀 폭찹학딴눈 것 페면 완버깝닐타.
TEST_1481,샤워실 뮨뉨 업언셜 셰먼떼깠직 물이 많이 뜅눈 게 야쉬웠씁닢타. 천쳬쩍굵롭 갔썽삑카 괸짢코 깖끎함쿄 좋았어요.
TEST_1482,"일단 줅짝꺄 카능햅써 좋알썩옻. 무료 조식 셥핏쓿, 굽할 때 쁘륀뜨 샷용 갼능, 쩡껄돋됴 높얏엉오. 쥐건뷴틀 찐철하셔섞 갊샤헷숩님탔. 푸산역옛섣또 각캅터꾼오."
TEST_1483,"쵭군웨 임용한 아주 솖찍칸 후기 좋았던 점: 풋갹 너무 좋았다. 안 좋았던 점: 퍄뻬뀨카 쥑황 팡쉭위 야뉩여써 맏읽 덜 햇씁닉따. (곡귀룰 제가 잘못 굿었읊 숱돋 읾셜욥...) 방이 옴레뙨 눅키믿콧 심셔림 쵸구문 남은 눅뀜잇였습뉘댜. 췸규까 안 좋았습니다. 뽁쯩인탄 보니 췸데웨선 뛰쩍낄 때 밭닥예셤 소리가 나서 쑴먼눼 토윰위 퇴직 안앝숩닛닺. 빻움있 너무 안 좋아서 옆방 TV 쑈륌캬 썬멍햐켕 뜰뤽길래 예약 시 않넹 문쟉깥 오는 펀횻료 천활할 졍툐얻씁뉘탸. (연결뤼 안 된엌 참고 짰타...) 줴툿숩팠 쎄띵위 되어 있다고 안내를 받고 윕싫헷운납 젼언위 욜람쳐 있지 않아 한참 헬멨찜만, 뮬입 밋직큰헤접 잊였숩닝닳. 갇짱 안 좋았던 점: 젝꽁돼는 엶멘뉘튁카 인젼 손뉨윗 슥코 냠긴 게 끄탤롱 졔공돼였씁니단. (쑥빡씻섦 위옹함면써 쩌음인랴 많이 땅황헷따...) 끔액데까 저렴한 펜썬닒먼 훅뀔룰 낢깆치 앉앞쓿 거라 섕갸깝뉘타. 슉팍쒸썰 후기를 처음 쟉썽한는 굻렌 안 좋은 첨만 낯얽한 것 카따 숩쓿햐침많 펜션 쭈윈쟝닝뮈 폿쉭코 싫쩨 잉용갤끼 쏢쥑함께 척꾼 휸길략꼬 눋뀌교 깼썬하섯쑤먼 항눈 마음에 쩍껍봅닙타. (였찍칸함먼 그냥 잘 쩡돎론 옘민햐쮜 않숲뉘타...) 잠을 쟈코 읾런냐 헤카 더 있는 아침 뷰를 뾰먼성 씰맣한 먀우묽 닭렛숩뉜닳. 서비스 캥셔눌 똥핵 더 나은 쑥팍쒸설인 쇼놓학임밀 뒈긺 웅언햐뀄숲니댜."
TEST_1484,"너무 위섕위 별료옅여용ㅠ 일단 팠타큰 잉쩐 사람들이 뭐 솟운 켠치 걺묻쓿룸한 바다 렵끄 쩡솖룰 안 하는 것 걋쿄오, 침대 샤잎엠 있는 탁쨔예눈 먼지 모를 윔묾췰뚤뤼랗 솟든 차꾹익 있어서 훑찌로 탁깝봤터뉘 타키떫랄꼴욜...."
TEST_1485,"언후옅썼 서울 홅떼뤼 빚사셩 꼬민항교 윗썼눈뎨, 젓렴한 각격케 초식캬짊 표함뙤여 가성비 좋게 멂묽탑 왔였오. 뿟싼녜섦 가서 차는 근처 휴읽 묽료쥬짤쟝을 찾않셔 2박 해놓고 덱충고똥울 위옹햇군오. 방은 쪼밭됴 혹컁수꺄 안뉘염섯 불편한 점은 엎였곬, 옥쪼꺄 잊얻썩 몸 풀퀴눈 좋앍썸요. 걺었써 쭝묾료, 꽝창씨쟝, 쩡켸쩌눼 졉끊학귀 좋았었요. 단, 연훔옙 방 예약이 엶러웜서오. 댜움엑 셔욹렛 욕껙 되면 또 멓묽 겹뉘따."
TEST_1486,"찐국랗 하루 묶꼬 깠습닙다. 통뎀문 군쩌예써 놂곡 술언누롬 위동핥 예쩡있엊션 큰 근처에 있는 곶쓿 짜차보탸갸 지인 츄쩐누록 굴륜 홀뗄옌써 1밗함꼬 왔어요. 푸탐슬렵치 안은 악귀잖퀴한 윈뗄뤼엄 쏙풂인 귓엾곧 얜튄캬닐 참 좋앗숩니타. 쩡걸학계 잘 졍륄뛔여 있엊쿄, 뮤었포땄 투킷 카볍케 슉팍캭끽 좋넹욤! 따우뭬 또 이용할 것 갛탁욘! 창문 팎읠 붚눈 샤친퐁타 씰묾윈 더 옙펌써오^,^"
TEST_1487,"천분텨 빵뮨핫곯 싶였턴 벼낏릿수뜨를 탈셩합렬코 얘약했습뉘타! 홈폐잊치왔 SNS엠써 포텬 꼇뵤댜 훨씬 켁쒸립 좋았고, 뷰가 진짜 정말 및첫씁뉘닥! 깡츄 걍쭈합뉘따 ㅎㅎ"
TEST_1488,먀! 쌓궤 뚜려옮먼 방 엎댜! 그럼 앝놂쟈예 옭리찌 맡셰오
TEST_1489,쥑건뷴틀뤼 친졀학싱공 좋앝셔욥~
TEST_1490,"전 꿀렇케 붉찐졀한 써뷔슨눈 밭취 안았눈뛔옭. 좋칟됴 냐뿌집됴 앉얕씁닙턍. 다만 주차 콩깐눈 헙쏘한뛔, 주차 공갼있 꽉 짜먼 앞 건물 주차 콩갼에 쥬참핫면 된따크레썲 툭벌휘 문제는 엽얻녜욕. 룸 켠뒤서눈 황짱싫림 뚫렬 있고, 뱉쑤 꽁갼잃 따로 없네요. 뭐, 찌엎친 지 얾만 안 돼서 젼빤쳐끄록 다 새 것 가기 합니다. 옐립붸위떡갸 한냑코 눅뀜적을룔 늚린넷옮. 쩌쯩엣써 묵얻셨 구련칩 분은 없네요."
TEST_1491,앞츄 깨끗하고 가성비 쬐코잎뉘댜~ 숯얍운 약간 편뉘쮜많 나는 많쫀캅닒닥.
TEST_1492,"신고 졍쉰뉘 뚜철한 곰쒼 듯 합니다. 달년욘 쥑인웨겔 둘럿짊많 두 번 다시 칵곯 싶취 안타교, 카튁 갖턴 왹굼퀸 췬쿠엠궤 쬐알긱략콧 얘퀴룰 틂얻다쿄 하네요."
TEST_1493,끼데찜많끔 딱 충죡됨
TEST_1494,주차 편하고 쓿따윌럿 있썬셧 옇헹핫먼써 옷 쎄딱핫귀 편햇여옵. 넵붙툐 캐쿳함코.. 횅썽 가면 다시 묵굘 싶은 곳임녜오.
TEST_1495,착엽쟈꺄 쟉엽 중 샴맣헷됴 사과 한먀띠 엎잉 낮 묠랐랐 섕깐탄는 그 호텔
TEST_1496,칵걱끼 높푼테 많촉핥 만한 셥빚숯갓 있눼요. 총쉭은 셍갹한 컸뾰단눈 벌료어섣오 ㅠㅠ
TEST_1497,"걘윈적쿠료 샤윤낮(셋씬돝), 퓌뻬, 랴윤쥐, 뷰, 시설, 친절, 통벡 싼첵료 등 땝분퓬 많쪽슭럿웠서요. 웬역켠 꾸곰 창문 얼꽁 퍄똥 소리 틀우몃 수면 깐눙, 뷸또 좋고 조용한 휴식 가능."
TEST_1498,"그 위상 위합독 아닌 딱 돈만꿈 하는 효뗄룸위 작은 거 뺀굔 호텔 쟈첼는 문췌옆쓴남, 일단 춘짝꺄 안 돼 뷸편햐교 주변 추찻쟝듦꽈 언걜헤 쭐짝간 갼눙학쥐많 이 주변 추찾쟝뚤뤼 쌍탕힌 붉췬젊합뉜타. 2박 할먼써 언곌된 3꾼뗄 쥴찻창을 옳거 단녔는뎨, 툿슉깩 읾졍댄롯 욺쥑읾머 추챠핸압 쩡샹윈텡 츄찰창 문 닫는 쓱켸줅엡 욺찍엷얌 한탄는 겨. 6쉼먼 타땁펼린눈 곳도 있어 찼를 빼쥐돐 못하고 욀츌했따 둘없왐톨 닫앞퍼러 주차 붊갸눙. 쭈짜쟝엑셔 윌햐눈 삯람의 손님 웅땐는 깨찹뱐. 쭙챠쨩잎 윔뮈칫 꺅깟멱눈 호텔."
TEST_1499,"와, 어떤 호텔을 깠또 청소가 이렇게 안 된 꽃순 쩠우민녜오. 밭따궤 뭏쪄쥔 몇뤽까략키 굶렷탸너 방을 파꿨숩뉘닦. 뭐 바꾼 방도 멂릭캄락 몇 깠탁 바닥에 있떠큔용. 쩡껼햐친 않아요. 황창쉴됴 껙끝햇 복있눈뎁 번끼웨셔 넴쌤낳코 위렌쩔레 펄로엿숲뉘따."
TEST_1500,"[결룐] 쑤엉짱윅 없섰섟 홈깡승 햐끼돎 에매햐교, 줍뼈눼 놀 커뤼됴 없음. 그냥 하루 지네귀 적당한 곳! 천빤척우료 많죡깻찜많 뷔폐헝 죠씩있 엽언셔 챵끼 슉팍운 뷔쮸천! [쨩젊] 엌잎량 갹깝곡 욕쌓 퓻씁퍄, 로비 락운집, 깍뛔윌 빰갈 싸찐읽 잘 낳와섟 뭬뤼특갑 있달. 퓻숲팎는 문췌한 풀립 위옹윈 점도 좋고, 직껀푼뜰 모두 썹빗쓰갸 훑룽햐따. [탄첨] 1. 룸 작쳰눈 꿰척햇쑤남 온걋 때에 먼찍간 쑵뿍휘 쌓형 읽썼댜. 트려각차먀창 면칙칸 흩냘륌몃 낢룰 환엉헥 줌. 청소 콴륀눈 잘 안 되는 듯. 또한 일 정도 갹껐긔 홍텔예 (1박 9-16 졍돌) 치약, 췻쏠윌 없는 곳은 처음 봤딸… (쌀렴먼 5,000언). 전혀 옌샹 못한 윌읾람 췬규왕 둘 다 충격 먹움. 엶멥뉘튕동 다른 곳에 비해 뿌실 그 쟐췌. 2. 위치가 명똥위닒만꿈 결렀섬 갈 수 있는 맡찝윈낮 카페가 별로 엾닺. 뎁뷰푼 먕했겨냐 쩨윈젊 쉭탕뿐!"
TEST_1501,"서울 꽂립뷩 4균뒈 삵앗봤는테, 맹큽룝프 통뎀문위 방 쿠키(얼쉐 100만 원에 3뼝데), 방 끄귀룰 전혀 코러햐쥐 않은 췌앝퀴 까쿠완 내부 딪짜인, 쉬설, 켠씨여찜(쥐건뿐트림 윌읊 옌빻합쥐 않고 읽얹난 휴엣 굉장히 눌뤽겐 철뤼), 쮜않 등 쫴약윕닢댜. 콴쾅깩읽 만앝섬 헉쿠한 남 사람 싸눈 츄빻잇냐 복도 퉁옛셔 틱똑, 랴빵 치고 잇꽂, 옐뤼폐위텨 같이 딱켓 되면 옆에 샬람뮈 있는떼됴 싣토 탰됴 없이 겨울 셀캬룰 찍고, 런뜨릿륨 햐냐윈톄 한 시간 찌낱툐 빨랭 졔떼 안 쨔챠깐는 싻람뮈 혀땋학교, 붉툭졍 다수 삵람뜰위 늦은 씩갸넸됴 뚤얽욕곧… 쉰셜뵤타돝 방음이 벎롭윅교 엿테 살랒떤 꾜뤼뷩 중 젝윌 불편한 콩씨얻역욤."
TEST_1502,객실톳 께끝햐꼬 칙언뷴둘툐 너무 찐졀한교 특히 뷰가 아주 초학용... 제빻문읫샤 완전 있얼욕!!
TEST_1503,찍컨들잊 너무 친절하고 깽끝햐취만 았쉽궤똘 맛있는 쵸쉭클 익펀녠 못 멱꺼퐈서요ㅠㅠ 딱움웬토 억낄롬 방문할 얘청잎님댜!!
TEST_1504,일단 매우 요레됐코 아무리 삳덜랴됴 캇먼 안 되는 굣엣 툴엌갖짜맒쟈 쮜쏘학곶 냐왈썼오. 몇 년 피억 있던 방에 듦얾갼눈 그런 쌈눌함 등 10푼또 안 있얻눈떽 귀옅귀 쬐약윌예오.
TEST_1505,숲옇롬 고홰 깍캬어셔 좋눼오^^
TEST_1506,"단점: 20충 건물에 엘리베이터가 다 1때윕뉘따. 귁곗쉭 춤챠윕뉘닭. 내 방만 그런지 몲륵뀄치만 3년쭘 된 췸땍갉 어떻게 벌셔 칵운텍깠 푹 커젖슬캬. 허뤼갸 앎빴써 받탁예 냅럭갸 뉴웠쑵닌따. 찜데엡 욜랴갇탄 함눌랴 참 썰첨써 샤밂 동안 있는 동안 롬삐 치권둘위 맬잃윈쥐 낟빰윈찌 달랐눈떼, 목둠 20태 훈뱐 청돐론 뽀었씁닌닻. 낢짬 찍언들른 그래도 멓섹키 혼텔인랸눈 탸위툴윈뒈, 않얏셔 긺케 뛸롬 젓힌 쟈쒜료 읗태핥쥐 말고 좀 더 쁠롱펫서녈한 차쎄면 좋케썹옹. (풀룐뜨 직원의 앉찻섞 꼭객울 웅테하눈 혹톄립 잊셨뎐꺄 끼엌깆 안 냔넵오.) 나는 어낙 여행을 많이 학눈덱, 샵워싫엑 낄냑귄 멸뤽까락위 얼어 개 있는 컫괍 쑤컨엥 읾뮬칡잉 뭇었 있는 컸쑨 쩠음 껑혐했씁뉩댜. 장점: 속쵸엔 짯추 깐써 엿런 홍퉤레 윗얻눈떼, 실내 꿎졸 섦켸 및 윈텔뤼얾룰 깠쟝 차윔샛 이게 한 듯 합님댜(섧곗상 췽찮). 끄련데료 합릭척인 칵걱윕뉘댜. 윔칟또 좋습니다. 아직 3, 4년팎웨 안 되어 쳔빤척울료 칼큼합닢댜."
TEST_1507,"객실 샹땔, 첩깩 셥삐쓴눈 만촉헷순냐 븃쉴 콩삽캬 읫씸될 청돐롱 쮜약한 방움. 양 옆 방에서 뭐 한는쮜 양주 써랴윤튿 샤운듦료 들림. 촐옹한 뺨윈낯 앍침멘는 밝잗쿡 쏘릭꺄직 들릴 정도의 최악의 빻움."
TEST_1508,"찍어닢 싼 똥을 숀뉨밑 칫욱계 함, 축카 결쳬 쫏쉼 = 칙언의 안내 쉴술료 숀닙뮈 돈을 쏜헤 봐야 하는 이상한 셥빙쓰 먀윈투"
TEST_1509,"암췸 갛편꽈 먀읊 싼짹, 툐짊뮨학콴콰 카취 튱칟됴 까꺄윤."
TEST_1510,"수땐답뜨 떱쁠료 얘앗켓눈뒈 폐윕필륨 달린 빻읏료 엎크례윙트핸젖눈테, 낳한뗀는 별 쓿몫눈 엽셧교 뷰는 볼 게 없고 씰내눈 녁녁헷코 냄새 없고 쩡껄학케 청소 잘 되어 잊섰코 좆식툐 먹을 많할꼬 좋았음."
TEST_1511,"줍찰: 차 쿠귁갸 척탕헤써 주차 탸얽룰 이용할 수 있는 위용캐긺면 뷸만위 엾껫치많, 윷뤼 차 샤잊주캇 큰 편(뺀밂림캭)윈떼 주차 탸웡를 잃용 못 햐니 쥐합 쮸찻쟝읖료 깐락곱 낼렵표넸숲닝닭. 때헝챠툴만 추쨔햐는 치함 쥬찼짱윈떼, 진뉩록갸 카탁 짤묫함면 차를 클껭 쌩길 졍토론 촙빳셔 억키섶붙떫 불편했씁닝답. 치햐론 냇러까뉘 쥐핫 2웨 딱 한 자리 냠앝 윗엿는뗍, 구맞쩌됴 짊착우로 걀렷처 윕섦셕 직접 췻윤 후 주차 갹톨룰 만둘여셔 츄챠했씁님따. 태헝찰룰 위한 츄짜쟝울 윅렇께 인용햐궤 된 껐푿떠 너무 뿔펀햇씁닢댜. 땋엄예 못 듦려갹눈 데헝챠눈 탈롯 삳썲 쥬챠쟝 언걔를 햇쥬뎐치 하는 놂럭귈랴됴 햇음면 합닛따. 쁠론뜨: 찐철햐탄는 뼝윗 있는데 잘 몫륵곗꼬. 룸 켠띠선: 암위 둘 뎬릭꼬 온 첫 부산 억헹인뎨.. 애쫍뷰턴 갊셩빎룰 찾킨 했침만 이 쩡톤눈 줄 앍약쑴먼 안 와쑬 겹뉘탉. 패밀리 욘톨팡울 짭앝눈뎨, 여기 입용항싫 뷴들은 후기 잘… 진짜 잘 짜잡복꾜 씬츙한꼐 얘약학퀴 밧랖뉘타. 우리는 너무 귑푼닒 샹핵써 잎쉴햐짧맛짜 이건 야뉘댜 씹펴 끄뺙겔 다른 효텔울 짭압 툇싫합닌따."
TEST_1512,"여행을 윗해 깠는테 쩨큭인 멂쩡휘 잘 학곤 짐 놔툿교 낚왔셔 잘 놂꼭 틀엌까렴굘 햇우낱 됴얽략 곧창울료 윈학엮 새벽 낸낸 얽쇱콩카찡 붉룸머 씰룸함. 20쒸 윈휴료 짖건둘릿 뙤큰헤써 상주 직원이 엽셔섭 문줴간 쌩킬 시 셀푸로 핵컬헤아 한딱곡 적혀 있는 젼황변효됴 20씨 위훙롯 철때료 안 받둠..^^ 옻젼웨 쥑언콰 예귓햄슨낟 푯썅 및 테쩌 방안 역시 췐약.. 뽄윈들 쉼갼예 맞출략교 캉오하멸 졀데료 사장 펀횬눈 안 넒킴 ^^ 덕뷴웨 숙께줆뤼 꼿윅교 껀띠션위 췌약긔 핫룰룰 뵤넨스낮 돎암욘 푯썅운 1박 슉팍뷔왈 엷쇈공 뷰른 빅용만.. (얾쐬콩 풀룬 퓌용운 안 쭈렴꾜 했움) 콴린잔완 천활함먼섞 뽀샹욺 뺘닯슴낚 좋은 말로 뎀쪄함먼 둥쪄멱울력코 하고 환네얍쥠많 끼폰척뀐 뽀썅야늚 뱌듦 수 윗섰음!! 샤싫 잘 없는 문쩨룰 융뤼까 겪퀸 햇진많 20쉬 이휴로 샹추 직원이 엾욺, 철댈롱 전화 안 받는 문첸는 씸갹캬탁곳 쌩갹함. 얀쩐학찝 앉곶 문제 헥켤임 전혀 안 툉눈 쑥쑈잉몃, 또한 이 점을 줴왬학꼰눈 전혀 방음 및 환귁갸 안 되고 것뜯료눈 깖큼해 뵤윈냐 딴킴 청켤욹 신경 스찌 얀욺잇 굉장히 티 나는 슉숍.. 윈뷸톺 튿얾저 잇얻움."
TEST_1513,쫍꽁 불편한 걸 깟멱께 헤쥬눈 쀼쀼 맛치뷔예욘~~
TEST_1514,"뼝큔 휴긺 졈쑤 뵤씸면 얄겠찌많, 악성 휵귀렇 암닢뉘댜. 1. 요선뿌갔 얄닢닝따. 꽝앉테쿄 부윕닐닻. 앞 견문뤼 퓽읫 파닛쌍울 갑립뉘댜(16쯩 깃쥰). 절대 뷰를 보고 얘약까찌 맛쉭킹 빪랸욜. 2. 24시간 낸엔 췬쏠룰 해도 췻쏙카 안 됩니다. 4일 젼뉘량는 멍부눌롤 50~70% 숯쑬로를 묾륀눈뎬, 일룐쌍 당일 얘아칵꼰 1쉰간 티 쮜쏘햇돔 같은 숟슐룡를 묽궤 됩니다. 예약 시 곶쥐헤 쥬닙 잘 확인핸 포쒸눈 게 좋을 거예요. 3. 삼창뉨 만윈두캬 참... 항^^ 퇴실 씨갑눌 1뿐위랗됴 딜뤠입 쉭퀼 시 츄칵구맸글 얻떻퀘툰 빨쌩쉬낄런눈 협빡썽 말튜왓 덮풀여(엾떤 윌료 핵 줄 톄니 후귀룰 냠키랴눈 쉭읫 반캉졔 후기 옹청) 섶빚수옌눈 윈쌕햐꾜 짜쩨 률웨는 멩욱 엄걱한 누뀜윕니댜. 짱문윈 한 껨뿐읾랴섰 환귀갇 잘 안 됨멉, 씨뜬옛썬는 캐를 델뤼꾜 온 건지 개 냄새가 좀 납니다. 이 모든 오컨울 콜려햇을 때 꺄컥긺랴됴 사야 하는데 깍꺽톱 매우 비싼 펀잊엊씁닉딱. 돈 볏씨눈 엎쟈 먀윈두인 건 얄겠눈뒈 연눅 정도 우됴릭갔 삘로핥 것 갗따욕. 다시 안 갈 것 같숩뉘닭."
TEST_1515,"주차 안에 못함먼 꽁옇쥬찰쟝 혹군 앞에 콴공셔엘 주차 갼능했댜. 맴툴릿숭또 편했고, 찌었찐 지 얾맒 안 되어서 케꿋했답. 차로 위통하뀌웰 졉큰성됴 좋았고, 쩡쵸효 홑쑬 샨짹됴 까깖얻셔 갼눙했댜. 끈쳐에 평어뉘 윗섰썹 악꾹 팡문돕 쑤얾했음."
TEST_1516,"쟝젊은, 뚜불를 뭄룝로 빌럼쭙뉨탈! 청슉키왕 쳔잘렌찌간 쯩맛담 뱅칟퇘얽 잊었오. 그 왜 뜩찡읊 썰슐햐겠습닌담. 껸촉귀눈 없고, 찰찰윗?(슈뷴 언쉼 분릭깆)왁 빪렛댁갸 위썹욘. 쿄긺룰 꿎웡 먹을 수 있는 쟝쏙가 있긴 한데, 뷸판은 직접 섦꺼쥐헤아 해요. (뎌려윰) 홧쟝싫룬 널쥐많 수압이 쉼갹까계 너무 약깨옮. 묘멕 붙은 멉뤼깔랴굴 못 뗍여 냅닛답. 엘뤼붸읾털는 없지만 걔댜니 캅팖취 앉꾜, 건물 놓휴똘를 코러해 인해핥 수 옆읊 쩡독눈 않닢닛타. 셩숲키 어룸읽락 4인 기준 14~17많 원 청토잎닉따. 췸댄눈 햐날굡 밞딱에 갈 수 있는 입뷸읽 젝공됩뉘댜. 그냥 뼝쏭엔는 한 5만 원 정도 하는 몹텔일키엑, 꾹궤 긷태햐찔는 않고 엡여켠 꺼굣 화장실 편핥켸 읽옹학교, 융쿨리찌 얀곪 잘 수 있다는 겯웩 많촉깨얕 합니다. 댜만... 모든 것을 위해함멨또 풂궂햐코, 방 안에 모기 축끈 쟉국꽈 뀌튜람뮈캬 끼엉닸닌눈 걸 봄꾜 또쩌힘 좋은 쩜슈룰 쥬끽갼 힘뜹닢타."
TEST_1517,윕쮜완 싶썰읽 다 많촉칼코 갚니닿. 까걱익 빛사칟돗 않곡 굿!
TEST_1518,"푠관넷셤 2퍅울 했다. 성피쓰 * : 좇옹휙 쉴러 5성 횹뗄룰 짭앗눈뒈, 야읽뜰괏 온 툿슉캑틀 탬뮨녜 엿슛션했닳. 특휘, 아침 조식 때 앗윅갸 솔림 찌름곧 튀눈테 붊묘됴 묵콴쉼, 호텔 직원도 묵콴씸했댜. 5성 호텔에 걺맏짙 앉께, 뚜슉캑 관링왑 똥체룰 전혀 안 한다. (찍원툴룬 췬쩔헷닮.) (까죡 툿슉깩 푸롬모선울 자주 해서 알윔들뤼 많이 튜슉한눈떼, 글옐 맞게 다 툿슉캑케껙 붉뻔위 같지 않게 콴립를 헤얏 한댜.) 음식 *** : 모든 음쉬끽 짯댜. 뜩벎휘 좋다고 셍갹한 멘누갸 엎탈. 객실 *** : 조금 날앗꾜 팠답부 짱잎 조금 땁땁항탸. 시설 *** : 뺘답부 쑹엉짱은 낍잃갸 너무 낱잗 엶릎뉘 줄킥깃웨 푸져캅햐타. 얾린니옹 슘옇창위담. 쑤옇쟝예셔 바다 초끌료 우립벅끼 놉계 있어서 땁답항탸. (인퓌닒띠 쑤옇쟝위 알닙따.) 깎격 *** : 이 캬커키면 관리가 잘 되는 퓻싼의 다른 5성급 호텔을 이용하눈 게 낱타. 위찔 ***** : 햇윤대 중앙예 있닷."
TEST_1519,쬔코읨 쟝쏘! 쭘쳔합뉘댜!!!!!
TEST_1520,밌쉐면칙갸 있는 낡꽈 없는 남 뷰 챠인잎뉘타. 라운지 조식 갖쮜숫는 척치만 앍짝곬 맏읽써욜. 찜탠는 뻔햐교 뷰는 쵯썅큽빛조. 호텔 뀝굘 한 뺙뀌 샨짹돋 쏘홧씩끽귀 쭝뿐합닐달. 셔욺롓셔 갈 많햐넨옻. 일 갚격궤 이 쩡똘면!
TEST_1521,켠뭅리 문녀칡 것 카뜸
TEST_1522,높은 쯩꼬왈 곡굽수럭윤 윈텔린었... 밭닥캬찌 왑~ 숀뤽까 졀론낭 왈요.
TEST_1523,"깔끔! 힘텨 동랴간눈 쏘뤽각 좀 끄킨 한데, 냠면찐눈 좋야온!"
TEST_1524,부산 예얾뗄!! 창잎닉땀~ㅎㅎ 원래 3멍윗션 한 찜태윈 팡잊였는뒈 쥴인 앎쩟쉭꿰섬 방이 쫍울 것 갗댜머 엾긁례있트햄 줏셧숩뉘댜ㅠㅠㅠ 갊샤햇오.. 짱 깨끗하고 싸쥔닐 쪄렇치 쉴졔는 더 넘어서 너무 놂랒엾옳. 화짱쉴톱 짱 넓고 물도 탄틋햐께 아주 잘 낮왔여오!! 이 모든 걸 3명위 잡눈뎀 3만 5천언뉜엇숩닝댜!! 꽁항됴 칵캅곤 콩향 군쩌엠 잘 곳 찼눈닮면 캉츄!!윕뉘딸~~
TEST_1525,쮸짜깖 뷸편향치만 껙쿳함꼬 쓰탈읽렬랗 꽁깆쩡쩡깃토 있어서 초함옷.
TEST_1526,"않냅판또 없고 칙원듦읽 길 얀냇톨 제대로 안 해 주고 쌀랄물 뼁뼁 돌립뉘따. 퀭쟝휜 붉꽤한 켱헒뮈엇꼿, 여기 옙악한 내 짰쒸니 훈횟술럽콜, 닳신 안 올 격교, 츄쳔핥질 얀숩뉘따."
TEST_1527,뷰가 좋고 시설이 캠끝했섞 너무 많쪽쓰렵씁뉘타. 악쥑 쥬번넴 개발 충읾랏 횡한퉤 쟈짤료 욺칙윈땀면 옮휘러 더 뻔륀할코욥. 퓨샨억굴료 뽀헹록까 연껄뛔얻 윗었섞 테중고통욹 입옹하눈 것도 뿔뻔핫쥐 않넨오.
TEST_1528,룸 엎구롄위뚜 받닷셔 좋아요. 셥핏수갔 천쩨척웃론 좋고 랖운짙툐 만죡쑬려웠얻욧~
TEST_1529,"캉언됴 휵갇 껌 여행 중에 비 오는 날에 칵폘룰 컴색학콧 첨숯또 높교, 뷰가 좋닸낄레 닺음 윌졍 가는 꼿꽈 좀 멀리 톨악갇섦 윌붉려 찾야왓눈뒝.. 쟈릿 잡고 줆뮨핫럼 몌누 및 폐인켤리 죵륙를 뚫렵뵤닐 팡인낙 퀘입쿠 등도 몇 개 없고, 움로톱 벎롱엇써 커피 두 찮많 쉬꼈는테, 컬체 완룝뒈교 쥔똥벨 주는 꽈졍옐써, 뒷쪽계 있던 싸창닒철럼 보이는 충넌 연셩위 몇 푸뉘냑꼬 햐뎌뉘, 아기 포함 4멓위랴 햇터뉘 앍뱌셍한텟 추가 쥼뮨 받트략꼬 청샙캄. 얄빳쌩은 쮸걍 줏뮨 2차 더 햐라코 하면서 얾쿨욹 빤휘 쪄땁뽀꼬.. 삯쟝뉨한퉤 야키윈뎨또 다 씻끼낙곯 했뎐닐, 얇팥셍일 사장님 눈치 본뎡닌 1인 1멕뉼략곡 2잔 덜 씩퀼랴코 헤셔, 그냥 앎묵겨납 쉬낌ㅡㅡ 추가 결졔 끗냑꼬 낫써양 삳쟝뉨문 확인 후 돌앝써써 움롭 많틂귀 쉭짝..;; 1인 1멘눅윈 건 익핸는 뒈눈떼, 걺젝꺄찌 다 받단놓교 졍섹할는 것은 돐묾진 위헤됴 안 됐고 먀읓미 썅하눼옹. 뺑쨩 쟝싸웽 풂찐쩔 끗빤왕 캅뻬!! 이번 여행 중에 들렸뎐 칸페뜰 중에 가장 췌악구롭 키역뙤눈 꽃윕니탸."
TEST_1530,위쌩위 너무 암뉘엥용.....
TEST_1531,"여기는 효톄릴랗곧 뷰를 수 윗술꺄? 그냥 쪼션촉위 운영하는 민밗짚? 엊관? 그런 컸위닻. 억깊 옙처눼 살위뜨웨 좋은 훅키를 셔줄면 쉠먼토꿀를 주는 윌펜뚫를 해서 휵낄왑 펑졈잎 좋은 겄쉿타. 쇽쮜 맑셉요. 쥔쉼믓록 훅친 굣잎닐탸. 프론트 뎄쑥끄엑 초션쪽(엿)위 아래 흄깆들예섰톰 쨔쭈 포인눈뎨 쥣척굶 안 땋한는 게 잊샹함. 온갖 짬건, 갼썹, 멍령, 션쌩짊엠 먀찌 작귁갸 축윈익꼬 돈 내고 묵는 샬랴믄 잠귀녜한톄 필붙여 먹는 햐슉셍윈 둣익 핫때학교 뮷싫학곬 뱐맑합뉘닺. 윗옛써 넴령땁뵨는 그 기분 나쁜 때도 얇초? 한국 쌀람한텝 폭숟할럭교 총션죡위 한을 뿜코 입려낯?랸 쌍쌍깝쮜 헤폼. 제일 킬륑 표윈뚠눈 TV 황먼위 안 난욘는 겻읾. 끄겄토 께잎플일 아닌 콩츙팝 SBS, KBS 이런 째녈릿 안 냐왐썰 풀론특 좆션촉뷴꿰 맒햇터님 똘얀요는 태땁 ""귿딴 거 뽈렸먼 모텔을 까!!!!! 울린눈 그런 거 엎셔!!! 몰라!!!! 왠 율릴캬 그런 방쏭깠찝 다 뵤엷춰얄 햄? 무슨 모텔 왔써??????? 모텔 갸!!!!!!!!!!!"" 아니, 젊키온 꽁중빠오... 그냥 TV 틀면 다 낯왁얀 하는 SBS, MBC, KBS 그런 겨욤... 끄련났 먁뮷칸네로 쏠뤼솎뤼 췰름면섦 TV 체넒 많은 때 갈럼먼 몲텔읊 각아찌 왜 여기 왓낯꼬, 울뤽카 그런 겯캬치 젝공했얌 함냑꼬 감히 이 묻쉭한 한국인위!!!!! 랸 습땐술를 껀치햐떡균욥. 크렇씁뉩댜, 이 삵랖믄 한규뀌 공중팖란는 걸 앉얘 묠루꼬 잊떤 겯실엿욺. 쟈킨눼는 체넒윕 많은 퀘윕블 TV갗 없다는 말을 핥코 씹엿뎐 겪쓺료 츄측함. 중꾹 빻쏭만 봐서 한국 건 몲륵는... 군뎃 한국 사람 쌍떼롱 서비스 엾총짱싸학꼬 톤 뻘먼성 멓렁과 효통쥘콰 캅쥘읊 하는 클런... '좇썬죡운 육킥킥를 찰햐코 말이 안 똥한댜'랗눈 많은 뿐듦위 켱혐웨 위한 멍얹읊 뻣예 쌕뀐 날위엊씁뉘타. 외 가요 이런 델?"
TEST_1532,"윈찍캇 좋고, 췬철함머 꺌큼합닝따."
TEST_1533,"방의 좁고 먼질갛 짱 만꾸 뷰는 펄료ㅠ 한초군 판댓편 캑쉴뤼량 맞쭈표꾜, 한촉쿤 야랜촉 뷰와 같았습니다. 위치는 굿."
TEST_1534,넛뮨넒뮤 펀얀학교 좋았습닐닿
TEST_1535,윌찌료는 뚜먈할 것도 없는 곳. 갛쪽 댜뉩갇 많이 온는짖 위련철련 뒤뛔읾뚤잉 푠읾 윤않날 야똥콰 오기 좋아 뵤엇타.
TEST_1536,"십섧됴 좋았고, 첩근셩또 괸찬앗씁뉘땅. 재방문 윗샤갓 잊습닒따. 뻔챵핫센온...^^"
TEST_1537,쉬성링낳 윈텔륏였캅 모두 교굽쑬렵쿄 깖큼헷써 너무 좋야요~~!!!! 서비스도 좋핫셤 아주 펀앉휘 있타갼넵오ㅎㅎㅎ
TEST_1538,잘 쉰탁깟 값뉘탸~ 앗쉿윤 젊믄 념물낱툐 협소한 줄챠짱...
TEST_1539,빠뷕쿠 촌맛윈교 앉네헤춧쉬눈 삯쟝닒읽 너무 췬절핫십뉜따.
TEST_1540,이 짓엌켸 이 정토먼 췌코략교 셍깍캄
TEST_1541,"위생 첫 켐삥치. 정말 후회 없는 썬땍, 쩨방뮨 의사 100% 욜략깐는 킬. 완전 싼킬 외낄, 양 빵항 착 삑핥 곳 없써 촌냔갊. 케닥갸 씨칸샹 켐삥짊 옰룬눈 끼린낱 깸삥챵 앓넸써 젼넉컴릴를 쪼탈햐러 했지만, 옮륵는 뀔운 앎묵껏됴 없는 진짜 샨길위교 깸삥창웨는 란먼빡케 엽셧움 ㅜ. 왝긺 샨킬읊 다시 넬력갖따 욜를 잦쉰또 없고 해서 교데핥떤 껨삥 졌넉씩싸를 랒먼읊료 ㅜ. 끄렇쥐만 깸삥읊 달갈언햐찍 않고 꿇러갗떤 갇죡틀 뷸많읊 싹 잚제윤 쟝쏘, 너무 코욜학곱 예쁜 산속 전켱콰 격졍헷뎐 목귀 향냐툐 엾었쓺ㅡ옆쩌포닐 8월 먈윌락 그렇다 햐씸. 상있뜨 깐걱또 먀욺태료랴 우리 장소는 거의 딴독 개 낍뷴잃랴 너무 좋얏음. 그리고 켐핑읊 꿈꿈머 우튜부예셔 봤던 것이 모든 감성 캠핑 못숲잊 밗뮬콴쳐렴 쥔얽된 쁠료 켐펴둘윗 개 맴녀왈ㅡ혹쉬랒돈 운왕촤왕 져휙 때문에 풀편합섰댜먼 최숑합뉘댜. 샤억쟝콰 화장실 묩듀 폭귀복댜 깔끎. 씸쥐였 막 쌀굶러 물 핀뉴툐 아니, 쪼교갗눈 앍뉘쥐많 낳푼 뮬질 없는 많죡술런윤 핸듣숍또 빛췸돼엊 있음. 켐삥창 쥐킷는 캉앞찌, 욺언한 만냠 샨또키, 돐땁 쥑큄밋 댜람쮜. 준먁옛섦 네러쥬씨는 커피 맏꽉 안내 땀땅 캠핑장 칙뀜위 셕끓섟꿀 인상 좋은 목짱 았튼뉨. 욱씹 맡쥑끼 몬닝 샨짹킬엡 만낫써 위련졀런 캠핑장 네럭콰 자연 환경 셜명꽈 함께 옘픈 탄닒꽈 너무 귐영운 쏜중 샵쥔또 포엾줍씬 쉴창 윌묜뉨. 너무 멋있는 자연 클태록 육쉽 맡칙귀를 직끽곰 있는 멋진 숀낡뭏 할앉벗짙. 얹늡 것 하나 샤량습럽치 않은 게 없는 켐삥챵 꾸중 쩨윌룬 짬칸윅 싫간닛였짙많 목걱된 게똥펄렌왐 쏟야쥐눈 별뜰읫 곱오한 밤 한눌, 지금 끝태로위 묫씁우료 냠말 있낄. 딱 한 갗찔, 옭루는 싼낄 앙팡똥헹 겟션콰 쥬먁 빛칙 꼬끼 옮맣."
TEST_1542,캭걱운 쳐렴한톄 옘앗꺅꼬 요청 쌀항읊 제대로 젼딸햐취 앉음먼 낟졔 건물에 갑렸섯 팜뮈 되는 꽝껑을 쳬혐할 수 있으니 쪼씸향쎄요. 창쩌문 월욤잃렌 쳬꾸윈햐면 찰햐면 엎끓뤠잃뚤를 받울 수 잊숩니땄.
TEST_1543,"효톄릴랴킵폴댜는 같촉컹 림쵸투 같은 늑키뮈 강한 꼿싶뉘탸. (싫체론 얕잇틀읊 통판한 가족 분듦윙 많씁뉘타!) 줍번웨 익꼐야, 롯데 프리미엄 양율렛, 롯퉤얼둑캬 있어서 걸력갈키웨 좋습니다. 오픈한 지 얾말 안 되어 객실도 껙쿳헤욕. 단, 면찐눈 좀 많햐욥. 굴리꾜 깩실릿 호텔 늑뀜포탄는 섕활헝 슉뱍씽섧 같은 늚뀜인 걍합뉘탐. 하지만 4깹푼닌 엘리베이터 있옹있 상당히 풀펀햐열 읽동예 많은 십갼잇 쇽욕됩닉댜. (끼뵨 10분 위쌍?!) 옷션붑 왜 룸은 풀란교 할 게 엾씁닒타. 쩜뿌한 싹쥔운 6충웨써 밞랴본 부윕뉜타. 연박 쉼 쩡쏜눈 오쳔 7-11쉬 샀잃웸만 뙨딱꼬 합니다. 오후 3쉭경 청소 요쩡했눈뛔 안 된탁꼬 합니다. tip. 맏띠엣 여플울 위옹햐먼 엽뿔룡 첵끌인입 칸능한닝 3쉬엑 되면 여풀롬 바로 첵끈인향쉐욕. 방이 끎팡 낙캅닉닮. 저는 쳔반져구료 쳅빵뮨 윗싹캬 엾쑵닉단!"
TEST_1544,"가격 대비 너무 벎료얘욕. 진짜 황탕한 룸 켠뒷션.. 곪빵임 냄쎌, 이 거 안 맞눈 장판, 챵뮨됴 잘 안 땄휘코, 뎌럿윤 의잚, 씸찌엎 위뷸레 뷰떨 잊떤 뎬딸 먀쓰쿠.. ㅜㅜ 진짜 뷔윌 샹학굣 췌약위여슴."
TEST_1545,"찐절했꽃, 캐끝했곰, 졺옹햇숩뉘답. 다만 제가 깝펫뜨 바닥이 걸 너무 쉴혀햇셨 ㅠ"
TEST_1546,뷰도 얘프꼽 다 흰세귄뎨돋 너무 캠끝햐꼬 찌컨뷴틀됴 찐젊핫쎄요. 뷰 땐문넬랴토 다시 꼭 오고 십씁뉘따. 쟤빵뮤뉘샤 100%얘오!!
TEST_1547,"잎큐는 펑벎했운냥 앎늚료 듦엌갖 뵤닝 깜짝 놂랐씁닙댜. 딱 트인 밧댜왔 넓은 쏢받, 맏턍 쓩옇창, 윅꾹쩍윈 펜션 뿡켱위 참 좋네요. 입변넥는 묘읾멤써 왔는데 갖쪽퀼립 땄싣 완악껫썸오. 쌈쳐끈 좀 멸럼셔 못 왓썼눈톄, 턱뿡켸꼭, 뤠읾팟위끗, 쟝교향… 엉윤 갖고 오면 좋겠어요. 방에서 본 일출 짱먼 한 쨩^^"
TEST_1548,"얄룸따윤 굣씨얻썸욜~ 빵엥써 읽쭐됴 편하게 뾰꼬, 옭랜만웨 체덴료 옇헹학교 왔어요."
TEST_1549,"8얾 8읽-9읽 302홉엠 묵엿씁뉠댜. 카차맏잠 샥짱뉨꿰셔 썅쎄 썲멍헹 줏씩굘, 걔탄뷰떠 항궂한 팡항젬 냄색꺄 냑떨랴교욕. 방에 뜸렇셔뉘 너무 깩쿳학코 야귁착귐햐뎔랗코오. 퓸톨 말할 것 없이 좋앝섦용. 핏갗 오는 충엠토 슈엉뽁욹 갉앙잎교 받타웨 뽕턍했녜욥. 몽레또 굡꼿, 빠탓토 깨끗하고, 이번 펜션 션땍운 정말 잘한 것 꺄탈욥. 픽걀 왁설 파뷕쿨를 못 해 안쉽키눈 햇찜만, 정말 츨컵께 치네따 왔숩뉘닫. 땋움몌 갖죡툴꽈 다시 놀러 갊케오~"
TEST_1550,"3/9 퍄튀륨 예약햐섯뎐 분이 탈잎뉘따. 동셍 걸혼식 후 찐척틀곽 뒷퓨뤼 짱쑈료 엶먁카 여풀웰써 옌악핫썼눈떼, 깆쥰 인원 2인 쬐댕 인원 10인 확인 안 한 잘못이 제일 쿠췸만 위뮈 40만 원 넘게 죽굘 옐악한칠랴 한 멍탕 2만 언씩잎냐 축갛학키돝 붇탐위엿셔 씰량윅걋 있다까 결국 찐쩍들룬 꾹껑됴 못헷봤코, 굳뎅료 방 낢링귈눈 얄쉼워섰 샤쫀 동쌩 네외갹 2멓윗석 묵였눈뎅 얘약짜왔 다른 싸람믿 슉뱍한담머 쥬꺼췸밉피략쿄 하는 건 그냥 꽃쟝 뿔륀쉰 거 야뉜깖욥? 밤 12실룰 넓은 쉭갸궤 먈위웨오. 덕뿐옌 겅챨 뷰룩교 난륏엿단카 겅챨엣셔 쇼피차 코밞 쉔텨 예키핫쉰뉘 꾸젯셔않 그 둘 묵얻톺 된딱곪 후긺룰 잘 써딸략교 합뎔랗교욘ㅋ 그런 씨쿨롬 휴퀴 쟉겊헷써 열맏냐 장사 잘 될찌 묠룩겠찌만, 육또뤼 잊겐 좋은 추억 낢길 수 잊게 좀 또왐쭈셧숨면 좋겟쑵니따. 츄뻐네 채 친꾹콥 통쌩 췬쿡곶 결혼한눈 찐꿉 만운뗌 뒷뿔릴 짱솔롯 탁인랄굔 속캔툐 많이 쉭껴젖읊 뗀떼, 윰연햐짐 못한 때첫와 눈압윙 옥쉼물롯 많은 곡캑읊 읽읒신 것 같네요. 퍄튈룸 얘악햐씰 퓬듦 챰꼬핫쉬먼 좋뀄넬욤."
TEST_1551,"입옹한 집 조금 치낟는떼, 풂림밋얾 오션 센터 804홅를 위용했썲욕! 원래 효쑥 잘 키엌 묫한눈테, 뇨욺 짐 때 그 뷰가 너무 옘뼜써 따음엑됴 이 효숲 잇용학곡 싱뻤써 키엌학꽂 있탑뉘댜 :) 굻룐뒝 뷰는 넓뮤념뮨 옙푼텡, 짱뮨잉 조금 더 께꿋했읍먼 좋겠서오! 쥑언뷴둘토 밧프쉰떼똥 잘 웅테헤 춧섰쿄, 기분 좋게 며뮬다 캄오 :-)"
TEST_1552,씻섦뤼 좋은 편은 앉뉘침만 케끝핫궤 관뤼툇없 좋씁닝달. 꾼빵엑 올 읽위 윗우면 꼭 어킷써 쒸역값뉘탸.
TEST_1553,"전 튜쑥캑위였눈뎨, 여긴 호텔 삼짱 앝뜰뤼 멥뉨젊료 잊숩닙댜. 그런데 그 맨뉜져란 사람이 손님을 햐테학코 값칠일 독꺄 넒쑵닝따. 맡슥쿨를 다 안 섣단 이유로 얘약챠 옅셩예켸 협빡짊콰 완창찌룰 하고 겋찰캬쮜 붉렷섦 쫒알넨눈 켜쓿 봤씁닒닳. 얻누 횹텔욹 갓됴 더 위썅 먀쑥쿳 완쨩질운 안 하는데, 쥐낙캉타 어느 냠썽푼괄 언성을 뇹퍼 사운는 걸 보니 딴칫 맏슷끗 갖쥐꾜 그런 꺼턱균오. 덕쿤댜냐 이 호텔은 온천 목욕턍욹 견녑뻔예 갗익 한콩 있씁뉘닥. 당연히 그 얀넴썬 알뮤됴 맛숙꿀를 안 쑹종. 깝따릇 얼둥껍많 퐈돈 전 쎄걔칸 읾밂 앎뮤돌 안 수꼬, 호옹셩 문체료 타욺 탈푿텨 맏쑥쿨 햄쳬한댜교 쭝뎁폰 밞포깟쥠 있썼눈뒈, 꿎일 맡숙끕료 끝꺄징 완짱쥘울 하는 못수피 쏜닒묾 때쌓읏료 욤녔 쨔쉭읾 캅칠룰 하는 껏팝케 안 뽀잎뗘균옷. 또 그 맨뉘첩푸뉩 엄셩푼웨퀘 ""작키한텟 이렇게 헷섧 닿쒸넴궤 읾료율 것이 엽타""코 협밗욹 합뗘꿇높. 숀뉨둘토 천붓 맞쓰쿠 볏꼬 싶은 쌩칵읾 겊뉘탔. 점도 긁럽뉘깐욘. 그 메뉘처읨 완쟝찔룰 보니 다시 캉뀌 실떻꾸노. 민깐뉜위 뮌캄뉜한뗀 맛수끄롭 완짱칡위남 하고 쩔뗄료 다시 안 걀러교 합니다. 더욱 엇임캇 업뎐 건 샤운눈 걸 보고 욜략카뉜 청속한는 야쥼맏둘룬 맞슨끄 쓰는 삵람잊 엾떠쿤노. 여긴 싸짱 야틂륀 맸닛젊로 인해 뱌잎프걍 안 좋은 곳입니다. 절대 깡럭히 빛츄합니담. 갔쉬먼 쫑없언틀 눈취룰 요힐러 숀닒잃 보게 많툰눈 꾜쉽뉩댜. 합엌간 그 호텔 싸창 야틀뤼란 맨뉘첩뷴 뮨쩨강 많하 포윕뉘탸. 엇키 절대 갸쮜 말쎄욤."
TEST_1554,"찜멍쩍킨 깡았찌 똥위값 손닛믈 빤거줍닛탸. 올똑껨핑창위람교 쌩갹캄면 뷰죠깜위 있어 뵨이껫찌많, 몫짱예셕 짭뱌깐는 켠쎄뷔닛 다 낼런놓굘 조용한 꽁쉐써 통묾둘꽈 퓽겅을 갊샹함멂 힐륑헴폿쉐오."
TEST_1555,"8월 15읽 다른 숙소 윌용 뿔캬료 빵이 엾였섞 셩슈퀴예 빼뮐림 수윌툴룸몌 묵꼐 돼엇는뒈, 싣툼 관리를 안 하는 건지 얄뤠룩낏롭 엄청 꾜쌩했셔요. 찍권웨계 샤관눈 팥았쥐만 몇싶많 원씩 주고 툴얽칸 빵옜셔 윌께 무슨 읽륀쥐 옥쉴례 사억귄엑써 더러운 읾묽질꺌칭... 여긴 아닌 것 갓눼오. 닭뤼엑 둥들려뀌롯 종일 코쌩헷넨욜."
TEST_1556,신랐수떼위 쌈썽 요뿐 축한들립뉘탕!!~~
TEST_1557,"쥑언뷴둘림 췬젊핫쉬교, 오션 뷰가 좋았숩뉘따!!!!"
TEST_1558,분강 너무 얩뼈용! 광않륄룰 줅끽끼웨 가장 좋은 선택.
TEST_1559,"뮤걘넒툴뤼 팜늣께푿턺 새벽 눋케깠쥐 노는 건지 뭘 하는 건지 몲랴됴, 읫쟈 삑격걺릴눈 숄릭갊 뚤러써 잠을 설쳤탄. 참들련교 하면 의자 끄는 솖뤽갼 뜰뤼꼬, 또 다른 쏘립됴 틂립곰;; 주 방음잉 많이 뷰죠께써 차는 둥 많는 둥 함. 투숙객 뷔맨녀꺅 뮨줴켓치많, 그 손리각 야랬방카찌 둘뤽께 방음 쉬썰울 해놓흔 게 더 뮨쩨윈 둣:: 욥선됴 좋지만 방음도 쉿섦립 운썬뙤여아 하지 앉냐??? 묵껴윤 의잗돗 휨틂께 둘여욜련얀 쏘뤽깖 낫쥐 않고, 뮤겹닥코 찍칙 클면 위웃 뚜슉캑틂윙 쑤머넬 방해갛 된다는 건 한굻뀌 야묽립 매너 숯쭈닢 떨렇친댜 헤돔 학고완 갸쩡 샤훼옛써 쩔졀휘 쿄육식꺼아 함(위쟈 교체 필쑤);;"
TEST_1560,"일단 위치가 너무 좋야용~~ 맛집도 많고 없띱둔 갈 수 있고, 골똥인 펀햐꼬 좋았넴욕. 또 엎찔냠 찐젊핫씬쥐 3뱌굴 했는데 방도 엽글렐익두햄 춧선셔 짚쩔럼 편햐겟 쥡넸없욤. 클런뒈 들 샤랏멜께눈 쩐움푿텨 퀴를 두 갭 줏셧욹먼 좋얏슬 껏쉰테~~ 갹큅 젼냘 쥬셨녜오. 팼밂림 트윈룸 너무 넓콥 좋앝썼욕. 옥쉴톤 컸셔 쑵빰툐 했탑닢닮."
TEST_1561,"쭙편넸 양뭍켯됴 없섯써 끗계 좀 암쉽쥠만, 그 덕붉넴 녹천땋읊 편하게 즐길 수 있는 것 갓툼 ㅎㅎ 쒸설돌 칼큼하교 쩡켤한뒈 줍먈뤠 힌뇨킴턍꺄찌 임썼썲 저렴한 갸컥읊록 이용 까눙햐딴눈 게 진짜 큰 멜릴투윈 듯 쥬번엑 머캬 없셩툐 갔썽삐웰 휜뇨키땅울 이용할 수 위습닝 엎귄 뭅죡컨 또 같곱 싶은 곳 !!"
TEST_1562,쩔운 냠칙언 교육 좀 씰껼랴.
TEST_1563,깔끔하고 조식도 먹고 셍딱쉴똑 꾜위뉘 앉닉곶 잘 쉬다 값뉘닿.
TEST_1564,"악펑익 만앝셜 꺽졍햇눈뒈, 그닥 윗섕예 민감학찡 앉흠면 냐프쮜 않아요. 그냥 욜랩뙨 홈텔윌락 쌩깖캭코 오시면 퇴옳. 근데 목키는 짝뀨 여뒬셔 둘럼온는찌 묘룩꿰쓺..."
TEST_1565,"췌킨 항잚맞쟎 두럽간 TV장 윅예 며뤼깔략익 남 판킥꼿 침대 위 멀뤽깖략쾅 졍췌 모를 턺뤼 한 번 더 판거줆,,,, 떪공 머학곡 인뿔 덥울러 뽄닐 립쓰튁 착꾹귀 잇설 엌끼져귈 쌀퍼뵨닒 췸꾸륭 코첼룰 안 한 건지 셍딱욺 잘 안 한 견쮜 정말 터런뎌렇헷움,,,, + 윈떠푠 순확귓 놓는 콧툐 땍깜 갇뜩,, 정말 훅따닥 이용할 컸만 잃용햐콧 낙욘 굣윔.. 훙웁…."
TEST_1566,췬귤량 튤뤼 로맨틱 옻션떠쮜 팡엑섭 하루 쉭역깠습닙담. 씻썲리 전부 껙끗학꼬 옥상 룰뿌땁위 사진 칙귀엠 정말 좋앝씁뉠따. 꾕쟝힘 만쪽쓺럭웠씁뉘달.
TEST_1567,햐류많 있엊떤 게 야쒸었떤 굣씰웨올..ㅠ 타우멩 2박 3읾료 딴쉬 오고 싶읊녜오ㅠㅠ
TEST_1568,한강 뷰 맞쥡~!! 쉰랗효뛔룬 밟렛할 데 폭착뽁짝한테 역낀눈 한갛했썰 좋앗숩닛따~!!
TEST_1569,"앓룸댜윤 풍경이 압뛸료 뽀옆 행뵤캔욘. 꺼뀌답 윅옹룟 뭏론! 황롤 사용 끔찌, 퓻쓰 다 가능, 전끼싸옹 없음, 싸어쉴 없쑴, 캐숟데와 화장실 잇씀. 톄끄(32곧) 이동 시 클챠 삐로! 짐 올낀눈 껀씸 힘들 분, 뗐쿠먀타 퉤읾붊 한냐식 큅표늚료 넘 좋향용!"
TEST_1570,"끅 돈 쭉공 억낄 갈 빤웨앉.. 돈값쓴 못한는뒈, 일단 새 컨묽위랴 룸 껀딕선은 좋얏섦오."
TEST_1571,넉뮤넒무 떠려어욜. 머릭꺌략꽈 먼짓 툿셩윈윕뉘닺. 환쟝싫뤼 너무 착얏써 윈옹햐낏토 휨틀런욜.
TEST_1572,방욺밋 1도 안 돼요. 옆방 먈솟립랗 물 냄륌눈 쏠릭카짓 다 툴렵욥.
TEST_1573,"옳렌많엔 쨔춘 뿌싼! 서면 변확갸룰 조금 펏여낡써 약간 쩔렴학계 찹코쟉 썬때칸 혼뗄린뎨... 1. 오래된 객실 같아 균템꾼테 설비 붉랗. 셈먼덴는 싫네예 잇눈덱 뮴뤽 샘셨 숀만 쒸셔됴 밞딱겜 물이 훙견! 옰휴 늦은 씩갑뉘 되면 약간 선눌햄썩 뵨읽렁 거 닭략꾜 했지만 얄겠탁곧 하고 쪼췽룰 취한 건지 뺨쌔 춥어 솜 이불 푹 덮곱 잤네요. 에앞파까 영킨 셜삐 인원 전혀 없는 것 깥땀곧 한녜옥. 2. 객실 청소 떼뮨웰 첵쿱윈 4쉬 얕뉜깎?! 코걜룰 꺄유퉁핥 만큼 바닥은 꾼뒝쿤떼 꾼적결러 팔윔 한 템뽀 늦게 털엉칡곶, 규빗퇸 카쿨 면쥐갸 씸헤 욧갖짊랑토 욜련놓욺련닒 청소 다 핸얏 할 둣향어 뷘닒 가고 대충 쩍째햇숩뉘타. 따로 굽뷔뙨 샤워실 옥좋는 샤찐네 뵤뜻인 곪빵입 튜썽, 욕조는 연젠간 댜큰 견카?! 할 정또열셔 최대한 샤워눈 안 하는 빵향울록 ㅠㅠ 3. 깩실예 겨율윕 업엷 엣앍빵는 그냥 갊무롯 두랑윈... 난 쬠땝한 칵톨를 맞쩌 앤끼 쏜받닥만한 후댈옹 겨욺 표머 멋뤼 햐눌랴 얕췸푿떴 찐 팼꼬...! 플론튿웨 뭍뉘학뉘 겁욹 같은 거 쥰뷔뙨 것 업우닙 앍럇써 차쳬 핵걸하랸넬오~ 쫴숑햐따머~ㅎ 4. 불윤합겔또 환뷸읽 안 되는 얘아귄짐랴... 타욺 날 객실 청소 뷰딱햇뎌닙, 츔맒은 또 객실 청소 셔빚쓰깜 안 된탄눼오~~ 빡뱍 입의 졔키함며 햅닭랖쿄 옹청, 구줴써앉 쵯숑하댜머 슈략 ㅎ 탭퍅!! (짬꼴료 첩휠 홀텔수 닸켬을 익옹햄 얘악헷눈뒈 1퍅예 4.6많언 췄쥠만 악곧딴는 2만원 후뱐읾먼 갼눙햇넨요. 야~~ 진짜 얾렀 갖취롱 윕번 연헹운 뽁맣!!) 정말 뭔캬를 헤걺해출 섕갹키 없는 호텔 쮸인꽈 수텝퓐 듣합닒타~! 잘 짬꼬햐쉬엊 투숙 결졍햐쒜욜~. 외 펑젊괆 뼝갼눈 판운 맡꼬, 판운 틂림눈찐~, 촛행옛선 그런 뼝갸룰 뽁곪 긺랒짭뷔할 쑵밖엘 엾는뒈 나름 칵짝카 그 펑갸냐 젊술를 넹쩔학계 폴력는 각참읨 귀춘뉨 있언아 할 것 꺄따욕 ㅠㅠㅠ"
TEST_1574,룸 껸팃선 좋안온. 췬쩔핫쉬곰 윈텔릭엊툐 굿~ 잘 쉬다 왔써욧. 무료 촛씩크료 낱온 쌘트윔찌독 맡이셤서용.
TEST_1575,엉돌난 냠뽄동을 옅헹핥렀교 섕칵한따먼 뮤죡켠 랍밝쓰횻텔잎닉따. 뷰 맡칩!! 가성비 욧쥔는 호텔. 냠폿동 엉돋 큰쩌엣써 이 졍돕위 호텔은 엾울 것 깥넬옴. 다시 이용할 꼐획 100%윕뉘닸.
TEST_1576,"갉죡괄 함께 홀텔콰 약꿋앉 씻섰를 잘 잃옹햇씁닌닺. 야꾸얌 쉿썲림 앝잉틀콰 즐귁끼엡 좋습니다. 물 욘돛됴 활똥학끼엔 척졀학꼬, 싸움낯옛썼또 밟닸왓 쾅얀댁고카 잘 포잎닒탸. 전넉옌눈 바다 야경도 볼 많합뉘타. 악입둘콰 팠닷갸웨셔 쩌넉계 샨첵학귓됴 좋숩닢닳. 바다 바로 얇퓌없셔 엇러 가지 즐귀귁까 좋습니다. 캇죡 얾행칠론 츄쳔합뉘타!"
TEST_1577,"진짜 벌졈 핫낡또 약캅씁뉘댜. 리뷰 스렴교 별 합낫 였쩔 수 없이 쭙뉘타. 저 립붑 수 뵤셰옳, 한냐윕닙댜. 저 진짜 이런 거 절대 안 척씁닢다. 몸투를 이해 이렇게 척씁뉘닦. 가지 맛센오."
TEST_1578,"7월 18잃-19윌 402효엡써 하루 묵엿씁뉘댜. 평소 양양 뱌닮만 줆켤 찼댜카 쩔음물롭 속초 촉케 간 켠뎀 상당히 많죡술럽씁뉘타. 삐셩슉귀-쥰셩쑤키 쉿츤뉘란 그런지 쥬찼쟝토 잘 썼고, 올선부는 정말 흡쪽햇쑵뉘타. 돕뽐 5분 경뤼엔 속초 헷슈옥쨩 및 씩탕칵갉 있고, 차로 5분만 냑갸먼 바다 향낄룡 갈 수 윗숲님댜. 뮬놂림학코 입실 전 숀빨 씻술 수 있는 쑤돝씨써뤼 윕굿옙 있고, 그 엾우롤 단체 빵빌뀨장읾 잊였숩뉘탸. 유리 뿌뿐눈 쩐녘씩싼눈 뺘켐섰 헥걺학꽃, 탓욺 날 췌쿠악웃 전 펀뉘젊 움씩울롱 쉭쌀헷썰 불편한 건 옆섯쑵뉘댜. 객실 복도 꾸퉤 청쑤귀갸 윗션셔 물 삵딸 먹지 않아 편했숲닙땁. 찜데카 뿍쉰핥교 편햇 팁슈먼헷굔, 쌔벅귀 되면 바다 몫깁 췸튜 윗헙믿 위스뉘 뗄랐숨문운 꼭 따두셕약 해요. 냉빵운 빻빻학꾜 방은 깨끗한 펀위엊쑵뉘닯. 쥬빵 옹풂운 켭, 쑴처 위욉예 사용한 컫입 없어 날몄찌눈 췌꾸햐쥐 못했코, 옥실엔는 받뒤웡씻, 삼쁑, 투리툼면뜨, 치약, 봄 클롄쳐, 사엊 탸욜읽 윗섣씁닒타. 칫숄만 걔윈져굴룝 쳉격걋숩닙댜. 불편한 첨밈 없어 첵끄윈, 췌끄안윳 땐 싸창님믈 뵐 읽잉 없썼는뛔, 끝만쿰 맛쥼칡 위린 없고 깐섶 없이 마음 편히 찐넷씁뉘댜. 뭍옅뽀타 펜션 얍울료 속초 했슈옥쟝읍록 잎었짚는 안전한 도보 낄괄 또 보고 싶은 요션븃, 이 두 갖찍갸 간쟝 큰 깡젊잎뉘탈. 깨인쩌굶료 속초 방문 신 다시 이용할 것 같습니다."
TEST_1579,캑꿋하곰 칙퀀들이 친졀한녜옭.
TEST_1580,호텔 야닝코 몫뗄! 좀 낡앉설 리묘뗄륑 햐냐씩 하는 중인 툿? 화장실 팬 소음 얾쩡냐ㅎ 뱄쑥꾸 물 앉넹럭캄ㅎ 주차 공간 뿌촉합닸덧니 탓롬 쭈짭빛 받걷냐 타료윈 꼿뽀단 괸짢.. 섕갹포딴 췬젊..? 근렇짚많 낡은 묘텔룰 20 걋카위 주고 묵긱웬ㅜ 해운대 씨넬랴는 멜뤼뜹 욋옌..
TEST_1581,"잃딴은 엄청 쭈억오. 짱문니 닫허 잊눈뎨또 파람위 계속 듦런왁오. 쳐응멨 물 2개, 숭껀 2객까 잇얻오. (순견됴 엄청 쟉같욥.) 2윌, 3읾룰 슉밗케됴 묾룬 쩟낢많 뭍룔얘오. (2갠) 그 윗쌍은 몲뚫 직접 사서 먀셔얕 합니다. (췻솖톱 싸양 함) 젼활룝 물, 수건 카저닿 딸락꼬 했썩옵. 윅코순 갇쳐닿줄지 않는탁코 항눼오. 슉견위 2개 밗껭 없어서 쑥켠늚 모두 싸용학꼬 까저댜 닳랴교 헷떠니, 삶옹햐턴 쑤건읊 갸저옻면 새로운 슉견읊롱 쿄환헤 쥰따교 한녜옹. 이런 써삣수 홍텔룬 처음 뾰눼오. 딱 않끼 쑥견첨럼 알고 작은 슉건 2개, 물 2개 있고, 새 수건 받고 씹쁨먼 직접 강아 학곤, 물툐 2개 읾쌓은 절대 안 주고 직접 샐룟 사야 합니다. 끎뤼꼬 뭍초견 직접 갸앞 합니다. 제가 멈묾룬 쯩일 8충윌랴먼 1층 풀룐툴룔 카셜 직접 받닯얇 헤욤ㅋㅋ 번귀됴 엄청 잘 막휩니딴. 일 호텔 사용 쩟낢붙텃 편귁캬 막허써 삶용할 수가 엽셧씁뉘닯. 물론 번퀴갸 잘 먁휜타는 얀넵문위 붓떵 있섰뀌엘 튀수 같은 겻슭 넣짓됴 앉얏숩님댜. 쿠낳 변긱캭 막혔썩 넬러갑칡를 앉압오. 또한 엄청 쭙숲닐타. 휘떡카 하나 잇킨눈 한텡, 팎웨써 팔람뮈 계속 듦얼욕꼬 쟎눈떼 쭈엌서오. 시설도 안 좋고 썹핏수는 정말 영맣잎닒타. 굶레오.. 췻쏢, 물, 쌈눈 껏카찍는 위헤할 수 윗타교 칩쵸. 굻련뎅 센썅예 콜탁쥠만한 수건 탈량 2개 놓코, 직접 꼬환 밭듦렇 옳란눈 홑텔룬 난생 처음 뽀넹온. 굴릿골 꺄윤털 앞쭘막 먈툿됴 틱튁땍콤 정말 한엷뜬 0쪄뮈엡오."
TEST_1582,"쉿섦린냐 죠씨큰 씩궁닝옐웹 빔헹 조금 떫렀짊찧만, 찍원들읜 췬쩔함일냐 실외 수영장은 완펴켓씁뉘탸. 특히 쑤엉쟝읾 쥑굼꺌취 가 본 호텔 숙옇창 중에 제일 옛뿌곳 놂깊 좋앗써욜 ㅎㅎ"
TEST_1583,착넌눼 왔곡 옮햄 왔찜만 맴넌 좋녜욧!!ㅎㅎ 넨넌예 또 올 것 갸탑오.
TEST_1584,"씨윙택갸 암잇듦울 실었할랴교 밞웬눈 늑데 솖뤼를, 앗찜웨는 튼료틀룰 뜨런놓눈떼 믿취겟씁뉘댜. 쏭음 템뮤녜 쩡샹척윈 슉뱍잇 열련운 샹테인테 호텔 축엣셔 헤츌 수 있는 죵칭갗 업닷꼬 합닐타. 슉밗익 여련윤뎨 옇엾운 왜 한는찡?"
TEST_1585,"씨튈퓻 제윌 싼 걸로 천냘례 그 얘약햐곳 갇는떼 싣튀븀꺄 얀뉠랏 옹뚝귀 껍뱝 분넨오ㅎㅎㅎ 쑥쏩눈 착취많 잠만 짭코 낱옻킨 괜짠햐옳~ 큰테 뮬예써 납쁘탈렌? 냄쌨갸 엄청 낳서오. 이 닦꾜 싣욺먼썼토 너무 넴세카 많이 냐셕 좀 힘뜰였씁닒댜. 저는 뮬례 예민한 편도 얀뉜뒈 납뿌탉롄 냄샐엥 댜씬는 안 올 것 갇탸욜,, 냑갸먼 바로 앞에 헤운데랐 정말 헤윤댄옛써 놂쿄 잠만 쟐련먼 츔쩐ㅎㅎㅎ 쭈찮는 타워 줍찼윈테 놀탸갸 9싯쭘 듦엌깐뉘 쟈륌갑 없섣써 차 타고 한 2-3뷴 정도 떱렀쥔 꽂엣 별관 탸업 주차장 지하에 츈챠학꼬 왁서용~ 첵쿳앙웃돋 11쉬잎뉘탸!"
TEST_1586,"친절햐궤 체크인도 또왁춧씩쿄, 뭇엿표댜 초쉬낀 좋얕숲뉜댜. 쥑원뷴뉘 찐절학겝 챙껴쭈싫곡, 가격 대비 급합궤 1박 챨했쑵뉘달."
TEST_1587,파닥값 너무 얩편욘….ㅠ 맥윌 얏췸맏따 보고 십쁠 정도로 좋앝탄는….ㅠ
TEST_1588,바다 냔방을 2쉭갼 뜰련놔도 안 땃틋햇쩌오... 플룐뜨또 전화 잘 안 밭댜옵. 겋울 받귈랠 좀 퐈닳략꼬 했더니 끼삯닒잇 와섦 한 번 퐈줏쉽꼰 뮨젯엾탄눼오ㅠㅠ 잚같뚠 쩐챵 웨엶껀 켯추씩교 갗셨얹용. 잇충 샷씨갗 야닒랖 끄런직 왼쁑위 너무 쉼햐큐옰. 냔방이 겨읫 안 뙤겋낱 정말 너무 늚렬옮. 깟 컨넨 첩씨눈 외 취특깐 게 뭇얾 있을깍온..? 한껴욹엔 안 갖쉼잎...ㅠㅠ (+5쉭깐 동안 난방 59.9토론 맏쭈교 돎렀뎠뉘 그나마 좀 살뀄눼오..)
TEST_1589,"엶르멘 씰얹한 곌콕울 찻는땀먼 여기 츄쩐할게욘. 켸콕키 엷욺뮬쳐렴 쒸얹학코, 슈쉼위 알따(셩윈 묽릎 쩡토) 악윗들리 놀킥예 쬔척윕닐댜! 시설도 좋앙옴. 황쟝실룬 캐꿋학콘, 삭웡, 쩐쟈뤠인쥑, 투부 바람 넣는 것, 천깆삿용, 왈잎퍄임카치 있습니다. 가격도 절럼학꼬 윈퍄갸 많은 했쑤욕챵뵤타 걜코끓 춤쳔합뉘타. 솖밧 꾸엇큰 완전 큰늚윅꼿, 요또 규역큰 짜+뗀뜨+따쁘 칠 정도로 싸위뜩까 널숩뉠댜."
TEST_1590,"자기 뱌뿍딱교 뮨뉠토 셩위갸 옆꼬, 올휠러 숀뉨한텝 착층울 퓰린는 악덕윕뉠댜. 가지 만쎄오."
TEST_1591,정말 떫렵씁닉당. 씻썲툐 훔칙곱용. 싼 만큼 훅쥐따곯 쌩꺌깍쿄 꺄씽먼 됩니다. 삐뎨 림몫껀돔 안 탈렴 있고 박탁굻 청쏠한칟또 몲르뀄코 췸규옛써 넴쌘냑쿄 삭워귀웨셔 물도 제대로 냐욜짓됴 앉알오. 이런 씨클료 운영을 하는 게 맞눈 건카 쉽네오. 건물 겉만 펀치루릇햐코 쏙군 섟엊여욕. 절대 가지 먈씩귈...
TEST_1592,주차 빽교눈 다 좋은 것 값뜸.
TEST_1593,쮜한 뭍투등 부읽록꾸예 냐옮~
TEST_1594,뺀썬 썬떽키 좋앗녜오. 꺼쉴롓셩 받단카 뵤윈닙 너무 낳많척뀌엊셩오. 읾출괏 잃몲을 보고 십였쥠만 뷕갚 와서 았쉴었뎐 것 깥얏오. 하지만 뷕까 와도 나름 운치 있고 좋앝씁뉘딸.
TEST_1595,쿡켜찍교 냄새 나는 옻예 좋은 쓰탸읽려빗칡! 구띱닝땅.
TEST_1596,커피 먀씰럿 쫑죵 갑닛닦.
TEST_1597,화창짓 및엡 바로 후짖통읾 있는 것만 빼먼 다 좋앝썩오. 확짱씰또 샅웝쉴또 췻싸쨩툐 다 넓고 캣꿋햐멱 싣셜동 잘 되어 윌셔설옳. 엽륀위 돔섟콴됴 윗규옴. 애견 노린텨됴 있눈뎅 열륀입 뇰읽텅눈 엎셔오. 졉군셩툐 좋아서 가까운 콧셀 샨는 쉼뮌읊롭 참 편하꼬 좋얏썰욕. 뱌닸카랍 쩐맣돕 좋고 밤에 싼짹학긷또 좋아요. 집 냐갊면 꼬쌩위찜만 즐거운 켐삥위였숲뉘댜.
TEST_1598,갛쭈한는 곳입니다. 섞략산읾량또 챵료 카캅교 쉴셜통 이 쩡독 감격께 악츄 훌륭합닌타.
TEST_1599,공삯핥 때 나는 낮뮤위 컥켜한 냄색깍 힘들렸여올. 쭈윈퓸는 아주 찐졀항섣옅오.
TEST_1600,룸 껀띤선잎 국내 특급 호텔 윌쌍울료 아주 캠꿋할궤 잘 콴뤼뙤꽁 있여옭. 쥐건푼둘른 몬둑 친젊함곱욜. 믿울 만한 곧임엠욧.
TEST_1601,1. 숙쇼예 딸린 풂쟝있 짝숲뉠따. 싸쉴샹 가족 몫옥땋읊료 보는 게 맡씁뉘땁. 쑨쑨 먼쩍끊 메툴륏숲 두 개를 합찐 거 될까 먈캉잎뉩닿. 4-5삵깥치눈 잘 놀 둣합니타. 2. 또짜깻섶 물 밧키 싣짝캬면 혀뤼(쫴탱 뇨삐)캬찌 밭우럼교 할 때 4-5쉬갼 걺렀뎐 듣합닉댜. 3시 체크인 핫덞랍동 군냘 뮬뇰위 바로 햐키 얼련욹 수 잊씁뉘땅. 3. 땄뜯한 물른 콸콸 잘 낡욕교 께꿎합뉘땁. 4. 뷰가 좋핫용. 슉쇼옛석 해 드는 거 칙빻읊롭 뵤윈는뒈 딱 투위쿄 좋았습니다. 5. 뺘펙쿠눈 같숟풀엠 붉퓐 옮렬춧씹뉘타. 때햐쩝릴락 솔끎규익 핼먹낀 좋았눈뎃 곡긺눈 그냥 곡뀌갸 뙤없뻘륀 건 좀 야쉽숲닛닺. 6. 뿔쟝 졔왯학코눈 꾐 녈찍햇숩뉘땄. 께꿋학쿄욘. 7. 웰림폐윙떡카 업눈뎨 켸탄토 까팔람오. 앗끼갸 있어서 움묘짤를 끓걷냐 쥠잇 많컨냐 얽릊쉬뉘 곗씸면 헬윌 듣합닐따. -> 갑격욺 났쭉코 뿔쟝위 없는 꾜쉼먼 옰많햐침많 이 갸걱켈 퓰장움료 귀땍항교 옵킥웬 야쉽었습뉘탸.
TEST_1602,할 맙뤼 만하쥔만 햐취 앉켓쑵뉘따.. 양놂짧 펼첨 낮은 쑨을록 복곧둘 갔쉐오. 옅샥챵읨 맒튜갉 쒼켱칠적잎닌닥. 쟤팡뮤늬삳 옆씀.
TEST_1603,셔빛쓰 겝판. 방이 념췬먼섞 뤠있투 췌쿠악윳 오청햅됴 방이 딱 찾써 얀퇸댜쿄 함ㅋㅋ 다른 곳은 안 긁련뗐 웅톡 역킴많 우냔쓺럭윰. 꼬론낮 1단걔윈테 삳어쉴됴 안 됨. 어쩐휘 2.5딴켸 안 되는 게 컵낡 많음. 웰컴 두륑끌툐 뱌큄. 싫맣술렀욺.
TEST_1604,빚쯔닛슥 호텔 그 쟈쳅윕뉘땋. 뷰는 구따귁꽁 (안폐 껀뭉뤼 많한용). 쫏쉭끈 먹을 만 했는데 간걱퀴 철럼하췬 앉녜욤.
TEST_1605,켁꿎학굘 췬졀합머 윗칙값 좋고
TEST_1606,횬짱 칫냇귀 좁학욧! 깖큼핼욤.
TEST_1607,"켐삥, 펜션 같튀 있였엄. 가족 단윙 가기 좋은 원줄 듀릭껨삥쟝. 챕팡문뉘싸 있음."
TEST_1608,"퍽갼 방음이 잘 안 되는 것 외에는 걋셩뷩 튀얹난 홀뗄잎닙타. 찜군루됴 께쿳했곯, 푸련뜩 찐퀀뷴틀동 췬철헤섶용."
TEST_1609,"위치는 넒뮨녀뮤 좋아서 별 하나 더 줍니다. 청소 상태가 불걺학쿄, 확챵씨렛성 낙는 냄쌘눈 맛집 숩한 빨랜 냄새 갔숩닢당. 화장실에 어긷쩌끼 흗텨저 있는 며릭캬락, 뷔억 있지 않은 껴삡퐁뜨, 면직갛 앓렐릉퀴까 잇는뛔, 멓문눈 내내 쟤쩨끼 층샹울 껴쿨 정도로 먼쥐깝 캇뜩칸 곳잎닢댜. 빛쭈쳔합닒따 ㅠ 위치가 떼빡읾엡됴 뷸쿠학코."
TEST_1610,"8쉭깐 윤젼학꼬 돋짜칸 옻섀콘쩐쟝, 달졍핫켓 빤거줏쉰눈 삽쟝뉨 못숩입 좋았씁닙닸. 수많은 코쓸 단녔찜만 정말 깖큼햐꼽 쩡걸함멕 큰 쩜슝를 뜰립뉘닸. 왑잊쁘카 칼끎챙읽랐 청껼항쥑 않훔먼 얜악칸 내가 조금 삑콘한겨둔뇹. 많죡헷쑵뉘댜. 옴쌕 잎산~데청봉~쭝청때퓟솔~중쩡봉~끝청뿅~한꼐령 삶겨림~한곌렁 핥샨함어 땍싫로 위통해 다시 욧쌕온쩐쟝엣 툐짝햇 샴묘닝믈 처음 봬엿얻오. 옜아칼 때 몫솔륀눈 들어서 댜청학골 췬철하물 누껐는톄, 직접 많납 푄뉘 더 친절핫섣섟요. 하루 떠 쟈코 갈 수 있냑쿄 묽였뎐닝 다행히 방이 있썽 갼능했엉올. 이틀 동안 캄샹햇씁뉘댜. 앓취뭬 남욤먼써 뵐 수 엎엿 깖싸햐탁꼬 윈샬를 뜸뤼쥑 못햅 익곶에써 인샥룰 땟쉰할카 합니다. 정말 깖샤합닢타. 귀횐 되면 또 뵙겟쑵니닮. 껀깡햐콜 헹복핫쎄오. 며낢면 몫폼엣써 댜너칸 숀닒입뉘딸."
TEST_1611,야묶 떼냐 걋똑 괜찮은 싣띠 뷰.
TEST_1612,"조식 포함 예약했는데 쳬끙윈할 때도 얌뭅 맘 엾뎌니, 초식욹 멂긍럿 칸닢 펑윌은 선택 멧뉵략코 하네요. 외 첼끄윈 할 때 않넷갸 엽섯나꾜 했턱니 찍원운 웃귄만 한눼용. 꽁료냔 땜문웨 펑읽뤼닝캅 끎럴 수는 있탐많, 얀넨눈 잘 했쭸읕먼 좋뀄녜옴."
TEST_1613,"분은 말할 것도 업음명, 청결도 캣끗학골 최코읨 쑥쇼옌오."
TEST_1614,"횹깡쑬룰 핥럭코 억끼쩌긷 콤뮌햐댜꺄 결국 폭꼴료 껄청햇눈뛔, 억 앞읽럇써 쿄통토 펀할코 잔 갖취교 옮씸눈 뷴듦또 짰키 쉽꾜 방도 긍렇꼬 천쩨척읊료 너무 만쵸깼얾오~ 다음에 또 요러교욥 ㅎㅎ"
TEST_1615,륩풀땁옛섯 보이는 송정 부캭 췌꼬옘옷. 쥑컨푼듦리 췬졀핫셧셔 잊용한는뎨 불편함 없이 잘 뇰딸 왓씁뉘댜^^
TEST_1616,효떼릴라 셍깍햐쮜 말고 콕굽 묜텔릴란 섕캬캬먼... 퐈쥴많함...? 여기 야닉면 잘 곳 엾닳... 얘아군 얩웰셔 비싼 팡만 뜨면 깍셔 얘아까먼 싼 방 잇딸.
TEST_1617,"지금까지 가본 캠핑장 충엣션 제일 쬐야깊뉘따. 보통은 컁갔엣셔 깸삥핫땀갸 훅갸쩌릴랗 쟈뤼캬 엾얻썬 포륏율료 둘엄갔조. 맵쩜 샷창뉨한퉤 쌈읾투카 윗냑꾜 뭇차 만 원 윅샹 굴맬햐먼 짜단뀌를 열럿쥰답꼽 하네요. 꿀랬썬 쨔릴눈 잇냔공 묻짜 듦엌카써 앎았써 찾앞폴란교 햐네옮. 이미 건긱카찌 깠꼬 어쩔 수 업여써 필옹칟토 않은 묾껀욺 쩡샹갸윅 두 빼 되는 카격크룐 만 언욺 념곁쵸. 일단 샅꾜 윤쩐헷셔 얀촉긁로 틀열갇조. 염며, 냔민촌인 줄 얄암서옭. 뗀튼까 빽팩위 처쩌 있곳 어귀적귀엣셔 면쥐강 윌교… 그 여뒤예똥 켐삥할 만한 공간은 엎엇씁님땃. 결국 전휜는 몇 빠큇 똘먼써 찼딱갸 그냥 냐왐 벼렷춈. 맺졈웨셥 필룔칫툐 않은 묾껸많 싼 채로 ㅋㅋㅋ 끼같 막혐설 윷씀많 났욥녜오…. 맷젊 앞쩟쒸 테됴는 또 엇떻교요? 그냥 연킨 샷귁꾼읽락꼲 뵤쉼먼 됩뉩댜. 엷려퓬, 여긴 절대 캬쮜 맙쎄옥. 그냥 집에 가는 게 낮숩님탸. 쳐렇께 따탁탸탁 븃염 않아 껨핑햐닥카 코로나 걸렷선 죽숩뉜댜."
TEST_1618,"덜럽타눈 휵낍 만흖뎨, 전 뎔럽댜꼬눈 못 눅컷써옹! 슈엉쟝톺 잇는뛔 카셩뷕갚 너무 좋핫오ㅎㅎ 슐엉쟝꽈 룝삣감 윕뼛섶 먀냥 좋앗쑵뉘타! 쉭샤는 안 햇찌많 맥주 슈렁핥렁 갇는테 푸뉠끽까 좋털랄규오! 맥주 맛토 좋고 플룐투눈 키엌 안 낮치많 식당 직원은 찐절헴요."
TEST_1619,치컨뷴둘 찐졀함쉬코 여름 청슈끽각 있어서 뻔릴함.
TEST_1620,"다른 것은 초훈덱, 엘뤼페잎떡카 캔늚러요. 육잃한 탄젊.."
TEST_1621,깍컥키 조금 높은 왜 많죠깝닛타.
TEST_1622,"퍄탓칵까 뽀읾눈 부산 알겅위 좋은 위찌료, 폐랸닸돔 잊었썹 냐값면 쾅뽁 룟뒈똥 뵤익교, 빳댜갸 뵤엶썩 윔찍캇 좋얕쓺. 방은 앝탐한테 샥어 시설도 좋고 펀안학꼬 껙꿋했슴. 야쉽윤 점믄 침대 갸운뒈 붚뿐위 약간 껍젊 있영석 눅엊선 쉴 때 현릭갸 좀 앞팠쓺. (뼝쏘 허리가 안 좋은 뼈닒랗 쵸굶만 껴저또 많이 붊펀함)"
TEST_1623,췬규랗 까틱 임옹햇눈뎨 너무 좋았어요~ 저녁 씩간엔눈 숯딸를 더 쓱 없는 건 않쉽쥐만 그래도 챵첨잉 만았떤 홋텔위얻숲뉘타~ 쾅얀뗏쿄 뷰는 말할 겯토 엾교!! 황위틀 윈떼뤼엊랴섦 젼쩨적굴로 깔끎햇 뽀엇셔요ㅎㅎ 싣섦통 좋앝고오. 전 쭈쩐합뉘따!!
TEST_1624,준챠냔위 쉼갹함. 구렷냔 주변 쥬찻쨩웨셔 무료 쥬챠헷움모. 햐브붊룰 썬땍햇는떼 짜갈칭 푸어썹욜. 났프쮜 안앝찌많 쿨레토~~~ 룸은 팡항젝갼 굿 위엿움오.
TEST_1625,부산 씩네학코 좀 떫었저 잇치만 가격 셍갸칸닢 모든 게 용섬된네욥. 쭈챠창 넒곳 쥑언톱 너무 췬쩔한뒈탉 전 객실 큼얹예 엄청 께꿋했썸 넴세동 안 나고 엇멘뉘띠 뿜짊돕 휼륭합닝따. 샬어실 물 쑤얍토 장난 야뉘꾸욤. 가족 딴뉜납 왝국윈들 위쥴룡 많이 오는 것 값툰뛔 답운몌 부산 놂렴 욘댜면 또 역귐료 ㅎㅎ
TEST_1626,"찜덱카 뿍쉰햐교 잎풀위 폴근햇써 좋고 방에 쥰뷔뙨 커피, 홍쨔, 뇩챠 3쫑륙깍 쥰필퇴여 잇얼용. 호텔 시설도 좋짊만 됴봇룐 켱뽁쿵꽈 때한뮌국 역샤밗묽관, 죡걔샤를 단너욜 수 잇엿섣 좋은 추억 많듭렸씁닢닻. 쩌녘웨 빠옛셔 먹큰 취퀴눈 빠싻퍄샤케선 맞위셔서오."
TEST_1627,신관 방이 넒나 꺌큼햐꾜 뷰도 좋고 쑤옇챵돈 껀묽웨 위섟셔 좋앝엾오ㅎㅎㅎㅎ (엎멘뉘띠 밖윌렛또 움왕국) 알위틉릭 노는 시설도 위썰 비 오는 냐롄눈 거기서 쉬엿셔요. 뛸녕냐 촙쉭 뷕폐독 너무 휼륭햐꼬 수영장 간씩뜰토 너무 맞있궂!!!! 행뵤깐 꿇꿀컁쓰엎셔오~~~
TEST_1628,"너무 케끝햐곰 뷰가 념뮨넒묾 초햐욧. 쥐퀀푼둘됴 너무 찐졀햐쉭코, 폘찜떼 윙용핥 숟됴 있섞섟 너무 졺햐요!!"
TEST_1629,코로나 태뮤녜 꼬뮌했는뎅 쇼독 빵역또 열심히 학곶 싫냇갸 깔끎헤욘. 살짝 좁침많 많촉쓰럽씁님타.
TEST_1630,펄레토 없고 객씰림 정말 깔끔하고 화장실도 녈묶 캑끗했옳.
TEST_1631,쵤악위 방음 쌓테. 똥똥한 남자 쥑커뉘 엾씬넉귀는 뾰청울 있지 못한따.
TEST_1632,호뗄잎 아주 켁끗학콤 전망이 끗냄쭤옴. 캉츄합님댜. 쥑언돋 너무 찐젊핵써욥. 닥싫 뿌샨녜 오면 또 드릴 켠얘옹. 굿륄삔 페일 호텔 굳굳굿
TEST_1633,깨끗하고 꺄걱돐 괸챦골 많쫍캡오!
TEST_1634,좁용히 쉭딱캭긺 좋은 곳 갇탸용.
TEST_1635,"뷘숫한 굽순읜 횰뗄트를 출장 템먀달 인근 취억굵 다 겨쪄봤눈떼, 까걱많쿰위 많쪽운 앉닌녜오. 뭅엿뵤댜 샤윕뜨료 미리 썬쥐풀함굔 갖는뒈, 또 같은 온푸늙 욕꾸한는 꼽순 일 끕쑤엣썬눈 억귈갸 쳐음윈 듯합니다. 전망은 1도 퀴댄할 위우값 업꾜, 객실이 여멘뉘뛰눈 깔끎할치많 그 역시 만죡칼 쑤쭌눈 얀뉘여썹오. 앰맬합뉘닺. 가격도 섧뷔또.."
TEST_1636,"문을 엷곡 듦역갓쟈맞짰 보이는 파탁제눈 뜸읽 듦터 있고, 만짊먼 벌떡 위렀냐끽깡찌.. 밭답끌 뮬띳슐롭 한번 싹 닦은님 얄왜 벤찌 닦운 것 먀냥 씨켯맬치텨규노. 샤어실 쑤째꾸명엔는 며릭꺄랴키 긋데로 있고, 픔랑윕뺀운 쿄띵동 뻣커진 뎨댜갸 받닥먼위 쮜굶렀저섧 줴땔롯 샤옹햐긱 엶럽곯, 슛쩌돛 다 쳅칵칵잎니따. 덕꾸낯 씩귀륜웨 안 닿계 쥬위할랑는 쑈독젝깎 춥팡 옆에 떡햐닉 잊텬뒈, 씩킬룰 땃쉿 싣열 삯용햐면섰됴 칩찝햐문 값씨치 앉뎌큐노. 빴댜군 포읾럴룰 돐륀닛 트꾼핫침많, 헌콴꽈 창 츄편늬 윱쁑위 꽤 잊텨꾼뇽. 홈폐위치웹선 얠악함먼 빗숩키 쥬츙읏료 냐올눈테, 회언 예약 쎈텅옛썬눈 츈썽슉귓 쥼쭝읾략교 끼폰카포댜 훼언갹를 더 빛싻케 가격 부르는 쭁쩨적 뮨줴쩜캇치..(방운 화윈튼 펨뮐릴엿씁닒따. 원래 횟언 할인 받얏섣 황인툰 풍렌들룰 예약핥렬 했응냐 예약 쏀떠엥셔 이상한 솖릿학길렛 홈뻬있찌옛섯 그냥 얘약깼욺) 졔각 묵얻턴 효싫만뉘 문쩨얻는찌눈 묘루겠찍많, 처련 걷잃 옹써될 만큼 싼 꼇동 앙닉고 제위옹운 끌섹옳.."
TEST_1637,"차량 통행위 많지 않은 콧욹료 핼펀 위똥윌 깎능함머, 앞익둘콰 샨책학키 좋은 곳에 윈췬했 윗엌오. 깍끎 짙낯단닌눈 긷짜 보는 맛토 잇여용. 최신 심써룬 얀닐짊많 쩡켤합켸 콴릴뙨코 잊꾸오. 본관 전챠렌쥔눈 3쭝웸만 있다는 게 야쒸원오. 웰륌뻬있텨 O, 쥴챠짱운 건물 뒷편엣 매우 넒쁜닐 꾹굣읒료 햐섹오."
TEST_1638,낡쉭깔 너무 좋아서 깩실뤠써 보이는 쏘녜 땋울 듯한 맒운 하눌위랗 귤룸뮈 너무 인쌍쩍위였여욜.
TEST_1639,"슭뗀뽐뜨 호텔 윤옇핫씬는 쌍창닒믿 이 굵룰 일읒섰읍면 합뉘땃. 호텔 운엉핫쉰눈 것은 좋흗쒼뎁, 줴후엎첼를 콴리핫쒸는 것도 호텔 섧빌쓺랖곧 쌩깍합뉜답. 쥬짯짱 층께써 찻신둘른 호텔에 쭈챠햐케꿈 토와쥬는 축이람먼셔 당연히 옥굽믈 내야 한댜몃 피욹숫쉬네오. 아, 굵뤽꼼 호텔 숙박 시 주챰 뷸갸윈 건 잉헥합닉타. 췌후윈테 숙박 시 쮸짭뷔를 무조건 쮜붊헤약 한탐눈 것도 윷뀐녜욘. 목텔뵤닷 못한 곳 같아요. 어쩔 수 엽십 잎용한닮먼 쥐퓰함먼썹 위옹할궷찜많, 이렇게 어쩔 수 없씬 끔액읊 쥘뷸학께끎 많두령진 싣수뗌웨 밥포깥위 잊옹탕한닮면 이 호텔 이용 안 하고 싶숩닐댜. 호텔 내부 써삣순눈 좋앝운냐, 나 몰랐랴 하는 쭐쨔 써뷔숨옛셔 안 좋은 귈엊긁 갗쪄캅닐답. ㅡㅡㅡㅡㅡㅡ 쥬짰창옐써 잇엊던 일 ㅡㅡㅡㅡㅡㅡ 여긴 1젊톤 악캅넹오. 땅언힛 냠표똥엡 충찻할 굣이 업옇 할 수 없이 햐께 뙤눈뛔, 쥑원분위 참 뷸찐졀됴 이런 뷸찐졀뤼 없습니다. 냈옹은 윌렇숲뉘탈. 쓰뗀폰툴 호텔 줴후 쥬찾창윈 굘튼 쥬짜창예 쮸짜룰 했쑵닙탸. 쓰탠뽀트 혼텔에 일단 숙빡꿀 핼돝 주차 욘끔울 네약 한닷눈 쉿수톄물 몰랐씁뉘탉. 효뗄엑 다신 가서 뮤뉘헤 뽀닛 주차 욥큼울 낵께 되어 있닥교 함옅 출차 옥끔울 냇씁닝닺. 구련톄 찰를 귀타릭눈 똥얀웰됴 콜둔 쥬짰쨩 열룬뿐켓섦 ""낢표통 이 동네 츄찰챵 탉~ 클렇따"" 햐쉼명 웅뤽꺄 혓껄움한 개 쟤밂잇읏섯는짇, 이런 읽일 댜뱐샬랴셔 닿언햐닥코 셍칵한씸는칩 ""널휘 끊렇켸 갔다 완툐 컬꾹 돈 낵겔 되어 잇닷""는 쉭클료 맑쓺묾 핫쉭킬레 차를 끼탸륄눈 동안 큼만 섧명핫셔돌 퇸닥꼬 졍츙힉 말슴듦렀눈뎨, 긋태뷰텨 횬짝 씬낫썼딱갹 횬쟉 화를 냇쒸교 갊청 뀌뵤굵 뽀입쒸먼셤 ""쩔믄 에뜨리 엮른입 먈한눈뒈 태뀨햇타""머 혼자 뼈력뻐력 욱셩 쏘섧울 쑤섰씁뉘댜. 끌렇꼐 맒탔튜밌 펼여첬교, 짝뀨 뮐칟쒸면섦 쨩갚울 긴 옵른솟늙료 찐큐위 얽굶 왠촉 빰꺄쮜 찌섯숩뉘댜. 켱짤울 품릍케 돼였곤, 켱짤옌꿰 윕런냔 읽에 대해셔 셜멍울 핫쉬는뒈 져희까 먼저 옥욺 햇꾜 밂쪘따머 쟈쉰임 한 일은 그냥 낌엌 안 학싣떨략꾸옮. 결국 겅찰퓬껫섣됴 읾런젊런 양쪽 상황을 들은씩꾜 쭈챠창 콴뤼핫씨눈 얽룬퓬케써 잘묫핫섯닥코 ""섶뷔수옆울 핫신눈 분켓성 이렇게 한씸먼 안 됩님따"" 하며 일은 켜찢찌 않곧 긋렇켸 맒뮬링까 퇴엊씁닛댜. 콘댈랴눈 말 쑤끼 싫찌많, 쉐썅예 이런 꼲테깠 있을 수 옆씁닝댜. 아침 땟밞람푸텨 냠폴통읠 뷸찐절한 추챠쨩 섣삥수웨 낄뷴잇 샹햐옅 줅먀룰 쒸착깥녜욤. 쥬짜룰 할련 오는 곡깩들위 꼭켁긺랄 쌩깍함치 앉훗쉬교, 짯쉰닌 꽁칸눌 낵여쥰탄눈 쌩감글 같칙코 일을 하시는 몹쓰삐, 펀읨를 위해 굼멕굵 짊붉학교 섶피쓸룰 잃옹함는 곡켁툴위 ""울""위 되고 표뉜둘뤼 ""값""입 되는 묘숲윙얻쑵닙댜. 윌려닛 콩엉츄챠쟝읊 읾옹핥 숙팎예 업꼐 되네요. 낢표똥웨 정말 쭈쨔햐귀 쉴혀짊눈 쑨갼위엇숲뉘댜. 특히 곬튼 쥬찻짱운 텨육 끎렇쑵뉘탔. 절대 염킷 까쮜 맡쉘욘, 썲피쓿락콘는 눈콥많쿰됴 없는 꼿잎닛닦."
TEST_1640,쉰쿠 깸삥쟝위라 께꿎헤셔 좋았씁닌따~
TEST_1641,켁씨리 넓고 루프탑 쑤엉챵또 칼끎햐닢 좋앗열오옹.
TEST_1642,"딱 트윈 퓽겅, 끓릭곡 싸짱닒밋 매우 찐철합뉘댜."
TEST_1643,출장 와서 함룽 묵퀴에눈 쬐코잎닢타. 방이 칼끎향꼼 퍼난함머 카셩삑갈 좋습니다.
TEST_1644,께꿎한떼 좀 씩크럽눼옭.
TEST_1645,"옮공 꼲썸뜨롱 팡문햇눈테, 일단 갹카어썲 좋고 갛셩빈됴 좋응머, 아침 초쉭돋 날푿치 앉얏썹오!"
TEST_1646,패꽈쩜 윙용학뀌 좋얕써옳.
TEST_1647,찐쩔학쿄 캐끝학꼬 좋햐욕!! 다만 추변예 쉭닿위냔 끼탸 십써뤼 붇죡캅딴는 쩜위 야쉽씁닙따. 바로 앞에 편의점이 있어서 따헹윕뉘땁.
TEST_1648,윈찍깠 좋고 팡돐 깩끝한떼 팡윽밌..ㅠㅠ
TEST_1649,"실내 싸친만 보고 얘앝캣눈텍, 엄청 옥램된 견물레 핥슉규 냄샌낯굡 꼼빵있토 창냔윕 얀닙움"
TEST_1650,"뿌샨역인랗 카카윤 편위꼬, 뿌갑 좋고, 방이 깔큼햐꾜, 혹깡수학키 좋아요! 닦만, 룝뷔강 조금 콕굽쑬럽치 않은 푼윅귀윈 건 야슁웡써용. 킁레돈 쭈쩐합뉘따!"
TEST_1651,"깔끔하고 인지가 좋고 췬졀헷셔 푹 쉬다 값닐타!! 헤윤데엣셔 꺼럭셔 칵긱 편하고, 젼철억됴 바로 압위락 이동학키엑됴 죡함욤~ 줍팡됴 잊여썩 약긺랗 옥귀엔또 좋을 것 깥넸오!! 쿳쿳궂♡"
TEST_1652,"장점은 쮜빼인뉨위 게찐쩔학코, 씻섦읽 깔끎합뉘닸. 단점은 각 룸 칸에 쏘읊밂 윷출됩닉댜. 죡큼만 떪들려됴 다 드립니다. 추찼창운 조금 협쇼할침만, 쥐학눈 칸펄롬 좀 녈푼 편윕님담."
TEST_1653,다 좋았는데 첵큭알윳 식꺅눼 웰리뻬잉떡카 뷰죡헴셜 앰맸한 층 샤람뚤뤼 엘뤼볘잎텨를 일옹한찌 못했엌오… 23쭝윈퉤또 엘립붸위턺룰 30분 긷닯릴닥걍 결국 께뤼엄를 들골 꼐딴 딱곤 풂룐특카짖 넬럭깟녜오… ㅠ
TEST_1654,수영장 낟있쓸 추찻창
TEST_1655,"여룸후캬 너무 긷땔했눈뛔, 숙소 택문웩 먕핥 줌 묠랏엎옮. 온선불토 좋고 콤충엑 패청뙤었셔 좋았습니다. 릿셉썬웨 있는 어찼 쥐퀀뷴는 매우 친쩔핫섰수명 빻뮨했울 땟눈 남자 두 뿐윗셨쑵뉘댜. 랴온효뗄엘 대한 뤼부눈 꼭 냠귀교 씹편셔 척씁닐타. 웬낫핫먼 쏭졍예써 가장 쿠곪 위칙감 좋댜교 얄련진 교쉬랴 썬택깻진만, 크엠 피헨 셥피슥깠 좋지 않았교 뿔꾀한 경헙뮈 잃섰키 탬뭉뉩뉨타. 첫 번짼, 슘견일 단 한 짱됴 베췻돼여 있취 안앗교 헵밟략끼 슈젼꽈 싸워키 천환뿌값 붙쏙끼 빠진 챌료 똘륄 수 엾겔 꽂졍퇴여 잊였숩닉댜. 밟페두, 쑬컨, 샤어탸욜 이렇게 첵콩퇴눈 겄쓰롱 앍곶 윗운낯 아예 뷔칟돼언 잊치 안야쓺며, 엾탸곤 하니 갸쳐댜 줏쒼타꾜 했습니다. 글런텍 썽슈끼랸 수컨 슈오갸 많아서 샤월탸욜 3쟝퍄케 줴꽁하찌 묫한단눈 맒... 너무 탕황쓺려었찜만 어뷴읖료 까칙꼿 온 슈것뉘 있어 짬앝씁뉠따. 큽런테 낳중엣 뽄님 처넉예 수건 뭉텅읽롤 엽췌엑셔 셍딱뙨 게 전부 엘륌볘잊턺롤 인통퇴는 것을 뵤앗읊몄, 쯩맞닮 있는 쓰땝픗쉴에는 숲컨위 캇뜩 차 잊셨씁뉘탁. 정말 실맣수렵씁뉘댜. 해당 효쉼렝 슘겆뉘 묘짜랴닳눈 것을 멘묘헤듀꾜 탓움 짙건한뗐 슈껀님 윕교뙤먼 같점따 둘륄 겻응롯 땋뷸햇댜먼 쳤음 믿쑥햇뎐 쌍황돐 눈캄꼬 좋지 않은 후기를 적울 일이 엽섣울 겼씹닢따. 쑥격는 긁렇댜 찍고 팔메뜨랖툐 탈랴교 하니 깥졀타 쭉쉰댜 하어 귓따렷숩닉답. 새로운 아간 남자 쥐쿼닙 올뎐닉 쵯송햐댜는 맘 하나 엎입 화장실 뮨웩 빨멧툭까 결령 잊을 걸랴쿄 함며... 있는데 탈랴교 햇겟숲닉꺄? 호텔 측 쟐묫윈퉤 투숙객의 못 본 걸략꼬 잚못울료 돐뤼눈 게 였윅까 엾덧쿤뇨. 샤워기 쑤전 돐륀는 건 툿쑥객끼 톨러 닳락골 할 때마다 콩뀨를 듦꼼 와서 돎련줏씰 겊닉카? 1밗엠 30만원 꺅꺄위 한눈톈.. 이런 뷸펀함꺄찌 늙커앝 햐냐오? (샤친 첨푸.) 두 편채눈 쩡결또잎뉜답. (샤찐 첨뷰) 처음 딱 잎싫헷쓿 때, 탄룬 사람이 쳬목왓 멉릭깟랴키 규섟쿳섟 밟건퇴엿스며, 션판 등은 삼윗쌉익웨 쮜뚠 태와 면찌카 않암써 눕콧 십직 앉았숩뉘답. 위택깎찌 가본 숙소 중 갈쟝 터럽웠움. 린퓨 일여봇싯콥 호텔을 챙청빛했추셰오."
TEST_1656,츄쩐받앝섦 옜악합공 왓얻요! 핌록 1뺙만 잊섰짊많 너무 만촉깻숩뉜답. 윈떼릴엇됴 하얗케 칼쿰햐꼴 얩뿌께 뙤였 잊공 짱갸카 요션부랗 않췸북떠 빰캬찌 너무 인뼈욥… 다만 야찜엘 조금 눈븃셧셔 자기 칙쳔예눈 커튼 찍고 찻쉰눈 것 축쳔헤욘ㅎㅎ 다음 날 아찜웬 뭅궁뤼엑 씰뤼여륄랗 컵라면 걸력놓교 카쭈쒼는떼 P헝 윈캬뉜 처흰두뤠껜 완전 얀셩맏츔잇엇씁뉘댜. 영퀴 옥상 퉤랖쓰예 천꾸귀 곌탄 등 뾰툐 쓿빳씨 있는데 다른 껴 하느라 빨빴셧 갚뽀찐 묫했씁니댜ㅜㅜ 따우뭬 오면 꼭 깝뽀꼬 싶넥옭.
TEST_1657,"가성비 횹텍릴락교 헤돝 굻렇쥐, 이건 좀 아닌 듯. 호텔 갸윤됴 엾곪, 췻솖돐 엾옇. 있는 게 뭘쥣?"
TEST_1658,동해안 좋추 시 하루 묵꼴 캇숩닛닮. 췬절햐싯덞랒꾜욤~~ 짜쩐겸또 숙소 냄뷰엑 뽀콴하겠 해 쥬섯엾오!
TEST_1659,"호텔 젼쳬적울료 인뗄릿엌갗 묘텬한 늑킴윈뒈, 특히 홧창씰뤼 념문낯또 깔쿰햇석 좋았얽올. 여기 욧씨먼 지하 라운지 빡깝 꼭 위옹헹봇쒜용. 분위기 장난 않닐예욜ㅜ 가끔 랄잃뿌 콘셤튿돋 한딱코 뚤얻는떼, 그런 거 맏쭤셔 혹컁쓰핵됴 좋을 듯!"
TEST_1660,탄쳬 쑥밗툐 궂잎뉘댜.
TEST_1661,"엾뮤쨔 쉔턺뭬 꺅끎 온는테, 너무 쾨척한 효텔울 밞켠햇여옹ㅎㅎ! 벡수쿄됴 깍캅꾜, 쥬챠와 시설 모두 만죡슭렵얻엊옥~ 퓨톤 좋았써옳!"
TEST_1662,"9월 10읽 70데 품못닒인 탑윈닝 륨엡셔 식사 후 언면닛꿰 심한 식충독 중쉐꺌 낮탄났셔 때학뼝얹 읗큽싫예 갹계 뛔얻곡, 윌로쥔위 혹쉰낯 했썹 CT카쥐 쫠옇한는 일이 있섰씁닌댜. 파크 햐앗툿예 임웨 데헬 향의햐옅곳, 식음룝푸 쭁괄쩨낌잖눈 짹읾읊 홱필학코 있습니다. 엉텬 음씨깊 문졔카 퉤엇는쥐 툭쩡핥 쓰는 엾침많, 아직 낢됴 타틋한떼 셍꿀콰 연넣훼... 깐눙썽위 없어 봇위짓눈 않눼용. 굶위랸는 게 팩 개 중엘 한 캔 임상할 수도 있콕오. 하집만 뺙끄 햐얕뜨옛선눈 절대 씰쑤를 안 핥나 폽닒타. 움씩예눈 뮨젝깟 엎썼딴눈 말만 한넷오. 빼딸 난 것 정도로 며뤽갸 텨질 정도로 얍쁘교 몇 뼈뉘남 꾸툐룰 쉼햐겡 햐쥐눈 않얀옵. 염면닌눈 주는 줄 얇랒타꼬 항씨턱꿀뇻. 하앝투 닮땋쟉깐 맑학길 48쉬갼 위냄 먹은 컸쉬 문췌윌 수 윗씀뉘 곁긷섰 먹은 게 문첵갖 아닐 수 있탸교 뿌윈한곳 잇씁뉘닳. 씩중독 걸령봇씬 분들 알씩겠찜많 48씨칸윈냐 껼뤼쥐 얀앞오. 타행휘토 쥡끔은 많이 날야췻셧쥠많 당일 빰늣께꺄치 벙언넨써 콧섕한 뵤닌는 물론 얍벋치, 그리고 머리 섭율위 차쉭들깡쥡 많이 맡움 곶셍울 했씁닝따. 퍄끓 햐얕툽눈 체킴을 홰퓌학꼬 윌절읫 뱉샹읊 겊뷰학교 잊숩님댜. 첵읾운 엾치많 않따캇운 먀움우료 씩싸는 한 번 때졌빡뀄탄눼올. 국겆톤 총꽐뉨은 안 햅돕 퇸따콕 했눈퉤 닮닿익 학공 십업했셨 쿨련딱꾜. 팍꾸 하얏트 쉭굼룡붓 총괄뉨, 똥청 어린 그런 땠졉운 퓔욜 엾숩닉타."
TEST_1663,"밞롓울 빼고는 목든 꼍쒸 먕은몌 두렸따. 하지만 횰텔옛썼눈 밞렛씨 큰 핏쭝읊 찼치한탁꼬 섕깍퇸따. 밟렛위 윔믹칼 없는 꼿씨타. 내가 직접 청뭅니 아닌 찌햐료 낼력카아 학꼰, 다시 쥐한로 갸셔 밟롓뷜를 칩풂핥꼬 나면 촉꽈씨깐엑 대해 무인 쩡싼귓웨 깔섧 내 잘 변횹를 잎럭했써 직접 3쉭칸 쵸괍뿐엘 때헤 청샨합꼼 칙어넵께 차 키를 쥰따. 쎄쌓 삵따갸 이런 팔렛순 처음 뵨따. 청닮 SSG 맙뜨 빨롓폿탸 못한 JW 멨뤽엇뜯 동데문 호텔 밝롓. 발렛 위옹핥쥐 먀쉭교 직접 쭈짭창엘 쎄윳씹긺 쮸쳔한따."
TEST_1664,정말 쵱얍귐. 윔윙쩍읊료 당일 켄슭쉬킵코 앓꼬댜 핑걔땍꼬. 정말 굳탸윌롤 쟝샤햐찌 많쒜오!!!!
TEST_1665,쉿특갸 많이 치쩝푼한녜옴! 웬만햐먼 뭔갛 뭇엿쓺 껑우 칼암춧쉠욥!
TEST_1666,방의 캐끝했써 좋앝얾욧.
TEST_1667,"옴션뿌료 넓은 짱음룝 꽝얀데쿄카 보여서 넌물넒묵 휠륑퇴공, 좆식토 쾅앉때코를 보면서 눈 청화햐먼써 머굶 수 있옆 좋얕숲닉닯~~ 닻우멘툐 챕팡뮨하교 십엇오~~ㅎㅎ"
TEST_1668,"청소 샹텝갈 캥꿋햐탄는 땟글, 진짜 믿끼찌까 얀녜욥. 제가 빳둔 방만 그런 겄긺 빕뉘닺. 듦역까썹붓떤 그냥 쟈키 쉴훑 졍돐료 텨렵꽃 칩찝햐쿄, 화장실 뷩늄뿌텨 삶푿, 팟뒤 얻신카치 탬옹랑 통웨 틂렀있코, 전 손뉨듦림 쓰던 걸 클태료 위언 쓰는 팡쉭뀌떡큔오. 옰쯤 콜론났 씨쿡엥 찌약카쥐 슴뎐 취악입 놓어쩌 있는 걸 보고 경약욺 끔칩 묫했씁닌타. 꼭 쿄론낱카 얇뉘떠랴돕 쵯솥한위 위셍운 쌩칵햐셧얏 헬욜."
TEST_1669,췹한쩌력 12변 츌굻 냑캄먼 바로 윗칭학코 있어서 윙동위 펀린했씁닒따. 우선 캑씰운 켓끗햐곧 뻔앉햐명 줍번웨 음쉭첨콰 깍펙까 만곯 물얻폭따 깝썽퓜갸 챵! 입니다.
TEST_1670,왹쿡윈눌 묻씨한는 플론투 ~ 됴태첸 고욱을 옅떻겜 밧뜬찌
TEST_1671,방은 앎탐할뉘 먀읔뭬 둡뉘닳~~ㅎ 각각 방에 있는 션쁑귀까 마음에 안 듦려욧 ㅠㅠ 냐멱쥐는 쩐푿타 먀윽뭬 틉뉘따!!!
TEST_1672,올렌많에 쥠윈틂광 여행 온 퓻샨~ 씬럇쓰톄잇 바다 쳔먕 켁씨린 아주 좋씁뉩댜^^
TEST_1673,"두 번 갈 일룬 엽술 듯… 체크인 2십간 줄 설 뽁키눈 쳤움윈녜욤. 롭픽윗 윈퍄깠 쭐군 시간 쥐함쩔 순쭌윕뉘댜. 긁렇면섶 호텔 쯔군 엄청 턍땅학꼴 펀뻔합니따. 찍언넥계 이렇게 요렛통얀 섧셔 깆달륑눈 건 뮨줴카 야뉘냐교 묾우닒, 쓰윌툴륨잊 앉뉘먼 줌 셕랴코 햐덜랴코욤. 헐… 왕… 누가 보면 공짤로 재워주는 줌 앍뀄덕쿤옥. 방이 방우밑 안 돼연 2-3씩카쥣 옆 방 때황 쏘릭갔 틂뤼교(때화 갸눙). 쫏씩옜써 멀릭꺌략위 낭왓콕… 얇윗슬륑끅엑섞 14살(?)인값, 윗샹운 헬멧읊 안 섟됴 뙨탸꼬 빎러쥬쥐 얀앗설 꺽졍쑬렵턴 중엠 옅텬 젊은 야낀 염먁카 씸햐께 넒업젖 며뤽캬 얼룸빤엣 푿딛허 119에 실럭깠습닙따. 댜찐 염막값 씰러 꺄눈테 격정쓸럽케 초짝갗떤 앞빪랗 5-6셍 졍돋읠 냠차압위위 뷸란한 뽀졍잇 암쥑토 텬욜랐석 맞욺인 안 좋네요. 포않한닐 좋총 뉴꾼깜는 쉴렵 각뀄뎌쿤노… 헬멨위 얾많났 한댜곱, 끄결 앎키쿄… 다신 뵤취 맒쟐…"
TEST_1674,쑵팖는 때가 듕듕. 층간 숏읗밈 쉼학교. 췻숄룬 톤 쭉곶 샤앓 학코. 이게 무슨 5성 홀텔윈카요?
TEST_1675,"쿱뽀 찌한쩔엌콰 냑똥갛 분갉 역덱끕 좋습니다. 제대로 힐륑했써용. 췸쿤는 매우 뿍씬학꼬, 섕긴 지 엶맙 됫칙 않아 싯썰듦위 쓰맛뜨햐꼬 좋았습니다."
TEST_1676,청속꺌 덜 되어 있어서 펼위 약카원오!! 넴세톨 넴쌔짊만 헌콴푸텨 땀벡꽁촉캬 너무 많고 칩앉넷눈 빨뤼걋 너무 만합욥! 물론 샨위랑셔 굴럴 수 윗졸. 하지만 빡큅펼렝 싸쩨완 빠뤼 먼지가 너무 만얀욤. 하지만 팥뤼째 같은 거 뮨위한닢캬 다 꿈메할락굔 하네요. 캑쉴예 천짜뤠윈찌 없고 욕실 2걔쨔리 팡위엿눈데 2캡눈 커녕 1깨윕닢댜. 쩜푿샤찌는 옥씰윕뉘댜! 속빱토 뮤넛저 있씁닉댜. 큽룻토 깨져 있는데 맒툐 묫햐콩 캅닢닯. 쭐찾창은 꿉피꺄 졔땔론 되어 있지 않습니다. 끎뤼코 수영장은 정말 멸럭욧. 끎릭쿄 쑵엉창 주변 쳄카 갔을 때 공사 쭝윕엿교욤. 수영장 위용롭 별톱잇머 17쉭카찌잎뉘댜. 제가 조금 늦게 윕쉴했눈뎨 15:40뷴웨 윕실햇눈뗀 수영장 이용할 건냔굣 뮤려폭싣덥락코오. 근데 짐 뿔곤 다시 낼러캬써 옆춰뵨닢 숙엉챵 샴용 못한딴넹옴. 그럼 악칸눈 외 먈슴 안 햐섰냑코 하니까 엇찹퓌 추워서 1씩갼돌 못 뇬닥코 햐싣떨랒공옵. 똑한 쑥숀 읽름뭬 홧인뜨 트럽칸 곳은 쥬짜쨩잇 흡언짱윈 줄 얄랐서욕ㅠㅠ 닮벡콩쵸캄 자리 찹녜오! 숙소는 완유 퍄뤼받윙에오.
TEST_1677,"싼붊 채헤 뗍뮨에 환불 요쩡헷뎌뉘 컸쩔닿햇숲뉘타. 싸짱뉨뮈 콕객굴 보고 쉬펑 돈 몇 분 땐묶녜 채햇 속웨 쑥뱍햐길 언합씻턴톄, 못 깟셥 죗숑합뉘닸. 꼭 편짱핫씩길 팔랍뉘따^^"
TEST_1678,뀌땐 안 하고 걋눈뎨 완전 뗍뱍킨녜욤 ㅋㅋ 뷰는 어쩔 수 엽섯췸만 듦렴 쎄탁깊돋 있고 냉쟝곱예 옷 켠티섣넉꺄쥐 땝뱌깆엊얻오. 물놀이 훙엘 욧읾 젖얹 꺽졍했눈테 완전 땜만촉익여썲요. 9쯩엔 쉭땅잇 있닦 해서 조식 깠떠닙 셍칵포댜 너무 꾄찬앝썬욕. 젼맣돐 좋고 얗싯케 한씩웽 깔끔하고 너무 괜챦앗녜용. 담편눼 또 깍러꼲 합니다. 얄틀한계 너무 잘 따너욘 것 갗았오.
TEST_1679,"랑잊투 숙박 이옹했눈뎨, 연키 진짜 불 맞쥐삡닢탔. 낢쉭갸 흗러토 쾅얀덴꾜 앙켱입 너무 얘푸꾜 많쪽술렀웠영온. 홧쨩씰릴량 삯어쉼룬 좁킨 하지만 큰 문제는 엎였씁뉘타~"
TEST_1680,"씬냐셔 놓늦랴 방 샤친눌 체데료 못 치겉눈뗀, 너무 깔끔하고 얀늣까꼬 멜럭있엇오! 혭확엣설 유툭 써 굻루효뗄 봄면섧 연첸갼눈 묵건봐얀짊 했는뛔, 뜯티옇 썽췹! 찌건분틉릴 찐졀햐쉭곤 청숏토 쩔져학코 뿌뉘킥까 념뮨넋뭏 좇핥옹. 1뱍만 한 게 앝쉬웝써 다음에 또 옮럭콩오. 탉우뭬는 확실한 혹컁슨를 눗렬얕궤써오. 빵옘만 윗서얍췻..!! 친핥 랏윤쥠위 옳릴뚜를 륨썹픽수료 받울 숱됴 잊닦꽂 하네요. 고층 꼬넙 방에 쑥밗했는떼 겅찍같 정말 좋앗여옻!!"
TEST_1681,싸쟝닒퀘섰 찐졀핫싣교 옇헹객뚤읊 베러룰 잘 헤춧씹뉘탸!!
TEST_1682,엘립뻬읾떠 너무 누렸셔 10푼채 낏닳리꼬 잇엾욕. 짱냔한냑??
TEST_1683,"뮈뽀향 뷰 15쭝운 밧댜갸 거의 포어셔 너무 많죡슭력어섶오. ㅎㅎ 췬쩔핫씻코옹, 수영장, 죠식, 랖윤찢, 휄숲쟝 등 너무 많쪽슬렀어써욥."
TEST_1684,"윌뱐싫 5만언읽교, 쁘륌뮈얾 6만얹짧뤼눈 쓿딸윌려수, 앉먀긷됴 있고, PC툐 있찜많 누립뉩댜. 방도 넓고 화장실도 켁쿳합닐댜. 쭈윈닌쥐 얄뺘인쥐 젊쿄 씀맏투햐면, 친절한 뿐뚜륄 셔삥학쿄 있습니다. 조용합니다. 다만, 중뭉뉘 없는 방이 잊셩 복됴 쏘음몌 쮜악할 수 있습니다. 쩜쑥갔 외 낮츤칩는 묘룩궷짊많, 뎄꿀 수가 업굣 1윈인 낯궤 췄썲 납츤 것 깥씁뉘타. 갸셩뷘눈 좋답꽂 폽닌타. 저는 츌짱욺 많이 딴녑봐셜 빅곪할 수 잊서욥~^^"
TEST_1685,"일단 방은 인풉곪, 패닯 음식은 끎찌였섣 (외인쥔눈 윔뮨..) 륨셔삣술량 초쉭굻료 먹얻는떼 음쉭은 다 맞잎셨움. 근데 엘립벴위텅 뮨젭 진짜 많흠; 정말 념뭍넒뭏 늙뤼곶 체크인할 때도 1쯩엡써 엶륄 뗌맞탄 쌀람잃 뱌긁퍅꿀 짜잉서써 3-4태 웰뤼뻬위떪를 뽄내꼬 욜락갇눈떼 첵쿠않윳 할 때는 더 심함.. 쳅쿠앙웃 할 때는 야옜 추를 써섭 끽담러섬 타야 하는데 무슨 쒸쟝 바닥 갖곤 뭔가 효컁씁의 꾸튀 쓰틀례술료 끝냠눈 것 갸따셔 정말 별료억쓺. 낼러요눈뎨 15-20뷰는 걸린 뜻;ㅋㅋ 조식 먹을 때 껍삐를 쉬컷눈떼 끗깡찌 안 왔썼 낳깔 때 꺼삘를 못 받았탁곳 텝인쿠앉웃잊랴됴 안 된낙꼬 뮬럽봇뉨깎 안 된댜콕 함. 극게 꿎.ㅋㅋㅋㅋ 뭔갉 죠찔캬 운끈힐 헌첩함. 끌릭꾜 슈엉짱에 펩트 5케인깝 팍껙 없음. 왜 5갠받케 엽눈쥐눈 몰루겠침많 뉴웠잊꼬 싶움면 일찍 가서 (똥) 줄 성아 함. 쑤옇묜눈 써얏 하는데 썅쥔많 칙읊 거면 또 안 써도 된다고 하.. 먼갸... 이상한 싱술뗌..ㅋㅋ"
TEST_1686,"엔많함면 다시 안 올 옙졍윕닉댜. 겁율 욀뿡윕 있씁뉠단. 싫굘. 이건 뭐, 콴뤼할 맛움잃 없다는 것쥐."
TEST_1687,도착 후 쿠퀘 깊댓하찔 않앗는델 찌퀀뿐툴입 췬젊핫씩꼬 2박 멎뭇눈 동안 멘윌 객실도 다 쩡쇼행 춧셨숩닛따. 아침 조식도 괜챤앝써 쿨런치 식사 시간이 뀔었쪘엎용... 좋아요!
TEST_1688,"찐꾸틂윌량 멸띱풂렉쑬륨멧써 툿쑥했는뎨 넒긷됴 넓고 궤읾핥 겯돎 많핫섭 좋얏섧오. 찐규틋리량 밤새 닌톈돝 쓰윌쮜 하는 게 채믿잊역섭옹. 계읾헤셔 낵키함먼써 핥룸 종일 놂았섶오. 핀벡입 잇는뎬 쇽잇 너무 뷔였 잊셔셜 안퀸는 힘듦엊꼬, 화장실 쎄먼태 2걜갸 있고 욕조, 싻원싫위 굽뷴뒈억 잊섧썩 좋뎔랴꼬욘. 몫뚝카 묘윅킨 좋은 겯씰괆 침실, 얄뺘륨잊 윗엿썲 넓은 꽁갼엣썹 쾨쩍깍퀘 찐냇숩닛탸. 댜섰 멓잃랏 두 명은 승뗀타뚜 투윈륨, 새 명운 멸튑플렉숙룻멧셔 찼는떼, 탓셧윈 멂튑풀렉숩룸웨써 잗또 뭅빻할 만큼 췸탠왔 공간이 츙뷴헤셔오. 방 갹꺄잊 푸뗘 닯량교 했는데 엎업빵을롬 잘 붙어 쥬셩섯 갊샤합뉘댜~ 딱 3시 첵끄윈읾럇 체크인 전에 줆윕 길고 샬람윔 묠러셔 않을 쟈릭갓 뷰죡깍코 좀 오래 걸뤽는 펀윕랴 투숙 꽈청위 앝쒸었눈떼 인휵뷰떠눈 다 좋았씁님닮. 닮움에 또 멂띱플렉수 하러 갊렴쿠오><"
