ID,output
TEST_0000,너무너만족 만족스러운 호텔이에요 부산에 오면 꼭 추천하고 싶은 곳이에요 최고입니다 ᄒᄒ 다음에 또 올 것 같아요
TEST_0001,프론트가 없고 조식도 없고요 일회 이국적인 사우나에 이 선 호텔이 잘 안 되는 느낌입니다
TEST_0002,진짜 불친절해요 살면서 머물렀던 호텔 중에 최악이었습니다 직원인지 사장인지 체크인할 때부터 친절함 1도 없었구요 3인 예약하고 주차 카운터에 체크인하러 갔는데 주차 카운터 직원분들이 엄청 친절하십니다
TEST_0003,뷰 맛집~~ 그런데 방음이 미쳤네요~ 옆칸 소음이 메아리쳤어요 옆칸 소음이 바로 옆에서 파도 소리처럼 들려서 잠을 못 잤어요ᄒ 그런데 뷰는 너무 좋았어요~~
TEST_0004,방 상태는 진짜 폐허 수준입니다ᄏᄏ
TEST_0005,광안대교 뷰 하나만 보고 갔는데 객실도 넓고 나름 깨끗했습니다! 제가 뷰가 안 좋아서 체크인할 때 겨우 해프닝이 있었는데 직원분이 친절하게 응대해주셔서 기분이 좋았습니다
TEST_0006,광안대교가 잘 보이는 숙소에서 편안하게 뷰를 감상할 수 있어서 좋았습니다 객실이 전체적으로 화이트 톤이라서 사진을 찍으면 더 화사하게 나오고 이불에 먼지가 묻어있지 않아서 깨끗하게 씻을 수 있었습니다 침구류도 청결해서 너무 좋았습니다
TEST_0007,절대 가지지 마세요 호텔 직원이 공공연히 불법 영업을 하라고 직원들이 교육받으라고 어처구니가 없었어요 교실을 짐들이 지배하는 불친절의 대명사입니다
TEST_0008,에인즈와 첫 여행이라 조금 아쉬웠지만 잘 쉬었습니다 샤워해요 퇴실 시간도 조금 주시고 와인도 서비스로 주셨습니다 직원분들 전부 친절하시고 상냥하셨습니다 방도 깔끔하고 침구류도 깔끔하고 좋았습니다
TEST_0009,두 번째 방문인데 너무 깔끔하고 오션뷰가 기장이에요 조식도 챙겨주시고 서비스도 너무 좋아요  광안리는 호텔 1이 최고입니다
TEST_0010,체크아웃 신간인 10시에 엘리베이터를 타는데만 40분 이상 걸림. 그래서 10시 40분에 방에서 나가야 될 정도였음
TEST_0011,별 몇 개도 아까운 숙소에 멋을 실컷 꾸며서 그냥 섰습니다 사장 폐업해줘서 만족한 곳입니다 찜질방 매트리스는 탁탁하고 음칫솔이 나옵니다 샴푸 린스 바디워시 바디워시 바디워시 바디워시 바디워시 바디워시 바디워시 바디워시 바디워시 바디워시 바디워시 바디워시 바디워시 바디워시 바디워시 바디워시 바디워시 바디워시 바디
TEST_0012,컴포트룸에 묵었는데 에어컨 TV에 몬선 버튼을 누르셔서 편히 쉬고 선탠까지 해주셨어요 특히 사람들이 많이 이용하는 시간대라 에어컨이 잘 안 켜져 있어서 불편했어요
TEST_0013,새로 생긴 것이지만 시설도 깔끔하고 바다도 뷰~~ 멋졌습니다 조식도 맛있고 깔끔했습니다
TEST_0014,정말 깔끔하고 조용하고 좋네요 특히 이용해서 뷰가 더 친숙하고 예뻐서 좋아요
TEST_0015,창문으로으로 바다가 보인다! 내가 묵은 방은 816호이며 2인실에서 2박씩 1인용 침대가 하납식 있다. 그래도 실내도 쾌적하고 좋았다
TEST_0016,뺨튈륨 괜찮았어요! 테라스랑 라운지도 있어서 좋았어요
TEST_0017,생각했던 것보다 바닷가 뷰가 깨끗하고 좋았습니다 특히 해운대역이오 후근넨 리뉴얼을 했다고 하던데요
TEST_0018,최근에 이런 최악의 여관은 처음입니다... 따뜻한 물이 나오지 않고... 난방이 된 것이 아니라서 숯을 쓸 때 숯을 살짝 넣었다 뺐다 합니다 숯 냄새도 너무 심해서 잠을 못 잤어요
TEST_0019,캠핑장은 직원분들이 친절하시고 샤워실 특이한 물도 잘 나오네요 캠핑장 근처에 시장통 시장도 가까워 한가로먀까지 완벽하네요
TEST_0020,너무너어요 진짜 숲속에 있는 느낌으로 친구와 와서 너무 만족합니다 사장님은 비록 난방이랑 전기장판이 너무 잘 되어있었어요 이런 데 오면 화장실이랑 샤워실 컨디션이 좋을 것 같아요
TEST_0021,2준 동안 엘리베이터에서 일행이 10명이였는데 엘리베이터를 5분 지연시키기도 최악이에요
TEST_0022,부산 여행 일정을 잡았고 여기저기 숙소 위치를 알아보다가 선택했어요 후기가 좋길래 추천한 곳이에요 숙소가 청결하고 간단한 것 같아 가성비 좋게 이용했어요
TEST_0023,광안리 해변이나 설악 등 좋은 호텔이 많지만 여기를 매번 방문하는 이유는 이곳을 보고 있으면 꼭 90년대의 해운대를 보는 듯한 느낌이 들어서입니다 작지만 오션뷰가 너무 좋습니다
TEST_0024,직원분들의 친절도나 룸 컨디션 등 여러 가지 면에서 훌륭하네요 장점은 해운대 바로 앞이라는 점 정돈이 필요해요
TEST_0025,깨끗하고 풍경이 아주 좋았어요 일본 야경도 있어서 대만족이었는데 일본 야경이 물바다가 물바다였고 횟집도 많아서 먹었어요
TEST_0026,수영장 물 관리 안 하시는 거죠 뷰 때문에 고생했었는데 바베큐장 안에 고기 비누가 없어서 구역질이 나더라고요 환풍기에 물이 다 빠져서 샤워가 안 됩니다 샤워실 물때가 너무 심해서 샤워가 안 됩니다 샤워실 물때가 너무 심해서 샤워가 안 됩니다 샤워실 물때가 너무 심해서 샤워가 안 됩니다 샤워실 물때가 너무 심해서 샤워가 안 되고 샤워실 문에 곰팡이 껴서 곰팡이 옴 화장실 시트에도 곰팡이
TEST_0027,서비스 응 응대 더 좋았음 아참에 무료 조식도입니다
TEST_0028,깔끔~ 주인 친절~ 주차장 무료 응대 짱~ ᄏᄏ
TEST_0029,장점:짬뽕 제고 욕조 있음 조식 제공 및 청소 상태 상의 수건 제공 단점:윳계 가이 권리는 절대 금액이 아니면 4시간 체크인 불가
TEST_0030,최고의 후 후기 잘 썼습니다 ᄒᄒ 로비 응대 미쳤습니다
TEST_0031,아늑니티 시설이 마음에 들지 않아 시설 대비 가격이 저렴합니다 예전부터 가성비는 좋은데 요즘은 시설이 낡아서 가격이 올라 갔습니다 그 외에는 만족합니다
TEST_0032,한국에닛스테이 호텔 체인점이 있는 줄 알았으면 친구에 이용했을 텐데 늦게 늦게 들어와 아쉬움이 남습니다 룸 컨디션은 나쁘지 않습니다
TEST_0033,신라스스떼의 부산 여행 후기입니다~~
TEST_0034,4층에 객실인데 뷰가 정말 좋습니다 저녁 먹고 나서 혼자 1박 2일 쉬러 갔는데 너무너무도 좋아서 다시는 안 오고 싶을 만큼 좋네요 걍 자고 싶을 정도예요
TEST_0035,초대! 다시는 가고 싶지 않음 다음 날 아침입니다
TEST_0036,평이 좋은 덴 다 이유가 있네요 친절하고 깨끗했습니다 댐만족이었습니다
TEST_0037,뷰가 정말 예뻤어요ᄏᄏᄏᄏ
TEST_0038,토요기 있어 방문했습니다 음식과 조식이 되는 호텔 내부 식당에서 직원분들이 친절하시는 느낌이 없어서 아쉬웠습니다
TEST_0039,바다 앞이라 좋았고 객실도 깔끔했어요 그런데 프론트 남자 직원이 너무 안 좋아서 계단 아래에 물건이 없어서 아쉬웠어요 ᄏᄏ
TEST_0040,서비스도 너무 좋았고 다들 친절하고 방이 넓다는 것 빼곤 좋았어요 그리고 글라스테이 커피도 로비엔 너무 예뻐요
TEST_0041,뷰도 청결도 최고였습니다 ᄏᄏ
TEST_0042,직원분들이 친절해서 좋았음
TEST_0043,최고급 호텔은 아니지만 바다가 가까워서 좋았어요 사장님 내외가 너무 친절하셨어요
TEST_0044,지은 지 얼마 안 되어 노후된 듯하네요 수영장도 그런 것 같아요 그 외에 다른 이유로 우직되는 자쿠지가 좋아요
TEST_0045,너무 좋어요 시설도 깨끗하고 침구도 깨끗해서 만족 만족이었습니다 다음 여행 숙소도 여기 예약하고 싶어요
TEST_0046,시설이 시설에 비해서는 흠잡을 만한 곳이 없고 직원분들도 너무 친절해서 기분이 완전히 좋아지는 여행이었습니다 특히 뷰는 그야말로 대만족이었네요 그리고 직원분들이 너무 친절하셔서 너무 좋았습니다
TEST_0047,웰컴 뷰와 캡슐 캡슐 커피 향과 조식 좋았고 뷰가 좋았음 라운지 뷔페도 좋았고 추가 제공되는 음료 디저트가 맛있었습니다 연휴 기간 방팅도 즐거운 시간이었습니다
TEST_0048,완전 신축 신축! 완전 색채! 완벽한 색채는 아니지만 리모델링이 되어 오래된 느낌이 아예 느껴지지 않았어요 테라스 바와 부엌 등의 가성비가 좋은 것 같아요
TEST_0049,시설이 깨끗하고 침구류도 청결했습니다 ᄒᄒ
TEST_0050,글램핑장 바로 옆 민가에서 밤 12시까지 시끄럽게 술 마시고 잤는데 술 먹고 소리 질러서 잠이 다 깼습니다 그래서 아침 일찍 일어났더니 고함을 질러대고 쿵쿵거리는 소리에 잠을 못 잤어요
TEST_0051,여행에 편안함을 주는 숙박 장소로 매우 만족했습니다 다른 깨끗하게 정리되어 있으며 객실에서 보는 전망도 아주 좋았고요 일하시는 분들이 항상 친절하셔서 너무 좋았습니다
TEST_0052,뽁군하니 쾌적하고 룸 컨디션 맘에 와욕~ᄏᄏ
TEST_0053,엄청 오래된한 모텔입니다 그런데 뷰가 미쳤고 온수가 잘 나와서 좋았어요
TEST_0054,해운대 바로 바로 앞이라 위치가 강렬하고 객실은 깔끔하고 괜찮지만 루프탑 수영장은 무료(3만원)이나 되며 특히 이용할 만한 부대시설이 없어서 객실만 이용하기에는 불편함
TEST_0055,오션뷰 디럭스룸은 1층 벽에 고정된 벽이 마음에 듭니다 호텔 축 맞닿아 있음이 맘에 드는 오션뷰는 아니어도 골목 안에 있는 오션뷰는 좋습니다
TEST_0056,뷰 맛집입니다 뷰 맛집입니다 ᄏᄏ
TEST_0057,익 호텔 호텔 처음 지을 때부터 와봤고 최고에는 해에 친구들처럼 지인이 오면 묵게 하고 싶어 하고 방 잡아야 하고 하는 등 가성비 좋은 호텔로 이쁨을 인정받고 싶었다 다음에 부산에 오면 또 묵고 싶다
TEST_0058,남산 뷰도 좋고 호텔은 좋은데 주변에 먹거리와 놀거리가 없어 애매합니다 저희는 가까운 곳을 네고 동대구로 가려고 합니다 조식은 만족스럽지만 룸 컨디션이 안 좋습니다
TEST_0059,뷰 맛집이고 광안대교 뷰 최고 다음에 또 오고 싶어요
TEST_0060,안 청결함~ 화장실 바닥에 머리카락이랑 먼지가 있었음 옆방이 놓고 간 튀셔추도 팔건대 물로 잘 안 씻는 곳인지 모르지만 전체적으로 화장실도 안 된 것 같음 룸 컨디션도 별로 안 좋음
TEST_0061,너무 예쁘 보이고 뷰가 최고예요 여름부터 실내화 신경 쓰시는 것도 깨끗하고 좋은 것 같습니다 룸바도 가봤는데 루프탑도 너무 좋았어요
TEST_0062,오늘 중에 중에 가장 마음에 드는 곳이라는 칭찬합니다 덥지도 깔끔하고 객실 내부도 깔끔하니 좋아요~
TEST_0063,해운대 바로 바로 앞이라 위치도 좋고요 전용 주차장도 가까워서 주차하기도 편합니다 6층이 로비여서 체크인 시 로비충을 부를 필요도 없습니다
TEST_0064,부산 방문 때마다 이용합니다 매일 청결도 해주시고 물샐러드 수건도 많이 챙겨 주십니다 특히 방이 넓어 진짜 좋아요ᄒᄒ 남포동 근처랑 포차 거리도 가까워요
TEST_0065,호텔의 시설은 예쁜 응대로 시켰고 침대에서 5시간 동안 저와 남편이 묵은 방은 14층이었는데요 아랫층까지 함성을 지르며 ᄒᄒᄒ 센텀시티역 바로 앞에 있어요 ᄒᄒ
TEST_0066,위치가 아주 좋고 서비스가 좋습니다  엘리베이터가 아쉬움 ᄏᄏ
TEST_0067,"일단 예약 예약 시 할인된 가격이 54,000원이니 예약 후 일주일에 130,000원으로 깎여서 기분이 안 좋았으나 방 청소 상태가 나쁘지 않아서 그냥 결제했습니다 803호 4인실을 예약했는데 방 안에 이불을 깔고 누워서 누워서 누워서 누워서 누워서 누워서 누워서 누워서 누워서 누워서 누워서 누워서 누워서 누워서 누워서 누워서 누워서 누워서 누워서 누워서 누워서 누워서 누워서 누워서 누워서 누워서 누워서 누워서 누워서 누워서 누워서 누워서 누워서 누워서 누워서 누워서 누워서 누워서 누우"
TEST_0068,가성비 최고 오션뷰 최고 오션뷰 최고 캠핑이 많은 게 장점입니다
TEST_0069,센트라스웨이에 갔는데 괜찮았어요 근데 묵는 것보다는 별 문제 없었는지 좀 침울할 때가 없었어요 침대에 누울 때 머리카락이 푹 빠진 게 아쉬웠어요
TEST_0070,방도 좁고 답답해요 자는 데는 좋은데 사람이 너무 많아 지저분한 것 같아요
TEST_0071,사장님이 번창하세요~~
TEST_0072,초하급인데 벌써부터 이러면 안 되예요~
TEST_0073,요즘 가고 가고 싶은 호텔 위치도 최고입니다
TEST_0074,스탠다드 더블로 1박 했는데 여기는 여기에 가지 않을 것입니다 서울 여행 한 달 전에 휴가 갔을 때 다녀봤는데 이 난리라서 매우 불편할 정도로 뷰가 안 좋습니다 룸 컨디션도 나쁘지 않고 깔끔합니다
TEST_0075,지하철역에서역에서 내려요 바로 앞이었어요 DDP까지 몇 발짝만 가면 되고요 걸어서 광안대교까지 15분 정도 위치도 너무 좋고 시설도 깨끗해요 직원분들도 친절하시고 방도 넓고 쾌적합니다
TEST_0076,스위트을 먹었는데 맛이 최고예요 ᄏᄏᄏᄏ
TEST_0077,추억의 평이 너무 이쁜데 바다가 마음에 들어오는 전경이 너무 예뻤어요~~~ 생각보다 방도 크고 좋았네요
TEST_0078,가족들과 부산역 일대 맛집 투어를 했는데 위치가 좋고 조식을 주셔서 너무 좋았어요~~ 창위에서는 어르신들 친지 분들 계신 곳 짱짱~~~~~~~
TEST_0079,환상적인적인 뷰 말로는 표현할 수 없는 뷰를 소개하는 곳이라 무척 당황스럽다 꼭 필요한 곳입니다 너무너무 만족해요
TEST_0080,접근성도도 좋고 깨끗하며 깨끗하네요 ᄏᄏ
TEST_0081,위치와 실외 수영장이 매우 만족~~ 수영장이 작긴 하나 물도 따뜻해서 실외 수영장 깨끗하네요
TEST_0082,토요일로 주중에 갔는데 그간 변변한 숙소가 없어 더 이상 고민하던 중에 우연히 알게 된 숙소가 생각납니다 원래 그 근처에 있던 모텔을 한 번쯤은 가봤어야 할 것 같습니다
TEST_0083,어려 호텔을 가봤지만 굴류혹텔만큼 가성비가 괜찮았던 곳은 손에 꼽는 것 같아요 컨셉도 다른 호텔과 달라서 예약하게 되었어요
TEST_0084,1홈 라인의 엘리베이터 옆 방 받으시면 이용하셔도 청신호 뷰 맛집 같아요 ᄏᄏ 참고하세요~~! 저는 801호를 이용하고 왔는데 이용 시간이 길지 않아 아쉬웠어요
TEST_0085,정말 저렴한한 가격과 직원분들 친절! 간단한 요리 해먹을 수 있는 주방 도구 제공 및 침구류 청결 및 냄새 안 나고 전체적인 위생은 만족스러웠습니다
TEST_0086,뷰가 너무 좋았어요 방도 청하고 혼자 묵었는데 안성효주였습니다
TEST_0087,뷰리도 넓고 아이들이 뛰어놀 수 있는 공간이라서 너무 뷰가 좋고 전기도 따뜻합니다
TEST_0088,새 건물이라서 깨끗하고 착한 사장님이 친절하시고 좋았어요 바다뷰도 잘 보이고 바람이 많이 부는 날에도 일출도 잘 보여서 최고였습니다~~
TEST_0089,공용 오션뷰에 감탄할 게 많아요 ᄏᄏᄏ
TEST_0090,가지 마세요~ 2~3층 전망대로 예쁘게 예쁘게 꾸며져 있던 가짓수로 인해 고민했는데 당일 날 비가 오글오글 내리라고 미리 알려드리는 곳이고 주차비 2만 원 받음
TEST_0091,객실은은 말 그대로 뷰지만 엘리베이터를 타면 전 다 거짓말입니다
TEST_0092,뷰도 뷰지만 일단 위치가 부산 관광지 근처라서 바닷가와 가까워 편안했어요 근처에 맛집도 많고 바로 앞에 맛집도 있어서 편했어요
TEST_0093,부산 여행 중 머물렀던 곳인데 룸 컨디션 뷰라기보다는 레일바이크가 만족스러웠습니다~~
TEST_0094,날씨가 너무 너무 예뻤어요~~
TEST_0095,덕 후뷰 장점 뷰펜은 만족스러웠는데 이그제큐티브보다 조식은 그럭저럭 라운지를 주는 것이 인상적이었다 그러나 그 외 호텔 중 제일 친절하고 서비스도 좋았다
TEST_0096,방람 뷰는 너무 친숙하시네요~ 어메니티는 본적이 없네요~ 어메니티입니다
TEST_0097,프론트 응대가 안 되고 인터넷이 안 된다고 해도 시원하지 않네요 ᄏᄏ
TEST_0098,가성비가 별로 안 좋음 그런데 직원분들은 불친절하고 침구류도 그냥 딴 데 가세요
TEST_0099,32층 타입의 야경이 너무 예뻐요  로맨틱한 전철여행입니다
TEST_0100,제일 낮은 사람인데 체크인할 때 안경 쓴 나이가 좀 있어 보이는 남성분이 일상으로 친절하게 안내해주셨어요 감사합니다 침대를 놓고 와서 천진하게 응대해 주셔서 좋았습니다
TEST_0101,별 하나도 아깝네요 이 여름엔 에어컨 곰팡이가 지저분하게 부어 있어 청소 좀 부탁했더니 어떻게 청소를 하는지 곰팡이가 잔뜩 있었고요 곰팡이가 너무 심해서 잠을 못 잤어요
TEST_0102,크담 건해지지 않고 잘 지은 곳입니다
TEST_0103,여자친구랑 평일에 급하게 바다가 보여서 또 먹었고 오작동 날긴 된 것 같아서 오전에 숙박 예약 안 하고 밤늦게 도착해서 새벽까지 기다렸더니 입실 1시간 전에 도착했더라고요 ᄒᄒ 다음에 또 오고 싶어요
TEST_0104,남자로 위치한 중앙시장편으로 방이 휘어져 있을 수 있는 이퓨 환불제를 받으러 펜션에 전화를 했지만 정확한 답변을 들을 수 없었습니다 문의사항에 대한 답변도 없이 전화를 끊어버렸습니다
TEST_0105,괜찮은 진짜 이 가격에 오는 것 다 오션뷰인가 봐요 진짜 오션뷰인가요 깔끔하네요
TEST_0106,분위기 너무 너무 좋고요 주말이라 바베큐랑 뷔페 등이 준비되어 있어서 너무 편하고 좋았어요 잘 때도 추지도 않고 따뜻하게 잘 자고 왔어요 다음에 또 오고 싶은 곳입니다
TEST_0107,친절한한 직원과 루프탑 바기는 하지만 깔끔하고 아이들과 숙박하기 좋음
TEST_0108,오션뷰 방에 묵었는데 뷰는 정말 좋았습니다 리뉴얼한 방이라 그런지 개인적으로는 최고의 선택지였습니다 청결도 잘 되어 있고 편안하게 머물다 갈 수 있었습니다
TEST_0109,로비가 2인인데 엘리베이터 타지 않고 건물 웹 사이트에서 타세요 엘리베이터 진짜 속 터집니다
TEST_0110,신라스스떼의 국내산 시설이 아주 좋네요 조식도 아주 훌륭하구요 다만 부산역과 시내에서 좀 가까운 곳에 위치해 있어 불편해요
TEST_0111,삼척 야군장 가기에 숙소가 있어서 좋았고 시설과 직원분들이 친절해서 만족하고 갑니다
TEST_0112,다음에 좋은 예정인 곳이라면 더 좋겠어요 ᄏᄏ
TEST_0113,부산역과 접근성이 좋고 시내라도 가깝지 않아 선택했는데 너무 만족합니다 침구류와 샤워실도 깨끗하고 샌드위치 조식이 엄청 깔끔하네요 아늑하고 조용합니다
TEST_0114,캡션 전체적으로 영도대교 방면 시티뷰 객실 배정 받았습니다. 프론트로 최악이 선택되었습니다 주차나 숙소 등 다른 것 다 중요하고 4성급보다 조금 작습니다
TEST_0115,너무 만족스러웠습니다 웅장하며 1점을 뺏지 않는 직원분들의 초특급 서비스와 맛있는 룸서비스 그리고 멋진 뷰에 감동받은 객실 분위기도 너무 좋았습니다
TEST_0116,바다는는 좋은데 가보니 너무 좁음 ᄏᄏ
TEST_0117,이 평 왜 평점이 낮은지 알 것 같음. 1. 정말 깨워줌. 전기장판이 약했으니 서눈으로 치워줌 2. 청결해요
TEST_0118,뷰뉘가 좋습니다 많은 사람이 찾아서 품는 상태였습니다 특히 수영장이 마음에 들었습니다 주변에 편의점이 없어서 멀리 다녀왔습니다
TEST_0119,서비스가 먼 노후되었습니다 2인 조식 포함으로 예약하고 나서 혼자 체크인하는데도 불구하고 조식 쿠폰을 한 장만 줍니다 안마기도 안 쓰고 조식 쿠폰을 한 장만 줍니다 조식 쿠폰을 한 장만 줍니다
TEST_0120,2인실입니다 샷실 가격만 생각나고 갔는데 가격만 생각하고 갈 것입니다 첫 번째 다른 분들처럼 다른 모텔을 예약해 놓으실 분이셨고 두 번째 분들은 다른 모텔에 묵으시길 바랍니다
TEST_0121,"우리 집 호텔 더 유명한 곳만 네세운은 아니었어도 고객 불친절에 대한 보상실, 아고다 측의 환불 요청에 문제가 많다 당일 숙박을 포기한 후 예약 시 체크인 시 체크인 직전에 체크인 직원은 불친절하다 체크아웃 직원은 불친절하다"
TEST_0122,뷰는 망망대해와 맞닿은 오션뷰입니다
TEST_0123,7만 원에에 대한 호캉스 ᄏᄏᄏ
TEST_0124,와우 마티에 오시라아에서 최고 인생 첫 번째 호텔이라서 최악의 경험을 했습니다 첫인상은 간단합니다 오늘 밤과 저녁에 더블룸이 딸린 더블룸과 더블룸이 딸린 더블룸과 더블룸이 딸린 더블룸과 더블룸이 딸린 더블룸과 더블룸이 딸린 더블룸과 더블룸이 딸린 더블룸과 더블룸이 딸린 더블룸이 딸린 더블룸과 더블룸이 딸린 더블룸과 더블룸이 딸린 더블룸과 더블룸으로 나뉘어져 있더군요 잠옷 입으면 침대는 인
TEST_0125,광안대교가 너무 예쁘고 하기 좋은 숙소여서만 보낼 만큼 만족스러워요! 직원분들도 친절하시고 방도 깨끗해서 힐링 여행 잘 하고 갑니다
TEST_0126,지하철 바로 바로 앞이라 갈 수 있었고요 직원분들이 친절해서 좋았어요
TEST_0127,왠만한한 오성급 호텔의 연회장보다는 높은 수준입니다 너무 좋은데 약간 평이한 호텔이군요 와인은 호텔이랑 단비가 높지만 괜찮은 것 같아요
TEST_0128,토요찐쿠가 한국에 와서 밥 사줄 겸 방문했는데 좋았어요 ᄏᄏ
TEST_0129,일단 비즈니스니스 호텔인데 그냥 시설 좋고 깔끔한 모텔이라 생각하시면 됩니다 위치는 서면 복도로 제일 끝머리 쪽이고 주차는 타워형입니다 그 외에는 특별한 게 없습니다
TEST_0130,가격 대비 만족스러운 시설임 깔끔한 침구와 화장실 시설 및 건물 천장은 깨끗하지만 약간 리모델링해서 깨끗함 및 1층에 편의점이 있어서 편리함
TEST_0131,호텔뷰 9만원인데 이런 뷰는 곧 여긴 여기로 없을 것 같아요 위치도 해운대 바로 앞이고 맛집이라 편리하고 깔끔한 편이라 산책하기도 좋아요
TEST_0132,방음제로 인해 비슬 써는 소리 쿵쿵거리는 소리 쿵쿵거리는 소리 쿵쿵거리는 소리 온갖 잡소리가 다 들려요 오늘 아침 6시에 숙면 취소 되나요
TEST_0133,저녁 7이 다 된 식당에 토스트를 먹었어도 건조하고 청소가 끝나지 않은 방의 키를 충전할 수 있었고 이 키를 충전하는 직원들의 태도도 인상적이었습니다 재방문 의사가 있습니다
TEST_0134,호텔이 아니니 본의 아니게 사진은 도 있는 건데요 저번 시즌에서 해운대를 이용할 수 있는 하남만으로도 충분히 좋았어요ᄒ
TEST_0135,기계식 주차 타워라서 SUV굽 이상 차는 고목에 고래고래 걸어서 5분 정도 되는 곳에 있는 공터에 세워야 되는데요
TEST_0136,불친친 근 최악임 ᄏᄏᄏᄏ
TEST_0137,위치가 좋고 깨끗하며 깨끗하다
TEST_0138,숙소가 깔끔해서 매우 마음에 들었고 지하철역에 가까워 교통도 좋고 주변에 맛집도 많아서 추천입니다
TEST_0139,지난 2월 말경 펜트하우스에서 숙박했어요 그럭저럭이 넓어 부산 갈 때마다 이용하는데요 휘닉스파크에서 머물렀어요 저녁은 너무 맛있었구요 ᄒᄒ
TEST_0140,옛날 있어서서 들어왔고 호텔은 거미줄이고 외부에 한해서 지저분합니다 4층 카페 자리가 없다고 해서 내려갔더니 3층 입구에 계신 분은 포차하시라고 해서 4층으로 내려갔습니다 2층에 계신 분은 포차하시라고 하셔서 2층에 계신 분은 포차하시라고 하셨습니다 2층에 계신 분은 포차하시라고 하셔서 포차하시라고 하셨습니다 2층에 계신 분은 포차하시라고 하셔서 포차하시라고 하셨습니다 2층에 계신 분은 포차하시라고 하셨습니다 2층에 계신 분은 포차하시라고 하셨습니다 2층에
TEST_0141,넷마버에 리뷰가 사라지고요 ᄏᄏᄏ
TEST_0142,직원분들도 친절하시고 룸 컨디션도 좋아요 ᄒᄒ 무엇보다도 뷰가 좋았어요 ᄒᄒ 조식도 맛있었어요
TEST_0143,맘에서서 지인과 함께 왔어요 힐링녹색비치 호텔. 근처에 위치해서 뷰도 좋고 모든 시설이 깨끗하고 정갈하며 여러 명이 와서 파티도 할 수 있을 정도로 넓고~ 너무 좋았어요
TEST_0144,룸 컨디션: 5성급보다 더 시끄러움 주차: 최악 1박당 15000원 조식: 핵쉼정킨 품들은 다 있음 큰 평수 대비 방 크기는 작음
TEST_0145,차를 가지고고 카니발에서 도보 특가 아닌 일반 일정을 소화하고 예약을 했는데 도착하기 전에 주차비를 내라고 하더군요 주차비가 따로 있었으면 주차비를 내라고 하더군요
TEST_0146,오션 뷰로 다녀왔는데 방이 넓고 바로 앞 해수욕장이고 위치도 너무 좋았습니다 조식도 괜찮았어요 조식 안내해주는 뷰는 불친절하다
TEST_0147,여기다 준 호텔인데 주인님이 친절하시고 친절하시고 생수 안은 조식도 간단하구요 강릉역도 도보로 가능하고 다음에도 강릉 방문할 예정입니다
TEST_0148,호텔 아니고 아니고 모텔 느낌임. 화장실 문은 반투명이고 잠그는 능력 없는 것 같아요 그래서 샤워기 계속 켜서 진쿨랑 갔는데 민망했다 그래도 모텔 느낌은 아니었고 모텔 느낌은 아니었음
TEST_0149,다들 그랬었어요 첫날 아이가 태어나서 조식을 먹었는데 어머니가 별로 안 맛있게 먹으셨어요 특히 한식 뷔페가 가짓수가 대박이에요 다음 날 아침 라운지 바에서 조식을 먹었는데 너무 맛있었어요 룸 컨디션도 너무 좋았습니다
TEST_0150,조식 시작부터 부산 갈 때마다 여기서 묵는당~
TEST_0151,다 좋은데 화장실에 냄새가 심했네요 ᄏᄏᄏ
TEST_0152,뻑 맛집 투숙객 전용 캡슐 커피 푸드는 깔끔한 벽 뷰가 훨신 나옴 시설 이 정도면 괜찮은데.. 씹품 이 가격에 위치 찾기 힘들어서 약간 아쉬움 칫솔 치약 바디워시 바디워시 바디워시 바디워시 바디워시 바디워시 바디워시 바디워시 바디워시 바디워시 바디워시 바디워시 바디워시 바디워시 바디워시 바디워시 바디워시 바디워시 바디워시 바디
TEST_0153,방음이 최악이고 방마다 거울이 두 개뿐이라서 비치되어 있는 거울이 뜯김이 시퍼렇다면 새벽에 무슨 일이 있을 줄 알고 깜짝 놀래서 기다렸음 TV만 켜놨는데 열이 올라서 잠을 못 잤음 룸 컨디션도 최악이었음
TEST_0154,에어컨이 인원으로 관리되는데 요즘 로봇 있습니다 저 웅태 맹누들처럼 말로만 웅대합니다 말투에 알몸이다 실타래라는 적혀 있어서 알몸인지 실타래인지 헷갈립니다
TEST_0155,최악의 호텔텔이다! 피하세요오! 서비스가 최악입니다
TEST_0156,사장님 엄청 친절하세요 그리고 추천해준 재래시장 구경하고 횟집도 다 맡으셨고요 테라스에서 놀기도 좋고 시설도 깔끔한 편이었습니다 다만 샤워실과 샤워부스가 분리되어 있어서 샤워가 안 되는 게 아쉬웠어요
TEST_0157,정말 푹 잘 쉴 수 있었어요! 통유리로 되어 있어도 전혀 보인이 안 되고 너무 전화도 완전 잘 되어 있어요
TEST_0158,깨끗하고 편의 시설이 잘 되어 있어 좋았어요 최근 가성비 덕분에 호텔 투숙하기 오션뷰렴 매우 만족합니다
TEST_0159,리모텔을 하신 분인데 이 가격에 이런 청결함을 보니 방 끄깅 및 욕실 끄기도 가능하고 캄캄한 느낌이었음
TEST_0160,알지에서에서 예약하고 당일 오전에 도착해서 새벽 1시까지 다 되어 도착했습니다 체크인하고 방에 들어가서 침대에 없었는데삑삑 소리나서 깜짝 놀랐습니다 룸 컨디션도 나쁘지 않았습니다
TEST_0161,어쩌저버지에 이상한 블라인드를 방문할 때 가성비 쿼터쿼터가 빠져서 바닥이 뻥 뚫린 거 봤는데 냉장할 때 보니 안에 이상한 블라인드들을 봤는데 저거 빼곤 다 좋았어요 ᄏᄏ
TEST_0162,말 안 안 되는 것 찾기가 더 어려워짐 ᄏᄏ 흠잡을 데가 없는데 갈 때마다 좋아짐
TEST_0163,분위기도 좋고 수영장 족욕이랑 청결 다 괜찮아요 뷰도 탁 트이고 한강까지 날아갈 듯 보이는데 방음이 진짜 좋았어요 옆방 소리 귀찮게 하는 소리까지 다 들리네요
TEST_0164,호텔은 직원분들의 서비스에 따라 다를 거라고 생각했는데 호텔 1은 오자마자 직원분이 엄청 친절하시고 친절하게 알려주셔서 좋았어요 방의 컨디션도 굉장히 좋았습니다
TEST_0165,이 고뷰는 별로라고 말할 수 있겠음. 아침에 침 사들고 나오는데 여자들은 사람이 사람을 부르고 몇 대 쿵쿵거리고 계속 시끄러움 옆방에서는 문 닫고 소리 질러대고 옆방에서는 소리 질러대고 옆방에서는 소리 질러대고 옆방에서는 소리 질러대고 옆방에서는 소리 질러대고 옆방에서는 소리 질러대고 옆방에서는 소리 질러대고 옆방에서는 소리 질러대고 옆방에서는 소리 질러대고 옆방에서는 소리 질러대고 옆방에서는 소리 질러대고 옆방
TEST_0166,제가 작 때문에 여기서 조식을 올렸는데 1달 전부터 지금껏 찍은 엘피지 주중 안 되어 있습니다 처음엔 속았음 다음 날은 속지 마세요
TEST_0167,뷰가 좋고 뷰가 좋은 호텔과 뷰가 좋은 호텔을 선택합니다 ᄏᄏ
TEST_0168,직원분들이 아주 친절하시고 친절하고 편하게 잘 쉬었습니다
TEST_0169,광안대교 오션뷰를 즐길 수 있는 곳입니다
TEST_0170,편하게 잘 묵었습니다~ 가성비도 훌륭했어요~
TEST_0171,해운대역이뷰가 너무 아름다운 곳이에요 ᄒ 부산역이 아니라 바다뷰만 있었네요 윅스튜디오와 건 조류도 너무 없어요~ 평일인데도 줄 서서 음식이 나오길래 기다렸어요
TEST_0172,방이 크고 복층인데다가 통유리라서 바다가 아주 잘 보였어요 또 호텔처럼 꾸비풀도 다 있었네요
TEST_0173,아이들과 부모님들과 너무 좋았습니다~
TEST_0174,오션 여행은 호캉스라 했는데 왜 호캉스에 나오는 사람을 부르는지ᄏᄏ
TEST_0175,객실이 깔끔합니다 뷰가 정갈한데 벨벳은 더러웠습니다
TEST_0176,제가 가본 펜션 중에 최고였던 것 같아요 다음엔 트레블이라니..... ᄒᄒ T5에 묵었는데 바다 전망이 정말 좋고 침대가 동백꽃이라 정말 푹신하고 좋았어요 ᄒ 사장님이 신경 많이 쓰신 것 같아요
TEST_0177,뷰랑 페니실이 정말 최고였어요 냉장고 간식도 맛있었어요 부산에 다시 가도 또 숙박하고 싶어요 단 하멜이 단골이라고 하면 샤워실이 조금 좁아질 수 있으니 참고하세요
TEST_0178,광안리 근방에 있는 호텔이라서 직원들의 서비스도 좋고 객실에서는 뷰와 루프탑의 전망이 정말 좋았어요 그리고 사진 찍을 곳이 많아요
TEST_0179,"주차장에 안 되는 거냐고 물어보지만 선풍기로 로비 가는 것이 힘들어서 샤워하는 거신 좋았을 듯합니다 체크인, 해피 아워 해피 아워 각 세면대가 많은 것 빼곤 다 좋았습니다"
TEST_0180,"진짜 다들 호캉스 겸 호캉스로 예약했는데 추찬 환풍, 뷰 음식 정말 최고예요 율리 아이들도 여기 추천하고 싶구요 호캉스!"
TEST_0181,여태 모텔 느낌으로 1층 입구부터 상가가 있어서 꿉꿉한 냄새가 나고 룸 청소 상태 여느 모텔과 다를 게 없을 듯
TEST_0182,주차장이 뷰에 있어서 조금 불편했는데 뷰 하나로 모든 게 용서가 됩니다 저 근처 호텔 중 최고입니다 가족들은 언제 더 좋냐는 생각이 드네요 시설도 깨끗하고 직원분들도 친절하십니다
TEST_0183,무엇보다 깨끗 깨끗해서 좋았습니다 화장실도 깨끗해서 너무 맘에 들었습니다~ 올 때마다 주차하는 것도 편했고 사장님이 신경을 많이 써 주셔서 너무 좋았습니다~~ 다음에 또 이용할게요
TEST_0184,직원분들이 엄청 친절합니다~ 뷰도 좋아요~ 방음은 중간 정도입니다 안 들리는 건 아닌데요 또 엄청나게 먹으러 다니진 않아요~
TEST_0185,"가족 여행 휴식 시간 오후 12시에 가서 먹었는데요 특히나 맛없어도 특별히 맛없어도 괜찮은데 특히나 기대보다 많은 게 없네요 점심 가격이 35,700원이라 저렴하게 먹을 수 있어서 좋았습니다"
TEST_0186,방 사이측이 너무 좁은데 방음도 안 됩니다 이 가격에 호텔 맡는지 궁합니다 ᄏᄏ
TEST_0187,호캉스 하기에 추천합니다~ 가격대가 있지만 서비스가 좋고 뷰가 좋고 화장실이  넓음 추천
TEST_0188,침구도 넓어서 아주 좋았습니다 ᄏᄏ
TEST_0189,깔끔해요 라운지 서비스도 좋고 친절하세요~
TEST_0190,새로 지어서 시설이 깔끔하고 청결 상태 좋음 내 방도 창문 열지 않은 방이지만 창문 열어놓고 예기하면 어느 방에서 예기하는지 알 수 있을 듯
TEST_0191,장점 은 저렴하고 청결함 단점 단점 칫솔과 린스 바디워시 등이 캔 크기가 같아서 보기 힘듦. 냉장고도 넉넉하지 않아 냉장고 온도 조절이 잘 안 되는 것 같음
TEST_0192,뷰가 너무 아름다운 호텔이었어요 푹 쉬다가 갑니다
TEST_0193,성수기이었는데 가성비도 너무 좋고 뷰도 너무 예뻤어요 잘 쉬다가 갑니다 직원분들도 다들 너무 친절하세요
TEST_0194,사장님도 친절하시고 방도 침구도 깨끗해서 좋았어요 단 한 가지 더블룸 샤워실에서 샤워하면 문이 좀 닫혀 있어요
TEST_0195,국내 어디 다른 5성급 호텔들을 이길 게 단연코 단점이라면 룸 룸 타입보다 방이 넓고 화장실도쿰쿰하며 최상의 컨디션이 아님
TEST_0196,15년 전 처음 숙박할 때가 가장 좋았다 뷰가 더할 나위 없이 좋았고 특히 침대가윕에도 내가 좋아하는 탄탄한 매트리스로 푹 잠에 도음됨 이불이 세 개였는데 인테리어도 화이트 톤이라서 그런지 침대에 머리카락이 하나도 없었고 샤워부스도 깨끗하게 유지되어 있었으며 침구류도 청결하고 쾌적했음
TEST_0197,여긴 하우스라이스는 수영장이 아닌 것 같네요~ 무슨 리조트인 것처럼 앞에 수영 모드로 온 사람이 많았어요 ᄏᄏ 내부는 바깥보다는 바깥이 더 좋을 것 같아요
TEST_0198,내부 시설 시설과 건물 모두 깔끔합니다~ 화이트 톤의 일출과 함께 가성비가 좋아서 추천합니다~
TEST_0199,메트스텔 후기예요 후기로 떠들썩했어요ᄏᄏ
TEST_0200,새 건물물이래요 ᄏᄏᄏᄏᄏᄏ
TEST_0201,위치가 정말 좋습니다 칙스님이 친절하고요 방도 깨끗하고요
TEST_0202,펜션도 좋고 사장님도 친절하시고 너무 깨끗했어요~
TEST_0203,알준 좋은 곳입니다 조식도 맛있네요  가성비 최고입니다
TEST_0204,간단하게 부산에서 친내 코를 찾고 있었는데 사실 제가 너무 마음에 들었네요 4층이었는데 바로 앞의 해수욕장이어서 뷰도 너무 좋았어요 가격도 착하고 좋았습니다
TEST_0205,뷰는 좋고 전에 가본 곳과 시설들이 상당히 깔끔하고 좋음 그러나 최상급 호텔이라 하기엔 어설픈 부분이 너무 많고 너무 많았다 직원들이 그런하지 않고 친절하게 대해 주셨으면 좋겠다
TEST_0206,뜨내기이 짝았다 갔다 왔습니다 별이 없네요 냄새는 조금 났으나 뭐 4성 호텔도 아니고 침구 깨끗하고 괜찮네요 조식은 안 하고 싶으시다면 드셔보세요
TEST_0207,일단 호텔 안에서 바라보는 광안대교가 너무 멋져요~ 오션뷰 최고예요 우선 커튼이랑 소파 때문에 너무 잘 못 자서 걱정했는데 너무 잘 쉬다 갑니다
TEST_0208,깔끔해서 저렴하게 하였어요 후기들이 괜찮아요 생각보다 해운대 데이트가 있어요
TEST_0209,빈티니티 짜 3일 연박을 하면서 기본에 부족한 점을 많이 느꼈습니다 혹시 한국 분이 들어온다면 다른 호텔에서 친절하게 추천합니다 식당에 없으신 분들은 모텔에 가세요
TEST_0210,시설은 최악은 아니지만 관리가 아주 잘 되어 있어서 전혀 문제가 없어요 프론트 직원분 친절하세요 조용합니다 바람이 너무 세서 잠을 못 자겠어요
TEST_0211,오호 일회용 기기 전에 잠깐 눈 좀 뜨이시고 숙박도 전에 해보고자 여러 숙소를 다녀봤는데 여기만 해치우던가. 아놀드랑 네이버 숙소도 숙박비 29000원이었는데 아놀드랑 네이버 숙소 다 좋았음
TEST_0212,모든 분들이들에게 추천하고 싶은 곳입니다 ᄏᄏ
TEST_0213,새 호텔이 아님을 알았다면 정말 메리트가 없는 것 같아요~ 다행히 직원분들이 모두 친절하셔서 별점 망우에 들었어요ᄒᄒ 제가 원했던 1박 가격 12만원을 받았는데 너무 만족스러웠습니다
TEST_0214,바다뷰뷰와 오션 뷰를 겸한 오션 뷰~ 하버뷰도 와우~
TEST_0215,다른 캠핑장 다녕요단 좋아서 사전 예약 후 방문. 별점만 보면 절대 가면 안 되는 곳인데 손님들이 작기만 하면 되는 곳이 아닌가 싶다 별점 1점 주고 싶지 않다
TEST_0216,막 입실했는데 바닥에 음식들이 널려 있는 게 제대로 있어서 한번 밖에 나가서 말렸는데도 그대로 있었고 샤워룸 물 빼는 것도 어마어마했어요 침대가 너무 딱딱해서 잠을 못 잤어요
TEST_0217,호텔에서 숙박버스를 타고 6시간이나 여행해서 입구부터 라운지와 4층까지 고속버스로 수는데 불쾌하게 온 사람들랑 다른 엘리베이터를 타고 다녀야 하는 불편함이 있었어요
TEST_0218,재방문하고 싶지는 않네요~ 후기를 잘 안 남기셨는데 너무 어이없어서 남깁니다 너무 적은 금액이라 친구들끼리 예약하고 2박 3일 동안 묵었습니다
TEST_0219,진짜 완전 충전한 시그니엘로뒈질 것 같아요 바로 PJ호텔이라 걸어서 갈 수 있는 곳인데요 큰 곳 다 하려면 고층으로 해야 해요 안마기랑 샴푸 린스 바디워시도 있어요
TEST_0220,얘뷔 신랑과 추억으로 부산 여행 완서 친숙한 숙소인데 전체적으로 시설도 깔끔하고 캠핑장 공간 말고도 잘 되어 있어 좋았어요
TEST_0221,직원분들 중 몇 분은 눈 맞으실 때 너무 아팠어요~ 부모님도 다 친절하고정확하게 서비스해 주셔서 진짜 감동받은 부분입니다 한 가지 아쉬운 점은 너무 뷰가 너무 예쁘다는 거예요 ᄒᄒ 다음에 부산에 오면 또 여기서 묵고 싶어요
TEST_0222,야후도맣게맣게 변장하는 것이 있다 ᄏᄏ 왜 굳이 변장도 하지 않는지한심하네요
TEST_0223,호텔의 지리적 위치에 비해 전기가 부족합니다 그리고 고객에 대한 관리가 부실하고 손님들이 이미 예약해둔 신분증과 손님을 뺏은 취국입니다 그리고 예약 시 지불해야 할 신분증을 지참해야 하고 신분증을 지참해야 합니다 신분증을 지참해야 합니다 신분증을 지참해야 합니다 신분증을 지참해야 합니다 신분증을 지참해야 합니다 신분증을 지참해야 합니다 신분증을 지참해야 합니다 신분증을 지참해야 합니다 신분증을 지참해야 합니다 신분증을 지참하고 신분증을 지참해야 합니다 신분증을 지참
TEST_0224,B동 4506호에서 2박했습니다 B동 4506호라 방 안에서 보이는 부산항대교와 영도 뷰의 친숙함 뷰가 정말 멋있습니다 객실에 컨디션이 있는 쉐이드와 스낵바가 있어서 편하게 이용했어요
TEST_0225,가격은 저렴한 저렴한 신축 오피스텔을 이용하는 느낌입니다 다만 화장실은 매우 협소합니다 샤워기도 잘 되고 방음도 잘 됩니다 다만 모기 한 마리가 빗으로 날아와서 샤워가 잘 안 됩니다 샤워기 수압이 좀 약합니다
TEST_0226,제가 여기서 와서 자는 것 같지만 여름 후기 따라다녀 보는 곳입니다 무료 한장 더운 여름에 가면 히터나 린스는 없지만 따뜻하게 먹을 수 있는 곳입니다 ᄒᄒ
TEST_0227,호텔 부럽지 않은 시설과 서비스에 감탄했네요 후기들도 정말 예뻐요~~~~~
TEST_0228,친구 여행소 겸 숙소.. 만 원 더 줘서 좋은 스타일하우스 가세요 서비스가 구리고 시설도 좋지 않아요
TEST_0229,가격 대비 좋은 서비스가 만족스러웠습니다 위치도 이곳저곳 다니기 좋구요! 내부 시설은 깔끔하지만 오래된 호텔이라는 느낌이 살짝 남습니다
TEST_0230,해운대 놀 놀다가 예약하고 갔었는데 방도 깔끔하고 해운대 다른 데 많이 가보긴 했는데 그래도 시설이라던가 청소 상태는 제일 양호했어요~~ 프런트는 직원분들도 친절하시고 조식도 맛있었어요
TEST_0231,조용하고 좋았습니다 다음에도 프론트 분이 친절하게 잘 대해주셔서 좋았어요
TEST_0232,모텔보단 못한 것 같아요~~ 별 다섯 개예요 난리가 났을 때 직원이 불친절하고 투숙객에게 불친절했어요 다음 날 엘리베이터를 타야 해요
TEST_0233,카라파가 너무 오래되었고 낡았는데 이것저것 하지 않는 가격인가요
TEST_0234,한국 최고의의 가성비 호텔인 한국 전통의 GHA 쏘쏘 호텔이라 해의 카페라기보다는 레지던스라튠즈 타워 가성비를 갖춘 QS를 즐기기 좋은 호텔이다
TEST_0235,예뻐올e 창밖으로 보이는 뷰가 끝내줘요 ᄏᄏ
TEST_0236,멘넌 레프트할 때 항상 가는 펜션입니다 빽가지명으로 레프트와 숙박까지 저렴하게 해주셔서 편리하고 저녁 바베큐까지 가능합니다
TEST_0237,바다와 가깝고 청결하며 직원분들이 친절하시고요 식당과 카페 및 편의점이 다 앞에 있어서 좋았어요 줏방도 조용하고 좋았습니다
TEST_0238,런치뷔페 두 번쩨 방문했습니다 이제껏 본 것 중에 가장 따뜻하고 맛 좋은 곳에서 만족스러웠지만 아쉬운 점이 있어 후기 올립니다 뷰 맛집 추천합니다
TEST_0239,부산에 사는 사람인데 또 오고 싶다 생각만으로 너무 좋았어요 뷰도 좋고 화장실이나 바닥도 깨끗하고 생각보다 시끄럽지도 않고 예약한 파도 소리 때문에 잠도 잘 못 잤어요
TEST_0240,예전에 연친이랑 갔는데 객실이 깔끔하고 사장님이 친절해서 즐거운 여행하고 왔어요
TEST_0241,기체구장 코앞으로 좋으신 분이 있다면 호텔이 있을 것이니 건물에 대한 가성비가 좋고 조용하면 깔끔해 비즈니스로 적합하다 다만 TV 커버가 너무 작아서 TV를 켜는 게 불편하다
TEST_0242,안목 아님 아님 아님 아님 아님 어메니티입니다 아님 어메니티입니다
TEST_0243,해운대 뷰 맛집임 후기 뷰 고생을 진짜 많이 했는데 요즘 아이들이 학대 잘하네요~ 편하지 않은 위치척킨 천국입니다
TEST_0244,체크아웃핑 행사 요청했는데 세 명이 문을 열고 들어옵니다 뷰가 미쳤어요 프론트랑 청소하시는 분이랑 똑같았어요
TEST_0245,처음 입할 때 인상적이었던 방 넓이에 흡족했었으나 서비스 정신이 경린된 주인장의 태도에 경악을 금치 못했습니다 내일 아침엔 냉장고에 냉장고가 있어 냉장고에 냉장고가 있는 건지 냉장고에 냉장고가 있는 건지 냉장고가 없는 건지 헷갈렸습니다
TEST_0246,샨짱임 너무 친절한 곳입니다
TEST_0247,2023년 4월에 방문했습니다 예전엔 뷰에 이렇게 기대했는데 단점이 더 많았네요 뷰 장점: 뷰 하나는 최고입니다 뷰 단점점 1 내부가 매우 딱딱합니다 룸 컨디션도 너무 안 좋습니다 룸 컨디션도 너무 안 좋습니다 룸 컨디션도 너무 안 좋습니다 룸 컨디션도 너무 안 좋습니다
TEST_0248,사장님 작은 컴퓨팅이 있어요 + 서비스는 커녕요;; 다만 이불링 보관하기 어렵고 경치 보기 좋네요~ 뭐 이런 건양 상위에 있나 싶을 정도로 이불에 먼지가 묻어있고 이불에 먼지가 묻어있고 이불에 먼지가 묻어있고 이불에는 먼지가 묻어있고 이불에는 먼지가 묻어있고 이불에는 먼지가 묻어있고 이불에는 먼지가 묻어있고 이불에는 먼지가 묻어있고 이불에는 먼지가 쌓인 상태예요 ᄒᄒ
TEST_0249,방에서 헤븐도 볼 수 있었어요 조식도 나오고 온수와 난방도 가능해서 무척이나 즐겁고 좋았어요 깔끔하게 관리되고 있어서 또 가고 싶은 곳입니다
TEST_0250,침구문을 닫고 들어오자마자 쿵쾅쿵쾅 쿵쾅거림입니다
TEST_0251,시설이 좋고 가성비가 좋아요 생각보다 잘 지내고 갑니다
TEST_0252,1년 전 다녀왔는데 냉장고도 고장 나서 물이 새서 한숨도 못 자고 자야 하나 봐요 더블룸 더블룸에 이불을 썼는데 더운 날에 냉장고 안에는 곰팡이가 가득합니다 곰팡이 냄새가 너무 심해서 잠을 못 잤어요
TEST_0253,"시그룸 위치권,횔장 이용룸) 옮을 속초할 곳은 부산 해운대 한화리테일입니다 해운대 한화리테이는 말할 것도 없이 주변에 유명 리조트들이 즐비하여 위치가 좋습니다"
TEST_0254,사진과 다녀왔는데요 찾기가 많이 있구요 청소 상태는 좋아요~ 깨끗 깨끗 수건도 많이 주시고~ 국내 국성수기 옥수 그리고 주차가 오기를 기대했는데 너무 잘 되어 있더라고요
TEST_0255,간만에히 적었습니다 저휘 엘리베이터를 친구와 함께 호텔 예약을 하고 방문했다기가 미성년자라는 이유로 숙박 금액을 탕했습니다 그 외에 호텔 컨디션이나 서비스 모두 만족스러웠습니다
TEST_0256,좋은 선택션이었어요 여기가 가격 대비 제일 좋은 것 같아요 너무 깨끗하고 푹신해요 직원분들도 윌 잘하고 친절하세요 근데 조식은 별로예요
TEST_0257,친절하고시고 숙소도 깨끗해요
TEST_0258,15분부터 다음 날 아침까지 몇 만원을 더 지불하고 저한테 방문해서 별 다섯 개이고 내가 방 청송 중이라고 너무 유명한 스타벅스라 하시는 분들도 계실 것 같네요 ᄒᄒ
TEST_0259,침구는 아늑해서 몸이 끈끈하고 곰팡이 냄새에 머리가 아플 뿐만 아니라 삼진 찜질방은 망가져서 영망이다 3박 예약하다가 1박 하고 딴 데로 옮겼다 연인이랑 여행 갔을 때 꼭 들러야 할 것 같다
TEST_0260,캠핑이 되면 이곳에서 일출을 못 봤는데요 이 곳에서 일출을 보러 다녀왔네요 일출도 감상하고 맛있는 음식들도 해먹고 즐거운 시간 보냈어요~
TEST_0261,진짜 징급가까이 타워호텔 숙소 중 최악 중 최악입니다 카운터부터 어쩐십의 말이랑 행사에서도 불쾌함을 누렸고요 문이 딱 열자마자 곰팡이가 껴있고 곰팡이 냄새도 심하고 룸에 곰팡이랑 먼지가 가득합니다 룸에 곰팡이 냄새도 없고 룸에 곰팡이랑 먼지 하나 없습니다 룸에 곰팡이랑 먼지 하나 없습니다 샴푸 린스 바디워시 바디워시도 없습니다 샴푸 린스 바디워시
TEST_0262,가성비 최고! 신축이라 그런지 정말 깔끔하고 컨디션이 좋습니다 실내도 쾌적합니다 주차장도 가까워서 매우 저렴했고 호텔 직원분들도 친절하셔서 좋았습니다
TEST_0263,플로리다스 현 스카이뷰에서 가족들과 좋은 시간을 보냈습니다 감사합니다~
TEST_0264,전망도 아주 좋고 사장님도 아주 친절하세요 감사합니다
TEST_0265,가성비 최고임
TEST_0266,아침부터부터 저녁까지 너무너무 예뻐서 먹을 수 있습니다~
TEST_0267,기타를 안고 2박을 묵었는데 체크인 시간인 15시까지는 공사가 끝나게 되어서도 공사가 되지 않았다던가 16신 체크인했습니다 근데 청소가 너무 형편없어서 2박으로 줄 서서 기다렸어요
TEST_0268,옛날에식 후기 후기 후기 후기 보니요~~ᄏᄏᄏ
TEST_0269,전반적으로 무난문난하고 가성비 좋아요 잘 쉬다 갑니다
TEST_0270,여기가 안 좋은 추억이 되는 곳이다! 선크루즈 리뉴얼에 보고 싶어서 방이 없어 이 펜션 방을 잡았다 화장실에서 은은한 냄새가 나서 잠을 잘 수가 없었어요 한 가지 아쉬운 점은 창문이 커튼이 쳐져 있어서 창문을 열 수가 없다는 거였어요 창문을 닫아도 창문이 안 보여서 창문을 열 수가 없었어요 창문을 닫아도 창문이 열리는 소리 때문에 창문을 열 수가 없었어요 창문을 닫아도 창문이 열리는 소리 때문에 창문을 열 수가 없어서 창문을 열 수가 없어서 창문을 열 수가 없었어요 창문이 작아서 창틀
TEST_0271,예전부터 SNS에서 뷰 맛집으로 많이 올라와서 꼭 가고 싶은 곳이었는데 오늘 기념으로 왔어요~ 문 여닫자마자 뷰와 주방이 철문으로 보이는 뷰가 너무 예뻤어요 ᄒᄒ 다음에 또 방문하고 싶어요
TEST_0272,신축이라 신축이라 그런지 깨끗했습니다~ 냉장고가 따뜻하게 보입니다 청소는 안 한 것 같은 이물질이 있었습니다 샴푸 하나만 해서 청소하는 걸 봤는데 안 하는 건 아닌 것 같네요 샴푸 바디워시 바디워시 바디워시 바디워시 바디워시 바디워시 바디워시 바디워시 바디워시 바디워시 바디워시 바디워시 바디워시 바디워시 바디워시 바디워시 바디워시 바디워시 바디워시 바
TEST_0273,호텔 잘는 남자랄 것 없습니다 위치가 정말 좋고 시설도 깔끔합니다 일단 주차비 15만원입니다 이케아 체크인 시에는 유료입니다 무료입니다 무료입니다
TEST_0274,겉보 보이는 중전등이 엉망이에요 여기 온 후기가 다른 방을 쓰고 있는데요 그 방도 중전기 사용이 불가하네요 전화하니 프론트에서 기다리라고 하더군요 프론트 직원분도 친절하시고 방도 깨끗하고 좋았습니다
TEST_0275,카운터에 갔는데 다신 오지 않겠다라는 투로 말하고 왔어요 물과 음료 저장 수 있고 하니까 자차기 내려저도 결제 못 한다고 하네요 왜 자차기를 내려놓지 않는지 이해가 안 가요
TEST_0276,해수욕장이 가까워서 다음에 또 와보고 싶어요 무엇보다 해수욕장이 너무 깨끗하고 욕조 루프탑이 마무리되어서 좋아요 사장님도 친절하셔서 이것저것 신경 써주시고 잘 쉬다 갑니다
TEST_0277,광안리 놀러와서 오션뷰로 갔다가 뷰가 좋아서 선택했어요 조식도깐깐한 게 맘에 들었고 아침 저녁 다 맛있었어요 프론트도 주위에 카페도 많아서 좋았어요
TEST_0278,개인적으로 굉장히 예약하는 호텔입니다 번화가에서 뚝 떨어진 위치도 조용해서 좋고 침구며 청결하며 친절하며 방 구조며 특히 넓고 쾌적합니다 잘 쉬다 갑니다
TEST_0279,시티윈인데 진짜 친절하시고 계속 신경 써 주시고 침구 청결 교육도 함께 했는데 타일들이 많아서 친절하게 잘 주셔서 감사했습니다
TEST_0280,룸는 없어서 주차 문제는 모르겠지만 전체적으로 가성비 짱인 숙소였어요 룸 컨디션도 좋았고 직원들도 더블 숙소라 서비스 다 친절했습니다 위치도 자갈치 시장 근처라 근처 맛집도 많아요
TEST_0281,호텔 구조 때문에 너무너무 움뜬 블라인드 한 줄이 잘못됐습니다 뷰푼 추가가 안 되며 새 블라인드 추가 비용을 청결하고 전부 비품은 못 구워요
TEST_0282,내부 소음이나 진동 등 때문에 취약합니다 몇 차례 이용했는데 작년에 비해 확실히 찌러진 서비스 풀리입니다 침대 슬리퍼에 먼지가 가득합니다 객실 청결 상태는 양호합니다
TEST_0283,당일 예약 취소되는 상황이었어요ᄏᄏ
TEST_0284,에어컨은 짜증이 안 나요 키를 받아서 문을 여니 얼룩이 많고 콘도 100개가 높고 베개를 뜯으니 세기가 낮아요 이불에는 곰팡이가 있고 샤워실에는 곰팡이가 있네요
TEST_0285,제가 묵하고(20만원 넘게 썼음) 전망 좋은 방으로 예약해서 기대를 많이 했는데 일단 뷰는 좋습니다 더블 침대와 싱글 침대가 있었는데 더블 침대가 엄청 넓어서 침대에 누워도 뷰가 정말 좋았습니다 조식 서비스도 좋았습니다
TEST_0286,1.5층으로 침실과 거실이 분리되어 있고 층고가 높아서 넓고 쾌적한 공간이었습니다 인덕션 냉장고 깐깐한 취사 도구 등도 잘 구비되어 있고 샤워실도 넓고 쾌적했습니다 조식 서비스도 좋았습니다
TEST_0287,굳굳 오션뷰 오션뷰 오션뷰 오션뷰 오션뷰 오션뷰 오션뷰오션
TEST_0288,깔끔하게 잘 쉬었다 갔다 왔다 갔다 하면서 같이 일행들과 함께 일행들과 함께 일행들과 함께 일행들과 함께 일행들과 함께 일행들과 함께 일행들과 함께 일행들과 함께 일행들과 함께 일행들과 함께 일행들과 함께 일행들과 함께 일행들과 함께 일행들과 함께 일행들과 함께 일행들과 함께 일행들과 함께 일행들과 함께 일행들과 함께 일행들과 함께 일행들과 함께 일행들과 함께 일행들과 함께 일행들과 함께 일행들과 함께 일행들과 함께 일행들과 일행들과 함께 일행
TEST_0289,정말 힐링하고 가요 부모님 모시고 재방문할게요
TEST_0290,오션뷰가 있는 가격의 이유가 있습니다 시골이 조금은 멀지만 침대와 이불은 쾌적하고 특히 전망만큼은 아주 최고입니다 그리고 확실히 옛날에 지어진 만큼 방이 쾌적합니다
TEST_0291,청결하고 편안하게 잘 이용하다 갑니다~
TEST_0292,다만 호텔호텔닷컴이 네이버에서 4인 블로그로 예약했더니 말로만 4인이라며 추가 인원 2명으로 설정해놔서 1인당 3만 원씩 더 추가해서 추가 인원 추가해야 함 1층 카페테리아에서 커피 한 잔 할 수 있음 1층 카페테리아에서 커피 한 잔 할 수 있음
TEST_0293,온돌방을 이용했는데 객실은 오래되었고 오래된 느낌은 없습니다 객실만 보면 민박이라고 해도 이상하지 않을 정도입니다 국밥과 편의시설은 깔끔하고 좋습니다 조식도 매우 만족스러웠습니다
TEST_0294,두 번째 방문이에요~ 주차가 편하고 숙소 이용하면 로또일까 봐 교통도 편했어요한 가성비가 창!! 항상 깨끗하고 친절해서 너무 좋아요 ᄒᄒᄒ 번창하세요
TEST_0295,룸 사이즈는 작은 편이지만 테이블이랑 소파가 있어서 편해요 데스크 화장실은 엄청 좁아요 룸서비스로 미니스커트 사먹었는데 별로였습니다 베개 커버에 머리카락이 가득했어요
TEST_0296,잘 머물고 갑니다 위치도 좋고 위생도 좋아요
TEST_0297,리뉴얼해서 깔끔했어요 깔끔했어요 어메니티도 만족해요 무엇보다 전망이랑 친절한 분들이 만족스러워요 로비가 묵직 웨이팅이에요 엘리베이터를 타다가 다른 층의 엘리베이터를 타야 해요
TEST_0298,친구들과들과 즐거운 추억을 만들었어요 최고의 숙소입니다
TEST_0299,오로지 뷰만 보신다면 고층으로 오션뷰 하심면 만족할 가치가 있습니다 프론트 직원분이 매우 친절합니다 조식 제공이라 테이블이 큰 게 아쉬웠는데 조식은 맛있었습니다
TEST_0300,객실에서에서 광안대교가 보이는 뷰는 어느 호텔보다도 예뻐서 괜찮아요
TEST_0301,오션 뷰는 최고예요 조식도 훌륭하고요 내년 여름 휴가 때 꼭 갈 예정예요
TEST_0302,시멘티 냄새 나고 난방 18도 25 로 25 로 안 내려고 하는데 주차할 때 더 춥고 바닥이 신음 나는 거 불편하고 에어컨도 불편하고요 샤워기는 꼭꼭 틀어놔야 해요
TEST_0303,호캉스 잘하고 왔어요 오션 뷰에 청결하고 친절하며 조식도 좋고 침구 덕분에 잠도 잘 잤어요 다음에 부산 가면 또 가고 싶네요
TEST_0304,전체적으로 꼭 한 번 와보고 예뻐서 예약해놨던 곳입니다
TEST_0305,가성비가 좋은 숙소입니다 ᄒᄒ
TEST_0306,내부는 나쁘지 않은데 방음이 잘 안 돼요
TEST_0307,온천항키핑을 즐기러 왔습니다~ 맨날 가는 곳ᄒᄒ 항상 편하게 이용하려고 왔어요~
TEST_0308,시설 괜찮친한데 서비스 신경 좀 써 주세요
TEST_0309,최고의 자화상경 넓고 나이 많은 여자들과 이릴리 쇼로 아이들이 놀기 좋게 꾸며 놓은 최고의 숙소임
TEST_0310,아이들과 함께 하는 첫 부산 여행! 간만에 여행이기도 하니 추억이 있으시라도 아이들과 좋은 추억을 만들어주고 싶어서 LCT를 예약했어요 ᄒᄒ 가격 대비 괜찮은 편이라 만족합니다
TEST_0311,사진보다 실물이 훨씬 낮네요 이런 호텔이 있었다니요 프론트로 예약해서 그런지 뷰가 더 좋았나 봐요~ 좁다고 들렸었는데 전혀 그렇지 않고 잠옷도 준비되어 있어서 너무 좋았어요
TEST_0312,주차장을 다른 건물에 해약 해서 1박 2일 동안 301호를 대여성 갔는데 상가가 있어서 당황ᄏᄏ 방을 바꿔서 들어갔더니 오버부킹이 되어버렸네요 이 정도면 체크아웃 전에 체크아웃한 지 얼마 안 된 것 같은데 체크아웃한 지 얼마 안 된 지 얼마 안 된 것 같네요 체크아웃 전에 체크아웃을 했더니 직원분들이 너무너무 친절하셔서 기분이 좋았습니다
TEST_0313,깔끔하고 스타일러 욕조도 있어 피춘닛스 출장에 좋은 곳이에요! 주변 관광지가 술집이 많고 유원지라 가족 여행은 필수입니다 추천하고 싶은 곳입니다
TEST_0314,독고 오션뷰 오션뷰인데 이 부산역 1층에 있는 롯데월드에 묵어봤습니다 접근성이면서 편리한 롯데월드 숙박에 늘 만족하고 부산에 올 때마다 꼭 와보고 싶은 곳입니다
TEST_0315,베개도 괜찮고 직원분들 서비스도 굿 ᄏᄏ 콘센트 사용과 일부 콘센트가 번거로웠어요
TEST_0316,깔끔해요 조식도 가성비가 최고입니다
TEST_0317,바다가 바로 보여요 침대에 누워서 일출을 볼 수 있었어요 저 속초 아이파크가지 5만원이면 꺼려졌습니다 숙소도 깨끗하고 넷플릭스 볼 수 있어서 좋았어요
TEST_0318,시설도 깔끔했고 서비스도 정말 좋았어요 오션뷰입니다 캠핑을 즐기기에 최고의 호텔이었습니다~ 부산 여행에 온다면 또 오고 싶네요
TEST_0319,최악의 모입니다 1. 잠자리가 매우 불편합니다 저야 메트리스인지 아니면 너무 오래 써서인지 워커힐은 몰라도 매트리스가 얇은 건 어쩔 수 없네요
TEST_0320,모든 면에서에서 좋았다 다만 뷰가 특이하고 지하철에서 바로 호텔이 되어 있음 건물 - 비추척 신축이고곶에 신발을 대여해 두영 더블이 아닌 것 같음 룸 컨디션은 깔끔하고 쾌적함
TEST_0321,친절하시시고 방도 깨끗하고 좋았어요 다음에도 부모님들과 함께하고 싶습니다
TEST_0322,깔끔하고 조식이 맛있어요! 바다를 바라보며 뷰를 즐길 수 있네요~
TEST_0323,2박 3일 잘 쉬고 갑니다~~~ 친절하셔서 인간관계가 너무 좋았고 숙소의 깨끗함에 짐 보관과 침 구울러 주셔서 감탄을 할 수 있었습니다
TEST_0324,이동하는 데도 지한철링 갔어서 좋았어요 근데도 깨끗해서 진짜 시켰어요 또 이용하고 싶어요
TEST_0325,프론트 남자 직원이? 나이가 많은 남자 매우 당황스럽고 불친절해서 잠잘 수 있는 호텔에 어떻게 이런 땡도를 가진 사람이 있는지 놀랄 정도였음 투숙객이 온 호텔이라 당황스러웠음
TEST_0326,샴와 샴푸 샤워는 비치되어 있고 침대와 칫솔은 없습니다 이불에서 구워야 합니다
TEST_0327,여기 다녀온 후 바로 한강 뷰에서 자는 게 목적이 됨 ᄏᄏ
TEST_0328,객실 후기입니다 저층 주차장부터 썰렁했습니다 썰렁한데 전용 주차장이라고 나와 있었는데 12층까지 엘리베이터 공용어로 사용하는 것이 불가능했습니다 주차장이 너무 좁아서 엘리베이터를 타야 할 것 같았고 엘리베이터를 타야 할 것 같습니다 엘리베이터를 타야 할 것 같습니다
TEST_0329,풍광이 너무 아름다워요~ 풍산초등학교입니다
TEST_0330,연산호텔로예에서 3시간 정도 머물렀는데 침구류가 깨끗하고 가성비가 좋아요
TEST_0331,가족들과 함께 가옥으로 오세요~~
TEST_0332,방이 진짜 깔끔하고 이뻐요! 요즘 호캉스를 기대하고 가시면 생각의 탈을 수 있겠지만 예전 호텔 중 이렇게 깔끔하고 깔끔한 디테일이 돋보이는 호텔은 처음이에요
TEST_0333,부산에서 머물고 오는 호텔인 것 같아요 코로나를 하고 왔는데도 뷰도 너무 예쁘고 위치도 너무 좋았어요 다음에 또 놀려고요
TEST_0334,깔끔한 인테리어에 내부가 깨끗하고 좋았어요 그리고 물품이 잘 보관되어 있었고 침대가 준비되어 있어서 무엇보다 편했어요 직원분들도 친절하시고 전망도 너무 좋았어요
TEST_0335,창호: 저는 여름에도 청결을 유지하기 위해 청결하다는 이유로도 만족하긴 했습니다 룸 컨디션도 특히 신경 쓰시는 걸 느낄 수 있었습니다 룸 컨디션도 너무 좋았습니다
TEST_0336,사장님이 대박이젼터... 22개월인가 23년째 있었는데 지금까지 이용 중임. 1년이 지난 시점에 가격이 올라서 좀 비싸긴 하지만 청결이 진짜 좋음
TEST_0337,로맨틱 커플은 같이 자는 데도 좋지만 커플분 20년은 더은 키도 아니고 여느 커플분들을 위해 묵는 거라 그런지 문제는 신경 쓰이지 않습니다 가격도 저렴하고 주변 맛집 구경하기 좋아요
TEST_0338,강앓집 이용하고 첫 호텔이고 놀러 가서 숙소에만 머물러 있을 줄 알았어요 영월까지 묵을 계획했어요 숙박비도 어이가 없을 정도로 비쌌고요 물로 헹구려면 그만한 시간이 필요할 것 같아요
TEST_0339,냄새도 남고 시설이 너무 엉망입니다 기분 나쁘게 2밤이었네요 두 번 다시 안 갈 듯요 강풍과 땡볕 모두 비추이다 ᄏᄏ
TEST_0340,출발부터 뷰가 예뻤습니다 뷰가 예뻤습니다 뷰가 예뻤습니다
TEST_0341,아이들을 데리고 데리고 왔는데 생각보다 너무 좋음 그리고 청결해요
TEST_0342,가격과 뷰가 좋았고 친절과 시설이 좋았습니다~ 즐거운 여행이었습니다~~
TEST_0343,객실 컨디션은 별 5개! 친절함도 별 5개! 오션뷰에 스파 시설까지 별 5개~
TEST_0344,이  후기가 문제라서 다음번에 들어갔습니다
TEST_0345,오션뷰 라운지도 환상적이고 방도 건조해야 하는 펜션이라 아찔하고 이용했어요
TEST_0346,와 너무 너무너무너무너무너무너무너무너무너무너무너무너무너무너무너무너무 야놀자 보고 올라왔는데 완전 실망이네요 사진 너무 좋아요
TEST_0347,처음 방문했는데 직원분들이 너무 친절하시고 객실도 깔끔해서 기분 좋게 놀다 왔습니다~
TEST_0348,거실이 다시 전에 눈 구경하고 싶어서 방문했는데요 뷰 맛집이 아닌 것이 아쉽네요 뷰는 이쁨을 주고 헌데 이건 뷰가 장난이 아닙니다 뷰 가격 대비 만족스러웠습니다
TEST_0349,여기 직원이이 안 보이고 안마기도 없고 심지어 로비 칸은 방파도 힘드더라고요 아침에 일출이 없어서 안네를 데리고 왔어요
TEST_0350,예전에 썼었던 숙소가 엉망이라 뷰는 나쁘지 않고 간 숙소였어요 쾌적하게 지냈습니다 좋은 방을 예약한 것도 있지만 쾌적하고 깨끗했어요 다만 뷰가 좀 실망스러웠어요
TEST_0351,방에서 편안하게 스파를 즐기는 게 너무 좋았어요 후기에 후기를 안 쓰면 여길서 진다고 했어요 연회비가 아깝지 않고 생각하면서 썼는데 정말 만족했어요 다음에 또 방문하고 싶어요
TEST_0352,최고의 시설입니다 최고 헬스장이에요 짱짱입니다 너무 친절하세요~
TEST_0353,해수욕도 보고 뷰가 너무 좋았어요 그리고 내부도 깨끗하고 사장님도 친절하셔서 잘 이용하고 왔어요
TEST_0354,큰방 주중에는 쉬기 좋은 곳입니다 주차도 좋았어요 오늘 예약금 5천 원 추가됩니다 큰집에 갈 만한 식당이 거의 없습니다 저희를 포함한 직원분들이 너무 친절하십니다
TEST_0355,싸게 저렴하여 큰 기대를 하지 않았는데 매우 만족합니다 올렝키로 했지만 관리실 체크아웃하고 있는 사람이 보이네요 직원들도 친절하고 위치도 좋습니다
TEST_0356,시설이 깔끔하고 친절하며 특히 청결과 뷰가 너무 좋습니다 진짜 강추해요 저번 달에 처음 왔는데 오늘 또 예약했습니다
TEST_0357,혹실라도 바닷가에서 사케 규제하면 땅이 문전박대 당한다는 소음이 호텔로 유입되어서 셀프 시루는 물론 매몰챠 리뷰를 둥지로 쓴다
TEST_0358,부산 가기지 딱 앞에 있어요 서울 여행으로 다녀왔어요 호텔은 세 개라 깨끗해요 침구도 바삭하고 깨끗합니다 직원분들도 친절해요 아침 조식이 너무 맛있었어요
TEST_0359,여기 너무 좋은 곳이에요 마우이 따뜻하게 해주는 곳~ 계곡이 정말 깨끗하고 경치도 너무 좋아요 그리고 사장님광 사모님도 너무 멋지고 다정해요
TEST_0360,그냥 엄청 엄청 이쁩니다 직원분들도 너무 불친절하고 호텔에 들어오자마자 파랗게 하얗게 했어서 너무 지저분했습니다 체크인 전에 미리 들어가서 짐도 챙겨와야 하고 직원분들도 너무 불친절합니다
TEST_0361,국내 유명급 호텔 2번으로 방문한 건데요 욕실 뷰만 업그레이드했고 전망이 진짜 좋아요 그리고 무엇보다 건물 내부에 롯데백화점이나 롯데월드몰로 이용 가능하다는 장점도 있구요 다음에 또 올게요
TEST_0362,2층 디션 뷰인데 실내 수건이 안 된 것이 특징입니다 2층 엘리베이터 넷이서 못 누르면 여기가 숙소인가 하는 느낌입니다 낡은 건물로 되어 있고 방음이 잘 안 됩니다 방음이 잘 안 됩니다 방음이 잘 안 됩니다
TEST_0363,서랍장에 헌옷을 두고 온 걸 후회해서 바로 결제했는데 오늘 지었고 친절한 직원도 아니던가 뭔가 기분이 나쁘긴 했지만 깔끔하고 깔끔해서 마음에 들었습니다
TEST_0364,테라스스 욕조 사진과 똑같습니다ᄏᄏᄏ
TEST_0365,가성비 진짜 좋네요 원룸형 아쿠아리움 건물 3층 청소에서 호텔 호실을 확포해서 이용하는 방식인 듯요 건물 잡수가 쭉쭉형으로 되어 있어서 원룸 호텔 하룻밤 묵고 싶을 정도예요
TEST_0366,오션뷰가 한낱도 없어요 오션뷰가 한낱도 없어요 ᄏᄏ
TEST_0367,내 인생에서 최고의 경치를 선사한 호텔이다
TEST_0368,위치도 좋고 화장실도 깨끗한데 왜 냄새가 나요 오오오오오오한 핫수스 냄새 짱이다롄 냄새 ᄏᄏ 이 정도면 좋았어요
TEST_0369,시설이 깨끗하고 가성비가 좋네요 뷔페와 커피라면 방 두 곳도 충분해요  좋아요
TEST_0370,깔끔한 한데 가격값을 하는 것은 아닐까요
TEST_0371,급하게 부산에 놀러 갔는데 모텔이 너무 낡았다는 소리에 다른 곳에 묵었습니다 저녁이 되고 친구들이랑 뷰가 더 이쁘게 보이길 바라면서 예약했습니다
TEST_0372,천장에 천장이 생각보다 커요~! 룸 청소를 원하는 고객님들은 꼭!!! 천장에 공지가 되지 않아도 청소해 주시길 부탁해요 이렇게 하지 않으면 객실 청소가 안 되는 건가요
TEST_0373,친구랑랑 놀러 와서 예약했는데 후기 소개해주신 엄청 친절하셨어요~
TEST_0374,최근 청장 앞이라 여행 다니기 좋습니다 림모텔과 비교해서 욕실도 깨끗하네요
TEST_0375,너무 만족스러웠어요~~ 잘 쉬다 갑니다 다음에 또 올 거예요~~
TEST_0376,깔끔하고 조용합니다 좋은 추억 남긴 장소입니다
TEST_0377,할인받아 3박 8만원에 묵었네요 방은 생각보다 작고 시설은 그냥 보통입니다 바로 앞이 포장마차촌이라 새벽까지 소음이 많기는 한데요 주변 먹거리가 많아서 그냥 묵고 싶네요
TEST_0378,새로 지어 저렴하게 이용했구요 아니면 건물이라 냄새도 안 나고 지하에서 조식으로 라면이랑 식빵도 맛있게 먹었습니다 직원분들도 친절하시고 방도 넓고 쾌적합니다
TEST_0379,투숙트룸 창기 건조하는 기계식탁을 잡고 산 맛에 감탄하다가 코로나 아닌가 싶을 정도였다 이층에서 흡번하는 데 매트리스가 없는 건 아쉽긴 했는데 1층 로비에서 10명 중 9명은 안 묵고 있음
TEST_0380,후기 후기 다 1점이라..? 방에 들어갔을 때 문이 있다고 말했더니 바로 방 없으라고 하셔서 문을 열어주셔서 불편한 점은 없었음 다만 욕실 문을 닫는 소리가 너무 심해서 잠을 못 잤음
TEST_0381,1층 카운터와 여자 매니저가 후기 후기 내용이 후기인지 후기인지 모르겠네요
TEST_0382,오만한한 지 얼마 안 되어서인지 퍼니식스 문규가 아쉬웠지만 깨끗하고 조용해서 가족끼리 가기 편했어요
TEST_0383,솔직히 너무 너무 실망스럽습니다 원래도 방음이 잘 안 돼서 소리 질러 대고 윗방 소리도 다 들리는데 에어컨에 히터를 켜서 껐다 켜서 껐다 켜서 하는 소리가 다 들립니다 방음이 안 되는 건지 룸 컨디션이 안 좋습니다
TEST_0384,훌륭한 모이었습니다 사장님께서 친절하셔서 매우 만족했습니다~
TEST_0385,그래도 나름룸 신라스테이인데 신축이라 시설과 서비스 면에서 기대하고 갔는데 일단 리뷰대로 뷰가 만족스럽지는 않았어요 위치는 바로 앞이라 접근성이 좋아요 룸 컨디션도 좋습니다
TEST_0386,체크인을 너무 귀찮게 만들어 놓음. 일단 기차역에서 후기인 윈윈을 했는데 객실이 정말 중위라서 했음 그런데 막상 예약할 때 후기를 보니 후기를 보고 후기를 보고 후기를 보고 후기를 보고 후기를 보고 후기를 써보니 후기를 보고 후기를 보고 후기를 보고 후기를 써보니 후기 후기 후기 후기 후기 후기 후기를 보고 후기를 보고 후기를 후기 후기 후기 후기 후기 후기 후기 후기 후기였음
TEST_0387,뷰 맛집입니다 방은 커녕이라도 뷰가 미쳐서 다시 올 것 같아요
TEST_0388,주차장이 멀어서 불편하지만 저는 도보로 이용하는구요 가성비도 좋고 바다 뷰가 좋네요~
TEST_0389,침대가 불편하고 도보변 창문은 새 소리. 깨끗하게 잘 잤어요
TEST_0390,푹신다가 있어서 횡하진 않았지만 개인적으로 오기도 했었네요~ 바다를 보며 오라니 ᄒ 식사도 같이 먹을 수 있으니 더 편리한 것 같아요
TEST_0391,몰튼 먼지에서 만족합니다 뷰가 3변입니다 뷰가 끝내준다 뷰입니다
TEST_0392,15층 스위트룸에서 자라는 노레와 자라는 소리가 그대로 14층에서 울려퍼짐. 트윈은 14층인데 객실에서 자고 있어도 음료를 마시지 않음 룸 컨디션이 안 좋음 룸 컨디션이 안 좋음 룸 컨디션 나쁘지 않음
TEST_0393,친구들이랑 호캉스 했는데 ᄒ 여기서 인생샷 많이 건졌어요 ᄏᄏ
TEST_0394,정말 오랜만에 가성 올 때 또 올 것 같아요~ 대박입니다~ 청결하고 직원 응대도 너무 좋고 무엇보다 뷰가 너무 멋있어요ᄏ 일주를 봄단
TEST_0395,다 시어버린 식어버린 건데 알고 있는 것보다 네 가지 못하는 혹독한 모텔임
TEST_0396,비록 얼마 오션뷰였지만 바닷가 뷰가 너무 예쁜 것 외에 인테리어도 이용할 수 있었으면!
TEST_0397,매년 1~2 1회 아이들과 여행하고 싶다 할 때 가는 가성비 호텔. 밤에 온천수도 따뜻하고 직원들 친절도도 아주 좋고 야외 수영장과 카페도 아주 잘 되어 있어요
TEST_0398,프론트 응대하시는데 뷰가 영 별로인 불친절하네요 침대 머리맡에 땀이 잔뜩 나 있네요 침구류 고쩨할 때 복도도 그냥 시끄럽고 그냥 시끄러운 것 같네요
TEST_0399,맥주가가 생각보다 라운지도 좋고 가격도 괜찮다 두 가족이 같이 딱 좋은 숙소였음
TEST_0400,안내가 제멋대로 되는 게 없네요 급하게 컴퓨터 편이 있어서 키가 안 돼서 변기 물 안 나오니까 변기 물 밟으러 가니까 변기 물 안 나오고 변기 물 안 나오고 변기 물 안 나오고 변기 물 안 나오고 변기 물 안 나오고 변기 물 안 나오고 변기 물 안 나오고 변기 물 안 나오고 변기 물 안 나오고 변기 물 안 나오고 변기 물 안 나오고 변기 물 안 나오고 변기 물 안 나오고 변기 물 안 나오고 변기 물 안 나오고 변기에 변기에 변기가 있었네요
TEST_0401,퉤로 깔끔하고 사장님도 인성이 좋으세요 ᄏᄏ
TEST_0402,내부 시설이 낡아서 온풍기는 소음이 심해서 잠들기 어려웠어요 실내에는 컨시어가 없어서 주셨어요 저랑 TV 시청이랑 비교해보세요
TEST_0403,숙소에서 다녀본 곳입니다 그냥 깔끔하고 영도 남포동 돌아다니기 좋아요 산 가격에 나왔을 때 예약해서 즐거운 여행이었어요
TEST_0404,"좋다 부산 여행, 숙소 수영 맞음 ᄒᄒ 수영 불패라 펜션 루프탑분 숙소 수영장 두 배라서 호텔로 수영하기 좋다 그런데 사람이 많다"
TEST_0405,가성비 좋은 숙소! 사진도 깔끔하고 예쁘고 특히 접근성도 좋다 이 정도면 충분하다~ 다음에 또 부산 갈 일이 있으면 가보려구요
TEST_0406,장점: 인테리어 매우 예쁨 단점: 실내 0 한 줄 평: 빚 좋은 곳이에요 직원 태도에서 엉망 리뷰를 봤고 정말 뷰가 없는 게 아쉬웠어요
TEST_0407,뷰쿡제 때문에 예약했는데 청결하고 위치가 좋습니다
TEST_0408,2달 오고 괜찮아서 다시 왔는데 6월부터 조식이 사라지고 있네요 바다도 멀지 않고(10분 정도 소요 시간도 많아서 좋은데 조식이 없어서 아쉬웠어요
TEST_0409,저렴한 가격에에 귀 기울여 주셔서 감사합니다 조금 아쉬운 점은 제가 사용하는 객실에 해피가 잘 들어옴질 않나 전화가 막혀 있는 게 아쉬웠네요
TEST_0410,모텔인지 호텔인지 주차장 들어가기는 다른 곳보다 작지만 하고 객실은 사진을 잘 찍은 건지 아니면 사진도 없고 고데기만 하고 객실 관리를 전혀 안 하는 건지 룸 컨디션도 나쁘지 않음
TEST_0411,2박 3일 잘 쉬었다 갑니다만 몇 가지 아쉬운 점이 있습니다 1. 오전 9시부터 입실인데 5시 조금 넘게 체크인이 안 돼서 20분 넘게 기다렸습니다 2박 3일 동안 체크인할 때 체크인할 때 체크인할 때 체크인할 때 체크인할 때 체크인할 때 체크인할 때 체크인할 때 체크인할 때 체크인할 때 체크인할 때 체크인할 때 체크인할 때 체크인할 때 체크인할 때 체크인할 때 체크인할 때 체크인해야 합니다 2박 3일 전에 체크인했습니다 3 호텔 4층에 승
TEST_0412,바닷가 황홀하네요 바닷가인가요 바닷가인가요
TEST_0413,뷰가 보이는 오션뷰만꾸는 아니지만 그래도 나름 훌륭히 지어진 느낌이고 호텔도 깔끔하며 럭셔리한 느낌이 많이 들어 좋은 곳입니다 저녁에 카페 겸 바에서 커피 한 잔 할 수 있어서 너무 좋았습니다
TEST_0414,방 입쿠 둥이 고장났는지 커지지도 않아 너무 어두워서 잠도 제대로 못 잤어요 프론트를 요청하니 아침에 엔지니어가 와서 고치라고 했더니 고치라고 하더군요 ᄏᄏ 난방이 안 되는 줄 알았는데 ᄏᄏ 난방 온도 조절이 잘 안 되는 것 같아요 ᄏᄏ 난방 온도 조절이 잘 안 되는 것 같아요
TEST_0415,신축이라이라 시설이 완전히 깨끗하고 좋아요 특히 침대가랑 이불은 호텔급으로 너무 포근해서 잠도 잘 오고 욕조 루프탑이 전망이 멋집니다~ 4인 가족이 묵기에는 너무 좋습니다
TEST_0416,가본 호텔 중에 처음으로 시설이 좋았어요 남식이 빚잔 많이 들어오고 뷰를 제대로 줄이지 못한 것은 아쉽지만 정말 잘 다녀왔습니다 ᄒᄒ
TEST_0417,청소하시는 뷰가 맛집답게 문을 열고 들어가니 별 다섯 개입니다 한 객실에 두 명이나 갔은 것이리라 평소에도 이런 일이 자주 일어나서 그런 건지 모르겠네요
TEST_0418,입구 문이 닫히기 시작할 때 나갔는데 두 번 거력 너무 놀랐어요 자기 잘 잤어요 뷰는 좋았어요
TEST_0419,시설과 어메니티 청결 친절 모두 만족했어요 봄날 풍경도 감동이에요 엘리베이터 전자레인지 컨셉이라 딸 바다에 가고 싶어요 평일이라 조식 뷔페는 별로였어요
TEST_0420,창첨: 호텔이 아니라 레지던스다 ᄏᄏ 단점이라면 호텔이 아니라 레지던스다
TEST_0421,어려서 친절한 사람 두 명은 다 옥쿠하는 데로 보내주셨지만 불친절하게 친절합니다 방 컨디션 최고이고 방에 올 때 키를 따는 거 추천해요
TEST_0422,너무 털럽습니다 샴푸가 하루 종일 나고 머리카락이 남아 있고 컨디션에 먼지가 갓이 나 있습니다 너무 불쾌했어요 샴푸도 샴푸 바디워시 바디워시 바디워시 바디워시 바디워시 바디워시 바디워시 바디워시 바디워시 바디워시 바디워시 바디워시 바디워시 바디워시 바디워시 바디워시 바디워시 바디워시 바디워시 바디워시 바디워시 바디워시
TEST_0423,루프 펜션인데 아기 창난가민 너무 더워요 샴푸까지 살면서 위생도 따지고 곁뜰로 보기만 비슷합니다 샤워하는데 너무 안 좋은 것 같아요
TEST_0424,시설 깨끗하고 위치 좋아요 무엇보다 스타일러와 이 호텔에서 묵는 것은 처음 경험하게 되는 최고의 선택입니다 또 전화창도 있어서 언제든지 전화할 수 있어요
TEST_0425,일단 비즈니스트급 호텔인데 별 4개는 충분한 것 같습니다 침구류와 객실이 분리되어 물은 면적이 없는 것은 괜찮지만 냉장고 안내가 눈에 확 들어오지 않는 건 단점입니다 방음이 안 되는 건 단점입니다
TEST_0426,모텔을 더 가본 건데 뭔가 좋다는 느낌이 들어요 다들 기대보다는 리뷰 좀 긍정적으로 써보세요ᄒᄒ
TEST_0427,낚시가기가 가능하면 정말 강추인데  힐링 캠핑장입니다
TEST_0428,부산 출장 와서 3박 묵었는데 아주 만족스러웠어요 객실은 조금 작지만 혼자 머물기에는 적당히 더 좋았습니다 아주 깨끗하게 잘 관리되어 있고요 특히 룸 컨디션이 너무 좋습니다
TEST_0429,공익을 위해서 짝성합니다 이 호텔은 최악입니다 세게적으로 만연한 최악의 호텔들이 있는데 그랜드힐튼도 그 리뉴얼에 맞춰서 한 곳을 찾으시길 바랍니다 그 흔한 모텔도 아니고 정말 최악입니다
TEST_0430,예약 뉴로 가지 말라니깐 진짜 여기로 여행 가서 이런 식으로 지내나 싶을 정도로 엄청 충격파임 딱히 객실도 아니고 예약 후 이틀째 되던 날 문 열고 들어갔는데 문 닫는 소리도 들리고 문 닫는 소리도 들리고 문 닫는 소리도 들리고 문 닫는 소리 다 들리고 문 닫는 소리 다 들리고 문 닫는 소리 다 들리고 문 닫는 소리 다 들리고 문 닫는 소리 다 들리고 문 닫는 소리 다 들리고 문 닫는 소리 다 들리고 문 닫는 소리 다 들리고 문 닫는 소리 다 들리고 ᄏ
TEST_0431,좋아요 다음에 또 숙박하고 싶어요
TEST_0432,토스트짐 최고의 뷰와 풍경을 자랑하는 호텔인데 가격과 모든 면에서 만족스럽습니다
TEST_0433,여기 안 안 가고 이곳을 찾으시길 바라지 마세요 직원들 불친절 그리고 그냥 지나쳐버린 마인드가 안 되어 있음 조식 7시라서 아침 일정이 있어 6시 반에 도착했는데 조식도 없고 조식도 없음
TEST_0434,가족 모임이 있어서 연박뿐 50평 식군님들을 이용했는데 돈을 버는 만큼 보상받아야 하는 레지던스입니다 아래 코너처럼 넓고 크고 고루해서 만족스럽습니다 룸 컨디션도 좋습니다
TEST_0435,프론트 직원도 친절하고 청소하시는 분들도 훈훈하네요
TEST_0436,좋아요 가볼 만함 여기까지입니다~
TEST_0437,객실은 씨티뷰라 아쉬웠지만 멋진 해운대를 만나보면서 힐링하기 위해서 조식은 너무 좋았어요
TEST_0438,깔끔하고 어메니티도 좋은데 환기가 너무 빡빡합니다 환기가 제대로 안 되고 룸에 창문이 없어서 냉난방이라도 켜지면 뜨거워서 잠을 못 잤어요
TEST_0439,멋 넌 전에 투숙했는데 그 젊은 여자애는 침대를 너무 많이 습해서 밀려나고 방음은 완전히 망가지고 그런다는 소리에 잠을 못 잤어요
TEST_0440,너무 깔끔하고 좋습니다! 창문이랑 공기도 좋고 사장님도 너무 친절하세요~ 재방문 의사입니다~~
TEST_0441,여기 수영장 가면 길이헷갈리게 되어 있는데 아깝고 있으면 수영장 찍전 샤워실에 사람들이 엄청 몰려요 뷔페로 된 건지 아니면 샌드위치인가요 한 번 이용하고 두 번 다시 이용 안 합니다
TEST_0442,늦은 시간임에도 체크인했는데 너무 친절하게 대해주셔서 좋았어요 청소 상태도 다 도와주시고요 특히 아침 뷰가 너무 예뻤어요~~
TEST_0443,주차가 불편하지만 시내의 서비스가 좋아 좋아요
TEST_0444,주차가 진짜 뷰가 장난 아니네요 광안대교 뷰는 장난 아닙니다
TEST_0445,숙소에 신경을 많이 쓴 게 느껴지네요 이 가성비 모텔에 TV가 그렇게 큰 줄 처음 봅니다~
TEST_0446,판넬라먀 뷰 99호라 방 하나 욕실 하나밖에 안 써요 냉장고와 냉동고가 엄청 큽니다 평일 9만 원 대로 주차도 편하고 1층에는 브런치 맛집도 있구요 전 못 가서 아쉽네요
TEST_0447,새로 지을 어귀서 일출 보며 감탄해서 너무 행복했네요~ 광안리 바다뷰는 진짜 감탄이 최고입니다~ 프론트 직원분들도 너무 친절하시고요 화장실과 샤워실도 깨끗합니다
TEST_0448,친절하고 아담하고 아늑하며 깔끔해서 좋아요 오션 뷰도 좋고요 근데 체크인은 1층에 가서 욕조로 가는 것이 살짝 힘들었네요 ᄒ
TEST_0449,PC를 이용해야 하는데 마우스가 작동하지 않아 카운터 직원이 좀 늦었다고 하니 알겠다고 해서 계속 기다렸는데 오지 않음 결국 사장님한테 연락하니 방에 들어오지 말라고 함 룸 컨디션도 나쁘지 않음
TEST_0450,아이들이 수영 수영장을 너무 좋아했어요 아이들도 깨끗하게 수영 한 번 더 하고 나왔네요
TEST_0451,리뉴얼텔은 안 되고 딱 90넌데 고지도 누림이에요 뷰는 보이는 게 없어요 지하 시설도 한 곳도 열어두지 않으면 안 되게 되어 있고 다른 주차장 같은 곳이 따로 마련되어 있습니다 직원분들도 친절하십니다
TEST_0452,착안하다며 광안대교 뷰에 감탄했어요 또 오고 싶은 예쁜 숙소입니다 카카오맵에서 간식과 조식도 챙겨주셔서 감동이에요ᄒᄒ 숙소에 주차가 좀 불편했던 것 같아요
TEST_0453,호텔에 오픈한 지 얼마 되지 않은 곳입니다ᄏᄏ
TEST_0454,해운대에서 가격도 좋고 해서 갔는데 사장님이 친절하게 잘 대해주셔서 편하게 쉬다 갑니다 다음에 또 올게요
TEST_0455,사장님이 참 친절하시고 힐링하기에는 딱이에요~
TEST_0456,뷰가 완전히 미친 곳입니다 루프탑이 꼭 올라가 보세요
TEST_0457,어른이 오시길 바랍니다 후기가 높습니다 왜 후기인가요
TEST_0458,좀 된 게 되었지만 앙앙 낙산 인의 숙소를 찾는 분이 계실 정도랍니다 ᄒ 2층 식당에서 자율 취사가 가능했습니다 ᄒ 저희의 강점인 숯불 냄새를 맡을 수 있어서 좋았습니다
TEST_0459,객실이 깔끔하고 좋았습니다 다음에도 이용하려고요~
TEST_0460,부산 여행에서 묵을 만한 숙소예요~ 추천합니다~
TEST_0461,방음이 전혀 안 돼요 옆 방 말소리까지 들려요! 아침에 샤워하는 소리가 다 들려요~~! TV가 두 개 있는 방에 들어가자마자 다른 쪽 TV가 작동이 안 돼서 잠을 못 잤어요
TEST_0462,최고의 콘도였습니다 부모님도 꽤 친절하셨는데 정작 리뷰하시는 분들은 더 친절하셨어요
TEST_0463,3월 연휴 방문 당시 방은 크지 않은 편이라 선택지가 많지 않았고 선택지 내부에 위치한 위치로 숙소를 정했습니다 3층에 카페 겸 식당이 있는 건 좋았습니다 다만 그 외에는 만족스럽지 못했습니다
TEST_0464,사장님이 친절하시고 방도 깔끔해서 좋았어요~ 위치도 바다랑 가까워서 좋았구요~ 숙소 앞에 바베큐장도 있어서 물놀이 하기에도 좋았습니다~ 성수기에 묵었는데 인포가 너무 좋더라고요
TEST_0465,사장님이 전화 응대가 좀 느렸네요  말 바꾸지도 않았는데 너무 크고 이용하기 전에 방이 있나고 물어보라고 한 건지 딱 끊어버리네요 직원분들도 너무 불친절하시네요
TEST_0466,사장님이께서 불친절해하시네요ᄏᄏᄏ
TEST_0467,종룡 여행하기 딱 좋았어요  톱으로 경복궁 종모 종모 광안대교가 멋지게 보였습니다
TEST_0468,좋아요 오션뷰도 너무너무 맛있어요~~
TEST_0469,파도 소리 들으면서 들어왔지만 있어도 좋았어요 LP판과 칫솔이 있고 샤워가울 때 방이 깔끔하게 정돈되어 있었습니다
TEST_0470,로비로비로 오게 되었고 손님 내쫓을 줄 알았습니다 ᄏᄏ
TEST_0471,깨끗하고 깔끔하고 직원들이 모두 친절하네요 ᄏᄏ
TEST_0472,직원분들이 친절하십쇼는 리뷰를 많이 적긴 했지만 써봤더니 꽤 청결하다고 하시면서 가는데 정말 들어가는 순간부터 나까지 네네 기분이 좋아졌어요 ᄒᄒ
TEST_0473,수건을 제대로 이용할 수 있는 리조트입니다 카페테리아 이용으로 10분 정도 걸립니다 조금 일찍 도착해도 숙소 청소가 안 되고 딱 3시간만 기다려야 합니다
TEST_0474,너무 센 센스 있는 서비스 부족으로 체크인부터 체크아웃까지 기다리는 서비스의 부족함을 사이트상으로 보상하는 5점 만점 특급 호텔이에요! 파크 하얏트 석양 뷰 투숙객에 비해 라운지 이용객은 적고 객실 크기는 작습니다
TEST_0475,그냥 최고고입니다! 깨끗하고입니다
TEST_0476,프리미엄룸에서 숙박했는데 만족스러웠습니다~ 재방문의사 있습니다
TEST_0477,901호 블뤼미어 오션뷰인 곳에 묵었는데 너무너무 좋았어요 제 인생에서 최고의 곳이에요 다음에 부산에 오면 묵고 싶은 곳으로 올 거예요 깔끔하고 뷰도 예쁘고 조식도 맛있어요
TEST_0478,깨끗하고 뷰가 좋아요 객실에 건배기와 커피 표트 및 전자레인지도 있어요
TEST_0479,해운대 광뷰 광안리보다 넓은 바다를 원하시면 여기 송도 베란다로 오세요~ 객실에서 무료 펼쳐지는 바다를 창가에 앉아서 바라볼 수 있습니다
TEST_0480,후기 때문에 갔다 왔는데 여사와 천통이 느껴짐. 후기입니다
TEST_0481,부산에서 처음 가본 곳의 체크아웃 시간 중 단연 최고입니다 주차장이 제공되지 않지만 친절하시고 간단한 말투에 상당히 만족스러웠어요 조식 서비스도 너무 좋았습니다
TEST_0482,안녕하신 저 불친절하네요 ᄏᄏ
TEST_0483,"다른 데와 다르게 뷰를 함꼐 즐길 수 있는 룸과 넓은 루프탑 수영장 모두 있는 공간들, 야외 정원의 해변 바다가 있는 테라스 뷰는 말할 것도 없이 최고예요"
TEST_0484,시티뷰 이용 시 룸 내부가 깔끔한 편이고 베개랑 베개가 비치된 것과 이불이라 깔끔하게 있을 수 있는 느낌이 좋음 조금 추워서 환풍기로 난방하고 싶었는데 환풍기를 틀면 환기가 안 되는 게 아쉬웠음
TEST_0485,직원분들이 너무 친절하시고 음식도 너무 맛있어요~
TEST_0486,큰 평음에 마음에 들었지만 특히 객실이 마음에 들었네요~ 아늑하면서도 깨끗한 객실!!! 저는 장기 투숙했는데 매일이 깨끗하게 청소해 주시고 베개도 깨끗하게 해주셔서 너무 감사했습니다
TEST_0487,별로예요 Like Like 화장실과 침구류 등 시설이 너무 낡았고 더러웠어요 저는 괜찮습니다
TEST_0488,부산 가는 중에 전화로 예약했는데 주차비 1만원 안내가 없었고 도착 후 짐이 쌓여 있고 엘리베이터에 대기하고 다녀왔습니다 방은 작고 비데도 없고 방음도 안 됩니다
TEST_0489,토요토인은 역시 가성비가 최고예요 부산역 바로 앞이라서 위치가 좋아요
TEST_0490,방도 욕조도 직원분들께 너무 마음에 들었는데 키보드 지낙이 말다 갈 까 까는 소리가 나서 별 하나 뺐어요 ᄏᄏ
TEST_0491,한강에뷰 부산에는 눈도 안 내려가는 곳인데 밤새도록 짜증나서 소리가 요란하게 들리고 방은 난방이 안 되어 어디 어디나 다 망해가더라구요 새벽에 전화해서 문을 닫으라고 했더니 문을 닫으라고 하고 문을 닫으라고 하고 문을 닫으라고 하고 문을 닫으라고 하고 문을 닫으라고 하고 문을 닫으라고 하고 문을 닫으라고 하고 문을 닫으라고 하고 닫으라고 하고 문을 닫으라고 하고 닫으라고 하고 닫으라고 하고 닫으라고 하고 닫으라고 하고 닫으라고 하고 닫으라고 하고 닫으라고
TEST_0492,객실 온도 조절이 안 됩니다 ᄒᄒ 인원 증가로 객실이 더워서 창문을 열고 자는 동안 선풍기 소리 때문에 그냥 창문 여는 게 다신 안 올 것 같아요
TEST_0493,유쾌한윅 기념일이었어요~~
TEST_0494,방에는 창문이 없습니다 혼자 왔다면 2인실을 추천드립니다. 계단만 있습니다 공용 실내화를 사용해야 합니다 3층에서 체크인하고 4층에서 체크인합니다 2층에 체크인할 때 체크인 버튼을 누르셔야 합니다 체크인할 때 체크인 버튼을 누르셔야 합니다 체크인할 때 체크인 버튼을 누르셔야 합니다 체크인할 때 체크인 버튼을 누르셔야 합니다 체크인할 때 체크인 버튼을 누르셔야 합니다 체크인 버튼을 누르셔야 합니다 체크아웃이 늦으면 체크아웃이 늦
TEST_0495,강남에뷰가 너무너무너무너무너무너무너무너무너무너무너무너무너무너무너무너무너무너무너무너무너무너무너무너무너무너무너무너무너무너무너무너무너무너무너무너무너무너무너무너무너무너무너무너무너무너무너무너무너무너무너무너무너무너무너무너무너무너무너무너무너무너
TEST_0496,위치도 좋습니다 다음에도 재방문하고 싶어요
TEST_0497,최악 오션뷰는 샤창닉이 더 뜨거움 ᄏᄏ
TEST_0498,야경이 너무 너무 좋았어요~~~ 뷰로 리뉴얼해서 그런지 침대 커버도 커버였고 객실 바닥이 온돌처럼 따뜻해서 너무 좋네요ᄒᄒ 내가 좋아하는 조식 메뉴도 너무 맛있었어요
TEST_0499,진짜 딱 토요코인 최고인데 내부 객실 자체는 어느 정도 객실 퀄리티함 리셉션 직원분들은 그냥 쿠쿠렴~ 성수기 때 이용했는데요 조식은 괜찮은 것 같습니다
TEST_0500,방음이 전혀 안 되고 오직 바다뷰에 물렸습니다 정말 급하게 잡은 호텔이었는데요 최악의 선택이었네요 뷰는 좋았습니다
TEST_0501,요즘 지저분하네요 왜 이뻐서 저래 온 건가요
TEST_0502,6인 1박 2일 송년회에 참석하러 와서 음식 사 먹으시면 괜찮은 이용이 됩니다 레지던스 냄 그릇이 남아 있어서 바다 뷰에 뷰가 없습니다 3만원 이상이면 맡기는 것도 해 주세요
TEST_0503,수영장에 벌레가 떠다닌다고 조식이 8:30에 도착해서 일찍 일어나서 1뚱우로 도착했는데 다른 사람들한테 져주고 조식을 먹지 말라고 하더군요
TEST_0504,폭우 뷰였는데 너무 이쁜 것 같아요 ᄏᄏ 그렇지만 전체적으로 깔끔하고 직원분도 친절해요 무엇보다 위치가 빡빡하고 조식도 가격 대비 괜찮은 편이에요
TEST_0505,깔끔하고 깔끔하고 괜찮았어요 다음엔 해운대 해수욕장에서 도보로 10분 내와 근처에 먹을 곳 많아요
TEST_0506,욕조가 있어서 뚝딱뚝딱하게 몸져 볼 수 있어서 자주 이용합니다 그리고 매트리스도 적당히 탁탁해서 정말 마음에 들었어요
TEST_0507,3성급이냐 편의시설이냐 청결입니다~ 너무 높은 층간 소음 중엔 중이 좋을 것 같아서 말았고 702호였는데 전 뷰가 정말 멋있긴 했는데 나름 괜찮은 것 같아요
TEST_0508,시설은 오래되었지만 여전히 건물이 무난하다. 관리는 잘되고 있는 느낌. 스위트호텔보다도 더 좋음
TEST_0509,부산에 여행 왔는데 제가 방에 들어가 보니 자리가 좁기는 하지만 입구가 포근해요 그리고 오는 동안 화장실 문이 열린 줄 알았어요
TEST_0510,친구들들과 모두 만족했습니다 다음에는 가족과도 이용하고 싶습니다
TEST_0511,부산에서 갔던 호텔 중에서 가장 좋았던 것 같아요! 저는 로맨틱 오션 뷰를 썼습니다 뷰가 조금 아쉬운 느낌이지만 이용하기에 불편함이 없는 것 같아요~ 엉망진창이라 사진 찍기도 귀찮았어요
TEST_0512,위치가 너무 좋고 직원분들이 친절해요 방은 작지만 깨끗하고 시티뷰인데도 살짝 바다가 보여요 다만 조식은 먹지 마세요~
TEST_0513,호텔처럼 직원분들 또한 명불허전 아닙니다~ 일본 가서도 이런 금액을 받지 못하는데 신라호텔 시설이나 시설은 웬만한 호텔 수준보다 높고 너무 좋았습니다~ 직원분들도 친절하시고 직원분들도 너무 친절하셔서 너무 만족했습니다~
TEST_0514,바베에서는 인스타에 가장 아름다운 라돈가스가 1층 바람 물을 소모하는데 이것저것 소모하는데요 그리고 여기 몇 해 전 일 떨리는 건 어쩔 수 없나요 ᄏᄏ
TEST_0515,작지만 시끄럽고 가격이 비싸서 예약했네요 주차장이 없는 게 제일 큰 불편이고 화장실 ᄏᄏ 방에서 딸려서 볼 일이 있는데 힘듭니다 침대 커버에 곰팡이가 껴 있네요
TEST_0516,"룸 컨디션이 좋고 룸 컨디션이 좋으며 어메니티와 넓은 욕조와 화장실, 넓은 주차장이 있어 가족들과도 쾌적하게 머물기 좋네요"
TEST_0517,깨끗하고 깔끔하고 오션뷰도 있어서 좋았어요~~
TEST_0518,객실 깔끔하고 조용합니다 가족끼리 숙박하기 참 좋았어요 탑스한 물도 잘 나오고 객실도 따뜻해서 만족해서 다시 들립니다
TEST_0519,사우나 맞은 곳인데 뷰가 좋았고 분위기까지 맛입니다 ᄏᄏ
TEST_0520,코로나 태 운 좋게 저렴한 가격에 묶음 룸 업그레이드 서비스를 받고 다녀왔어요 아주 친절하시고 가성비에 남고 싶은 뷰가 미쳤습니다
TEST_0521,오션뷰는 괜찮지만 주차는 최악 ᄏ 지하철역이 엄청 좁고 기계식이라 SUV는 들어가질 않아요 주차할 데가 없어서 어쩔 수 없이 모텔에 묵고 싶을 정도예요
TEST_0522,남일친구가 놀러 오기 너무 좋네요 가성비에 오션뷰 최고예요 다음에 또 와보고 싶어요
TEST_0523,데모스뷰가 이뻐서 편했어요ᄏᄏᄏ
TEST_0524,두 번째 방문인데 시설이 깨끗하고 직원분들도 친절해요
TEST_0525,신라스야 말 안 해도 될 정도의 뷰는 한국에서 1등 맞습니다 다만 주차 타워 관리가 노후된 리모델링을 시급하게 할 것 같습니다 침대 정돈 서비스 세심한 배려가 필요합니다
TEST_0526,오션뷰가 아니고 낙후된 뷰입니다ᄏᄏᄏ 난 여기 안 가고 숙박하면 그럭저럭 괜찮아요 ᄏᄏ
TEST_0527,인스타파에 앉았습니다. 최악의 시설입니다. 콘도 중에 이렇게 낡은 시설에 이 가격이라니요 낮만 편히 쉬다 가겠습니당
TEST_0528,뷰가 정말 좋아요 잠옷도 비치되어 있고 위생부터 깔끔합니다 다만 물을 더 달라고 하면 물이 빠져 당황하네요~ 참고하세요
TEST_0529,조용히 놀기 좋아 좋은 추억이었는데요 낮부터 밤까지 떠드는 소리에 누가 대꾸를 하는 건지 요즘에 방으로 바꿔놓으시는지 좀 조용하다 싫으면 가슐 수도꼭지를 틀어놓으시길
TEST_0530,다 좋은데 조식 가성비까지 ᄏᄏᄏ
TEST_0531,깔끔하고 위치가 좋고 사장님 친절하고 객실 구성이고 그냥 여기서 자야겠어요
TEST_0532,기대를 안고 하고 갔는데 기대 이하임도 이 가격을 몰라 갈 수밖에 없으니 내련주실 정도로 호텔이라는 생각이 없음 그냥 오피스텔 옆에 있는 콘도를 이용해 숙소로 삼은 느낌
TEST_0533,깨끗하고 넓어서 좋았어요 그리고 근처에 큰 해변이 있어서 소소하게 산책하기 좋았어요
TEST_0534,늦은 시간 후기는 어쩔 수 없이 피해야 할 것 같아요
TEST_0535,아침에 방에서 일출도 보이고 사장님도 친절하시고 방도 깨끗하고 넓고 전자레인지도 좋고 가격 대비 너무 좋네요
TEST_0536,부산 올 때마다 항상 예약하는 곳입니다 주변 환경이라 건물이 낡아서 조금 아쉽지만 물품도 넉넉하고 너무 좋아요~
TEST_0537,부산역에서 헐린 것 같음 뷰보다는 뷰와 룸 컨디션까지 매우 만족한 호텔이 되었음
TEST_0538,가격은 좋은데 오션뷰가 엄청 이쁘네요 진짜 이뻐서 깜짝 놀랐고요 주차 공간이 협소해서 옆 건물 주차장에 가야 하는 거 아닌가 싶을 정도예요 이 가격이면 다른 데 가세요
TEST_0539,여행하기 너무 좋은 위치입니다 뷰도 맘에 들었고요 야경도 예쁩니다 이 가격에 룸 컨디션도 깔끔하고 만족스럽습니다 저는 28층 카페에서 커피를 마시고 있었는데 룸 컨디션이 너무 좋았습니다 룸 컨디션도 너무 좋았습니다
TEST_0540,좀 오래된이긴 하지만 호텔 투숙 후 후회할 일은 없고 사이트 관리도 업이 그냥 문을 두드리고 다녀왔습니다 프런트에 문의하니 층간 소음이 심해서 어쩔 수 없다고 하더군요 ᄒᄒ
TEST_0541,호캉스하기에 좋고 아늑하며 수영장도 구획하게 갈 수 있었었는데 야경은 물이 너무 잘 빠져서 못 갈 것 같았어요  시설은 깨끗하고 좋았습니다
TEST_0542,해운대에 바로 앞이라 위치가 좋음
TEST_0543,매너저들은 친절하시고 시설이 잘되어서 그런지 화장실 바닥 베개가 안 돼서 물이 넘치고 창문 열면 틀로 주울 때 거품이 생깁니다 그리고 객실 내 담배 냄새가 심합니다 객실 내 담배 냄새도 심하고 객실 내 담배 냄새도 심합니다 제발 부탁드립니다 제발 부탁드립니다 제발 부탁드립니다 제발 부탁드립니다 제발요
TEST_0544,방 컨디션이 좋은 편이고 수영장이 왜 유명한지 모르겠어요 뷰나 시설은 만족하지만 숙박객이 너무 많아서 어쩔 수 없는 선택이었어요
TEST_0545,그냥 오래된된 2인 모텔이구요 4인 가족이 오긴 했는데 좁네요 그냥 나을 걸 그랬어요 근데 같은 거익이 그냥 감기는 낫고 하고요 화장실도 그냥 개수대랑 샤워부스랑 샤워부스랑 샤워부스랑 샤워부스랑 샤워부스랑 샤워부스랑 샤워부스랑 샤워부스랑 샤워부스랑 샤워부스랑 샤워부스랑 샤워부스랑 샤워부스랑 샤워부스랑 샤워부스랑 샤워부스랑 샤워부스
TEST_0546,가격에 비해 넓고 매우 깨끗하며 관리가 잘된 편입니다 직원분들도 친절하시고요 하지만 방음 컨디션 난방 및 수압 조절이 잘 안 되는 것 같아요
TEST_0547,뷰가 너무너무너무너무너무너무너무너무너무너무너무너무너무 좋아해서 행복했어요 ᄏᄏ
TEST_0548,가성비가 아주 좋은 곳. 가격 대비 적당히 쾌적한 객실을 갖추고 있음 다만 해운대 여행하기에 조금 애매한 위치임 그리고 칫솔 등은 제공되지 않음
TEST_0549,깨끗하고 시설도 최고 수준입니다 조식도 깔끔했어요~
TEST_0550,사람 소리 때문에 잠을 못 잤어요 현관문은 계속 닫히는 것처럼 열리더군요 창문도 많이 닫힙니다 고층이라 좋은 첨도 있지만 안 좋은 첨이 더 많습니다
TEST_0551,청결하지 않은 것이 아쉽지만 그래도 잘 관리되고 있는 것처럼 느껴져요 창틀에도 먼지가 하나 없이 깨끗하네요 아침에 1층에 널릴 수 있는 조식이 참 좋습니다~ 재방문 의사가 있습니다
TEST_0552,어메니티는 일본식으로 준 것 같은데요ᄏᄏ
TEST_0553,맹뻔 같은 숙소라서인지 친절하고 청결합니다 디저트 호텔 2인실 좋아요
TEST_0554,3박 4일 휴가를 보냈습니다뷔페도 오픈이 얼마라 좋았어요 매우 만족했어요 사장님도 친절하시고 이불도 뽀송뽀송해서 매우 만족했어요
TEST_0555,뷰터뷰는 바닷가 근처보다 맛이 없어서 놀았어요 뷰 맛집이랑 뷰를 보는 동안 뷰만 보고 만족했습니다
TEST_0556,주차장 입실하는 걸 허락하면 최고입니다~~
TEST_0557,뷰는 없지만 일단 다른 곳에서는 못 쓰는데 여기서는 침구랑 페인트가 포근해서 잘 차요 에어컨도 맘대로 틀 수 있고 욕조도 넓어요 조식도 맛있어요
TEST_0558,작년에는 오픈 안 하는 호텔로 갔는데 여기도 괜찮았어요 그런데 올드 방 뷰가 대박이에요 빡세다고 해서 밖에서 보는 뷰인 줄 알았는데 진짜 대박이에요 ᄒᄒ 다음에 부산 오면 또 여기서 묵을 것 같아요
TEST_0559,시설이 너무 깨끗하고 사장님들도 너무 친절한데요 여름에 너무 더워서 걱정했는데 겨울이 잘 되어 있어서 너무 행복하게 쉬다가 왔네요
TEST_0560,위치와 가격에 만족하고 룸 컨디션도 좋습니다 청초호 뷰도 좋았고 셀프 체크인 어플로 여행도 가능하고 편리하며 깨끗해요~ 주차장도 가까워서 편리합니다
TEST_0561,지난 주말 주말에 방문했을 때 가장 좋았던 것은 깔끔한 인테리어와 침구류 욕조 모두였다 뚜벅이들의 퀄리티는 어느 정도였는지 모르겠지만 조식 서비스도 좋았다
TEST_0562,퀄리티디 수영장에서 1박했습니다 2호선 강변역 1번 출구 근처에서 10분마다 있는 곳이고 편하게 워커힐 캠프로 이동할 수 있습니다 본관 앞 광안대교 뷰를 감상할 수 있어서 좋았습니다
TEST_0563,건물은 다소 오래되었지만 전체적으로 깨끗하고 위치가 여유며 무엇보다 가격이 착해 가성비가 뛰어납니다
TEST_0564,객실이 깨끗하고 교통편도 편리하네요ᄒᄒ 특히 사장님이 친절하셔서 잘 이용했습니다 또 조용하기도 해서 가족들이랑도 놀러 와도 좋을 것 같아요
TEST_0565,침구만 조금만 더 좋아지면 5점입니다 ᄏᄏ
TEST_0566,아침 저녁실에 퇴실하실 분을 위해 시끄럽고 물을 뿌려 주시지 않았습니다 관리실에 가서 문이 안 나옵다고 하니 공사 중이라 오천 원짜리 단지가 있다고 하네요 직원들이 너무 불친절합니다
TEST_0567,별도의 개운함이 있어서 다 같이 먹기가 좋았습니다 빻에 엘시티는 없고 선풍기가 있어요
TEST_0568,사진처럼랑 똑같은 뷰가 너무 좋아요! 거뜬님랑 침구류 너무 예쁘세요 나 역시 너무 귀엽고 직원분들도 너무 친절하세요~ 다시 방문하고 싶네요
TEST_0569,쩔은 누님의 호텔 직원분들이 아주 친절해요 그리고 주차장이 넉넉해서 좋았어요
TEST_0570,모랬시큐리티 원 앞에 있어서 편안하게 잘 쉬었다 왔습니다
TEST_0571,방 업그레이드큐버튼 서비스로 해주는 것 같은데 말 그대로예요 ᄏ 대단한 호텔
TEST_0572,조식 가격은 좀 비싸서 시끄럽고 더럽아 한납 시그니엘에서 어쩌지 했는데 나만 향고 가격은 괜찮은 것 같아서 괜찮았어요
TEST_0573,리모델링해서 엄청 깔끔하고 침구도 고급져요~ 화장실을 추가적으로 사용했는데 냄새 없이 정말 깨끗해서 편안하게 이용했어요~ 창밖으로 동강이 보이고 뷰가 너무 예뻤어요 ᄒᄒ
TEST_0574,짧은 생성도 아니고 너무 괜찮아요 오래되었다고 걱정했는데 사실 저는 신세대 가성비 최고인 만큼 서비스도 최고예요
TEST_0575,지하철역에서 걸어서 1분 거리에 깨끗하고 관리가 잘 되어 있네요 처음엔 차로 방문했지만 주차 공간도 여유롭고 편하게 이용했네요 직원분들도 너무너무 친절하게 응대해 주셔서 좋았습니다
TEST_0576,완전 좋은 좋은데요 왜 벌거벗은 채로 일출을 보겠네요  객실도 깨끗하고 친절하고 화장실도 리모델링된 깨끗한 호텔인데 거기에 취사도 하니 더 좋아요
TEST_0577,오래된 건물물이지만 전망은 뷰입니다 뷰는 광안대교입니다
TEST_0578,"12월 1박 안퍼지가 환기되어서 소소하게 카촉돌이 방이라 하여 부산 여행을 선택했고 큰 방 수저고 4인치지만 룸 3개, 베개 3개인 6인실 오션뷰 B를 예약했습니다 재방문 의사가 있습니다"
TEST_0579,침구 깔끔하고 직원들 친절하고 방 구조도 잘 되어 있어서 불편함 없었네요 요즘 추워지는 날씨여서 이맘때쯤에는 자는 거고 끄 가격 할인이라도 가성비 좋습니다
TEST_0580,2월 11일 토요일 캠핑 리뷰 올래요 냄새 나는 화장실 온수 없는 캐비닛 사용하고 사용료 1만 원 전기도 없고 샴푸 린스 바디워시 바디워시 바디워시 바디워시 바디워시 바디워시 바디워시 바디워시 바디워시 바디워시 바디워시 바디워시 바디워시 바디워시 바디워시 바디워시 바디워시 바디워시 바디워시 바디워시 바디워시가 바디워시가 성하고
TEST_0581,4성급이라 홍볼했는데 싼 게 비지떡이다 서울 가운 싸구려 호텔인데 별 하나뿐이다
TEST_0582,오션뷰가 끝내주고 숙소가 엄청 쾌적하고 깨끗했어요! 동백섬 전망을 볼 수 있는 옥상에서는 바다가 뷰라면 둥 둥 둥 둥 둥 둥 둥 둥 둥 둥 하는 소리가 들립니다
TEST_0583,줄리 명명임 그리고 선천적으로 여행 갔습니다 너무 깨끗하고 친절했던 경험으로 가득 차서 후기를 하게 되었습니다 호텔에 디럭스룸과 카페가 있어서 너무 좋았어요
TEST_0584,여기가 이쁠 예약을 취소한다는 호텔인가요 뷰악인가요
TEST_0585,장점과 단점이 아주 분명한 숙소임. 장점문 깨끗하고 친절하구요 특히 뷰가 좋으신 듯함만 매우 훌륭함 단점은 단점일 수 있으니 참고하세요
TEST_0586,가성비 최고고 멋진 뷰임 ᄏ 앞으로 속초에 오면 여기 방문할 것임 최고입니다
TEST_0587,도로 옆 자리도 저렴하고 계곡도 가까우나감요 칵테일 마를 좋아하지 않고 사람 기분 나쁘게 하는 뷰네요
TEST_0588,해운대와 너무 가성비여서 좋고 뷰와 가격 명소에서 최고였어요
TEST_0589,장사를 압구정역이 한눈에 보이고 시설이 너무 깨끗하고 조용하며 샤워실을 하면 일출이넋두가 한 번에 나와 샤워가 한 방에 다 들어오더군요 샤워부스도 너무 깔끔하고 쾌적합니다
TEST_0590,입실 5일 동안 너무 지저분한 상태여서 취소 요청하면 100% 환불을 못 받고 나머지 환불도 안 받고 예약하려는 분들 참고하세요 저는 호텔 홈페이지에서 예약했다가 3일 만에 취소당했습니다 환불도 안 받고 환불도 안 해주고 환불도 안 해줍니다
TEST_0591,여기 좋아악~ 근데 간탈할 거 없이 아라퍼지는 조용하고 좋다 그런데 시트 움막아줌마가 자기네 안 쓰고 산수하는데 자기네 안 쓰나 싶을 정도로 시트 움막아줌마한테 시트 움막아줌마한테 시트 움막아줌마한테 시트 움막아줌마한테 시트 움막아줌마한테 시트 움막아줌마한테 시트 움막아줌마한테 시트 움막아줌마한테 시트 움막아줌마한테 시트콤파입니다
TEST_0592,오픈 시국에 비해 룸 컨디션이 그다지 좋지 않고 청소 상태도 불량합니다 무엇보다 직원들이 불친절하고 서비스 수준이 엉망입니다
TEST_0593,학년 여행 중에 다녀왔어요~ 좋아요
TEST_0594,언제 묵 묵는 곳이라면 가도 괜찮지만 조식은 기대하지 않는 게 좋습니다
TEST_0595,여기 주차 공기가 없다고 창문이 열려 있고 창문에 보이는 뷰가 있는데요 특히 겨울 방엔 바로 앞 바다에다 주차하세요 5만원입니다 일반 엉망 건물 외에는 공짜입니다
TEST_0596,가격도 너무 비싸고 화장실에서 외국산처럼 나왔네요ᄏᄏ
TEST_0597,체크인 후 객실입니다입니다입니다입니다입니다입니다입니다입니다입니다입니다입니다입니다
TEST_0598,네이버 후 후기를 보면 안 되네요 방이 너무 좁다고만합니다 네이버로 예약하면 방 큰 것 같은데 방은 작네요 옆에 호텔은 엘리베이터가 없으니 엘리베이터를 타야 해요
TEST_0599,깔끔하고 너무 괜찮네요~ 특히 사장님이 너무 신경을 많이 써주시고 따뜻한 분이네요~ 후기 정말 잘 안 남겼는데요 사모님이 너무 잘 아내시고 인심이 좋아서 후기 남깁니다
TEST_0600,캠핑장 주인분들이 너무 친절하시고 공사 시설과 텐트 상태가 청결합니다 TV도 따뜻해서 가격 다르고 나홀로 여유 있어 아주 잘 놀다 왔습니다~ 강추합니다
TEST_0601,넓고 쾌적하고 베개도 좋고~ 분수대도 잘 되어 있어서 편안하게 이용하고 왔어요~
TEST_0602,여기는 가이아가 운영하는 곳이라 넷째 딸아이 데리고 다닐라고 하는데 일단 갈맵 후기는 어디나 쓸 수 있어서 여름에 반납하면 될 듯합니다 부산역 1역과 가깝고 모텔 정중앙이랑도 가까워요
TEST_0603,사장님이 친절하심. 가격 대비 시설은 우수함
TEST_0604,너무 이럽니다 신라스테이 인테리어가 있는데 너무 수압이 약했어요 가장 실망했던 부분은 방음이 너무 심각하게 안 되어 있어서 다른 방으로 옮기는 것을 추천해요
TEST_0605,서울 여행에 갔다 왔다가 지금 조용하게 있어요 ᄏᄏ
TEST_0606,넓고 깨끗해서 가족 모두 너무너무 좋아했어요~
TEST_0607,"프레지던쿠 부산을 혼자서 여행 중, 두 번째 날 잡은 숙소입니다 근데 이 가격에 이 정도 호텔이 많지는 않네요 이쪽 호텔에는 딸기 반찬이 몇 가지 있습니다 샴푸 린스 바디워시 샴푸 린스 바디워시 바디워시 바디워시 바디워시 바디워시 바디워시 바디워시 바디워시 바디워시 바디워시 바디워시 바디워시 바디워시 바디워시 바디워시 바디워시 바디워시 바디워"
TEST_0608,창 밖으로 바로 앞 산의 뷰가 보이는 뷰 추천! 아침 조식은 뷰가 끝내줘요 따뜻한 음식은 아니지만 냉동식품을 하나 없으니 따뜻하고 청결한 것 같아요
TEST_0609,합리적인 가격 가격과 만족스러운 청결도입니다
TEST_0610,너무너무 강추합니다! 웬만하면 후기 안 쓰는데 여기 호텔 정말 상냥하게 돈을 쓸 만큼 너무너무 깨끗하고 뷰가 너무너무 예뻐요~~
TEST_0611,전망이 좋고고 여러 관광지와 방문이 가능합니다 우선 외관은 카운터와 직원분들이 너무 친절합니다! 옥상 전망도 좋고요 단점은 주변 편의시설이 너무 부족합니다
TEST_0612,바닷가 눈 앞에 펼쳐진 풍경이 늠름한 몇 년 후의 모습입니다 지금 여기에 볼거리도 충분합니다
TEST_0613,오만뷰 가성비 좋은 호텔이네요 카운터에 계시는 사장님이 너무 친절하세요 방에 들어가자마자 너무 좁아서 당황하긴 했지만 혼자 자는 거라 괜찮았네요
TEST_0614,조금 연할 때 갈 때 간 건데도 너무 만족했어요 사진하고 갔더니 옆에 공기 청정기가 있어서 너무 쾌적하고요 이 근처에 묵었던 숙소들 중 5성급 호텔은 처음이라 당황스러웠습니다
TEST_0615,수영장이이 되었어요ᄏᄏᄏᄏ
TEST_0616,객실도 깨끗하고 위치도 좋았고 무엇보다 전망이 좋아서 놀랐습니다 다음에도 재방문하고 싶네요
TEST_0617,민충 주고 왔는데 안 보내준다 해서 후회가 되었어요 가지 마세요
TEST_0618,진짜 깨끗요 위치도 좋고 객실도 너무 편안해요 직원분이 너무 친절해서 기분이 좋았어요~
TEST_0619,체크인부터 최악이었다
TEST_0620,깨끗함 굿굿굿굿굿굿굿굿굿굿 1층 스카이바운티 아주 예쁜데 라운지 뷔페입니다
TEST_0621,시티뷰뷰 굿! 접근성도 굿! 친절한 가성비 굿! 여기가 친구들끼리 파티하기 좋은 곳 뷰 모든 것이 이쁘고 만족스럽다~ 추천합니다
TEST_0622,도표 특가로 다녀왔습니다 비싼 게 비지떡임이라는 말이 딱 들어맞네요 5층 복도 끝 방이었는데 천장 비료로 공사 중인 복도 없이 방을 주신 게 속상했고 방 안에 곰팡이가 너무 심해서 잠을 못 잤습니다
TEST_0623,아이들과 부모님 모시고 부모님 모시고 다녀오려고 왔네요 ᄏᄏ
TEST_0624,야쿠 후회하지 않을까요 예쁜 사진이 많았는데 못 찾았네요
TEST_0625,침대는 푹신푹신 좋았지만 청소 상태가 매우 별로였어요 양치질과 머리카락이 그대로 있었더군요ᄒ 겉만 보면 가격도 처럼하고 시설도 나쁘지 않았어요
TEST_0626,들어오자마자 문에 기대주차장에 짜 넣었네요 방이 크고 새 건물이라 좋았습니다
TEST_0627,직원들이 진짜 친절하세요! 그리고 뭐 더럽다고 하는데 5성급 호텔 가도 똑같은데 뷰는 진짜 거지 같아요 주변에 시장이나 편의점 등 편의시설도 많고 바베큐장도 바로 앞이라서 너무 편해요
TEST_0628,제가 가 가봤던 곳이 많지는 않지만 정말 인상 깊게 이용했던 곳 중 한 곳입니다~ 이 가격에 걸맞게 아주 깔끔하구요 여러 가지로 신경 쓰는 모기가 보였습니다 사장님이 꼼꼼하게 신경 쓰신 것 같습니다
TEST_0629,서비스 광쾅쾅 별 한 개도 아까워요~ 올 망할 서비스입니다
TEST_0630,여기 호텔은 주차장도 넓고 상가에 비치되어 있어 편리합니다 객실은 바다도 보이고 좋은 것 같아요 근데 건물 안에 곰팡이가 너무 심해요
TEST_0631,호텔 직원입니다입니다입니다입니다입니다입니다입니다입니다입니다입니다입니다입니다입니다
TEST_0632,전반적으로 방 청소의 청결도 밑 어메니티는 만족스럽습니다 수건도 넉넉하게 비치되어 있고 이 숙소에서 가장 만족스러운 건 직원들의 친절도입니다 아침 숙소에서 물과 수건이 준비되어 있고 아침 조식도 준비되어 있습니다 조식도 준비되어 있습니다
TEST_0633,꼭대 호텔의 시장 통 가보셨던 호텔은 여기가 처음인 것 같음 한겨울에 다시 방문하면 다시 묵을 일은 없는 듯
TEST_0634,너무 마음에 마음에 들어요 방이 도착했는데 평일이라 그런가 레지던스에서 오션뷰로 업그레이드해줘서 좋았어요
TEST_0635,아이들을 위한 시설이 있는 건 장점이지만 단점입니다 단점입니다 에어컨으로 에어컨을 사용할 수 없는 골실이었습니다 에어컨 유닛 없어서인지모르겠습니다
TEST_0636,너무 좋아해요 다음에 들를 때 또 가고 싶어요~
TEST_0637,위치는 치사하다 싶으면 바로 앞이라 엄청 편하지만 깨지는 줄 알고 올라올 수 없음 정돈이 늦을수록 해요 이 가격대로 너무 저렴하긴 하지만 이 가격에 이 정도 퀄리티는 아니에요
TEST_0638,강릉역이랑 가까웠고 사진보다 객실이 넓었어요 객실이 깔끔하고 조식이 맛있었어요 사장님도 친절해서 좋았습니다~~
TEST_0639,겨울은 식사가 없고 리필도 안 되네요 겨울에는 더운데 겨울에는 더운데 겨울엔 더운데 가야 하는데 모르겠어요
TEST_0640,주차장이 친숙한데다가 너무 협소해서 당황했던 거 빼고는 가성비 좋은 호텔이었다
TEST_0641,디럭스 컴플륨 가성비 좋았어요 너무 좋습니다~~ 완전 편안하게 잘 와 있었어요
TEST_0642,1. 주차불편한 점 몇 대 갈 숙소가 없어서 여태 지내기가 힘듦. 2. 욕실 샤워 한 번 하면 한숨됨 안달을 때 혀끝을 찌르긴 함 그리고 욕실 문이 닫혀 있음 방음이 안 됨 방음이 안 됨 방음이 안 됨 방음이 안 됨 방음이 안 됨 방음이 안 됨 방음이 안 됨 방음이 안 됨 방음이 안 됨 방음이 안 됨 방음이 안 되는 건지 직원분들이 시끄럽게 떠들썩하게 떠들썩하게 떠들썩하게 있는 건
TEST_0643,최악기 여행 중 지난 주말 숙소였던 레지던스 룸이 바로 뷰와 내부는 시설에 가려서 아쉬웠다 하지만 체크아웃 후 소파에 앉아있을 때 보이는 뷰가 너무 예뻤다
TEST_0644,와보고 가고 싶은 아늑함 부산역과도 연결했네요 기대됩니다~~~
TEST_0645,카페테 방 천장에 칼이 꽂힌 객실인데 객실에 들어가면 재채기와 변기가 나옵니다 먼지가 많은 곳에서 향이 나다는 중상인데 가성비가 좋습니다
TEST_0646,가성비로 승부하는 곳. 서울 오피셜텔 미분앙을 호텔로 전화하는 경치가 많은데 위치도 그런 게스트라먀췬 뉴튼을 맡아서 사용한 흔적이 역력하네요
TEST_0647,호텔 주차 시설과 방 세면장 시설이 우수했습니다
TEST_0648,가격 대비 주차 외에는 여기는 방문할 필요가 없습니다 방음이 전혀 안 됩니다 밖에서 샤워하는 물소리가 방 안에서 들림 엄청 크게 들림 쿵쿵거리는 소리에 잠을 못 잤습니다
TEST_0649,위치나 시설은 좋아요 청결은 조금 아쉽습니다
TEST_0650,숙소에서 찍은 사진이에요 ᄒ 가격도 좋고 신축 건물이라 깨끗하고 좋았습니다 룸서비스도 같이 이용해서 편했구요 무엇보다 제 어메니티인 물티슈가 너무 맛있어서 좋았습니다
TEST_0651,주인 아주님께서 친절하시고 직원분도 친절하세요 방도 엄청 깔끔한데 기기도 넉넉하고 넓고 쾌적했어요 부산 여행 와서 2박 묵었는데 딱 좋았다~~
TEST_0652,부산이라는이라서 일찍 도착해서 처음 방문했습니다 나 12시가 넘어서 예약할 알았습니다 트윈방 2개를 써주시고 5시간 넘게 기다리셔서 도착했습니다 방문하자마자 트윈방 문을 열고 들어가서 문을 닫고 들어갔습니다 문을 닫고 들어가서 문을 닫고 들어가서 문을 닫고 들어가서 문을 닫고 들어가서 문을 닫고 들어가서 문을 닫고 들어가서 문을 닫고 들어가서 문을 닫고 들어가서 문을 닫고 들어가서 문을 닫고 들어가서 문을 닫고 들어가서 문을 닫고 들어가서 문을 닫고 들어가서 문을 닫고 들어가서 문을 닫고 들어가고
TEST_0653,프라이빗도 이 정도면 최악이다 결심했어요 뷰는 TV 화면도 나오는 게 거의 없고 이불 속옷만 냄새가 나네요 샤워는 시원하게 해준 것 하나 너무 아쉬웠어요 뷰는 말할 것도 없고 침구류도 너무 더러웠어요 룸 컨디션도 나쁘지 않았어요
TEST_0654,여기는 무조건테라스 객실로 가야 함 진짜 뷰가 미치고 크기도 미쳐서 사진이나 엄청 예쁘게 나옴 펜션이나 호텔 느낌보다는 시티뷰가 더 좋음
TEST_0655,마준펀 호텔에 묵었는데 이 호텔에 펀테가 있어서 신기하고 좀 전화 드렸는데 전화 응대가 너무 불친절하네요 말이 끝나기도 전에 전화 끊어버리다니요
TEST_0656,싸지가 나쁘지 않은 상태라 객실 소음이 너무 컸어요 욕조 샤워하는 것 같았는데 옆 건물 공사라고 했어요 아침 8시에 소음이 심해서 프론트에 전화했더니 방음이 안 된다고 하더군요 방음이 안 된다고 하더군요
TEST_0657,아이들과 함께 가면 좋아 보이네요 그리고 수영장도 있고 개인 트레이닝도 있고 분위기도 좋고 사장님도 친절하시고 좋았습니다
TEST_0658,방 컨디션도 좋고 편안하게 잘 쉬다 갑니다
TEST_0659,처음 후키 서포트는데 가격 대비 시설 및 위치 및 편의 시설 다 별 5개인데 프론트에 손님 응대하시는 분이 정말 싸가지가 없어 별 1개도 아깝습니다 프론트에 연락해서 체크인할 때까지 기다려야 합니다
TEST_0660,방에서 기차랑 같이 여행하면서 두 마리 말을 봤어요 파크펄렉이 아니고 바다에서 왔어요 벌레라고 변명하시던데 무슨 벌레가 왔어요
TEST_0661,머리카락이 머리카락이 더 많았는데 사진 좀 찍었더니 별 다섯 개가 한가득이다 여름 샌드위치 같은 재료로 겨울 샌드위치도 방불했더군요 바닥에 머리카락이 너무 많아서 잠을 못 잤어요
TEST_0662,더 좋은 건 2인실인데 깨끗하고 화장실이 커서 만족합니다
TEST_0663,해운대에 친구랑 놀러 가서 좋은 추억 만들고 왔어요 그리고 제가 숙박했던 펜션 위치가 정말 핫플레인 수준이었어요 주변 맛집들도 엄청 많았고요 특히 바다 뷰가 너무 예뻤어요
TEST_0664,깔끔하고고 친절하고 ᄒᄒ
TEST_0665,수영장 물이 좀 작고 조마조마해요 실내 수영장은 너무 춥고 양은 안 돼요 스프링클러나 하수구 결역기도 좋고 화장실이 밖에서 보이는 게 좀 찝찝해요
TEST_0666,춘천에도도 왔었는데 오랜만에 리뉴얼 했네요 아주 깨끗하고 너무 친절하시네요ᄏ
TEST_0667,언제쯤 이용하고 싶지 않네요  숙박비에 주차비는 따로 내야 하고요 객실 시트기도 안 벗겨져 있고 방음도 안 되고 침대 시트도 안 벗겨져 있네요
TEST_0668,도로 소음음 때문에 잠을 잘 수가 없음! 뷰도 별로고 나머지는 모텔을 가려면 또 올라가야 함 ᄏᄏ 화장실과 샤워실은 시설 나쁘지 않음
TEST_0669,룸서비스 뷔페 반상~ 또 먹고 싶어요 랜드마크 호텔 너무 좋아요 ᄏᄏ
TEST_0670,너무 깨끗하고 깔끔한 숙소였어요~ 와보고 싶었던 호텔이었는데 기대 이상이라 다음에 또 오고 싶어요 잘 놀다가 갑니다
TEST_0671,엘리베이터 물을 뿌리고 사우나를 하면서 한가하고 숙박했어요 모텔 안에 세탁기가 있어서 술 한 잔 더 하기 좋았습니다
TEST_0672,깨끗하고 가격이 저렴하며 항상 방문하고 싶은 곳입니다
TEST_0673,주차장 만장인데 외제차는 앞에 센스 주고 체크아웃하고 내려올 때 보네 뷰는 만차인데도 자상하게 주차장으로 들어오라고 하네요 다른 곳은 어떨까요
TEST_0674,요즘 처음으로으로 온나 갔는데 너무 좋았어요! 시설도 좋고 너무너무 만족합니다~~ 다음에 또 와보고 싶어요ᄒᄒ
TEST_0675,최악네요 퉤이불에 먼지부터 방음도 많이 나오고 여행 다니면서 리뷰 남깁니다 최악입니다 최악입니다
TEST_0676,최고야다! 친절하시고 깨끗하고 편해요 ᄏᄏ
TEST_0677,남성은은 항상 국내 중인 것 같아요.. 빌리지 뷰 주었는데 소음 1도 안 나고 좋았어요! 체크인이 늦었는데 로비가 21층인 걸 몰라 한참 헤맸어요ᄒᄒ
TEST_0678,"고층호수 캠핑버스터미널과 로데오거리, 어느 레프트가 좀 알림 ᄏᄏ"
TEST_0679,호텔 컨뷰가 너무 예뻐요 너무 예뻐요 굿굿굿
TEST_0680,몇몇은 사진에 속지 않았나 싶어서 찾아왔더니 청소가 안 되어 있어서 놀랐더군요 오락이야 하고 물엿보는 것이 아쉬웠던 곳입니다
TEST_0681,절대 오지오면 이런 식으로 관리하는 곳은 어디 가고 싶지 않습니다 복도가 번화가에 전엔 없던 분이 추천해 주셔서 다녀온 건데 윗층과 윗층 사이 거리가 좀 있긴 합니다
TEST_0682,깔끔하고 좋아요! 조명이 좀 아쉬웠고요 엘리베이터가 옆에 정수가 있다는 안내를 해주지 않아서 그냥 갔습니다
TEST_0683,작년에 방문했는데 아늑한 국취 심취한 곳이라면 여기도 작고 좁은 가격에 넓은 숙소 조식도 맛있음
TEST_0684,청소된 침구류가 덜떨어져서 업그레이드된 방에 갔는데 침구류는 거의 깨끗한데 원의 방향이랑 먼지가 벽에 부딪혀 있었어요 이불에 먼지가 묻어 있었어요 이불에 먼지가 묻어 있었어요
TEST_0685,외관은 훌륭하고 객실 컨디션은 만족하지만 카펫에 비해 시설물이 노후되어 더러워 보이고 객실과 분리되어 있는 바베큐가 매우 불량이며 구리가 좋지 않음 가짓수가 적고 뷰가 좋은 건 사실이지만 가짓수가 적고 뷰가 좋지는 않음
TEST_0686,청결해서 너무 좋았어요! 객실에서 락스 냄새나 담배 냄새도 나지 않았고 먼지 없고 깨끗했어요 욕실 문이 답답하지 않고 친구랑 놀기에도 좋을 것 같아요
TEST_0687,직원이 방을을 깨끗하지 않아서 침구류와 침구류였습니다
TEST_0688,최악입니다 잘는데 확변경보도가 울려서 잠도 못 자고 발바닥이 떨리고 샤워한 흔적도 없어서 방에 누워 있습니다 다시 가고 싶지만 환불도 안 해줍니다
TEST_0689,체크인 할 때부터 레프트 체크아웃 도와주셨고 친절했어요~~ 뷰는 파라다이스 ᄏᄏ 조식도 메뉴가 많지는 않았지만 뷰 맛집이었어요
TEST_0690,화장실이 깨끗하고 직원분들이 친절하시고 가격이 저렴하고 가성비가 좋습니다 바로 앞에 바다도 있어요~ 칫솔과 치약이 없는 것이 아쉬워요
TEST_0691,오일뷰랑 내 친구랑 갔던 숙소인데 여기 갔다고 속초 여행 갈 정도니깐 뷰 대박이었습니다 간취 오랜만에 추억 만들기 잘한 것 같아요
TEST_0692,오늘 바 행사가 갑작스럽게 취소되었습니다ᄏᄏ
TEST_0693,샨이 진짜 내 망을 딱 청소하네요 전 진짜 안 갈 것 같아요 ᄏᄏᄏ 넷플릭스 리뷰가 안 좋은 거 빼면 이 정도로는 안 좋으면 리뷰로 리뷰 올릴 게 아니라 직접 써보는 게 좋을 것 같아요
TEST_0694,최근에 리 리뉴얼했었네요 그래서 그런지 깔끔하고 친절하셨네요 루프탑에서 조식 주셨더니 저를 명도 떼시고 너무 편안하고 좋은 여행이 되었습니다ᄒᄒ
TEST_0695,별서 8년 방문하고 있는 나이트 클럽 캠핑장. 정말 여름이면 이국의 시원함이 느껴지는 아름다운 캠핑장입니다 같은 코스에 와서도 저렴하게 이용할 수 있어서 좋았습니다
TEST_0696,광안대교가 보이니까 너무 좋아요 뷰가 끝내주는 완벽하네요 ᄏᄏ
TEST_0697,와인 숙소 가길 잘했네요 라운지에서 와인 마시면서 분위기를 잡다니 진짜 좋았어요
TEST_0698,시설도 괜찮고 너무 친절하셨어요~ 묵어보다 침구가 푹신푹신해서 잘 자고 왔네요~ᄒᄒ
TEST_0699,가족 여행으로 다녀왔는데 너무 잘 쉬고 왔어요! 바다와 가깝고 깔끔했어요 조용하면서 방음도 잘 되어 프론트에 좋은 숙소라고 느껴졌어요
TEST_0700,언제부터 갔었냐고 물어보니 그때부터 잤다더라구요
TEST_0701,후기에저에 올닉 사람이 엄청 많네요 후미 소리와 차 지나가는 소리와 새 소리 들리는 소리에 새벽부터 깼네요 시설은 소소합니다 객실은 넓고 쾌적합니다
TEST_0702,가성비 좋은 스위트룸 블라인드 호텔 디럭스룸에 묵었다 원래는 층인 5층에 배정받았는데 성수기와 겨울로 전망이 어두웠지만 가성비 좋게 잘 지어진 것 같아 만족스러웠다
TEST_0703,2박에 25만 원을 내고 루프탑 더블룸에 왔는데 여관 방 수준네요 혼잡했어요 침대 이불에 얼룩이 있고 침대 머리맡에 얼룩이 있어서 머리맡에 얼룩이 있더라고요 침대 이불에 얼룩이 있고 침대 머리맡에 얼룩이 있더라고요 침대 머리맡에 얼룩이 있더라고요 침대 머리맡에 얼룩이 있더라고요 침대 머리맡에 얼룩이 있더라고요 침대 머리맡에 얼룩이 있더라고요 얼룩을 놓는 버튼을 누르는 버튼도 없어서 바디워시 버튼을 누
TEST_0704,트럭스다 가는 길이 힘들지만 너무 예쁘고 조용하며 일도 많고 힐링하고 왔습니다
TEST_0705,에에 주인 아저씨가 첫 번째 여행이었으며 첫 번째 일정으로 해피 호텔을 이용하였습니다 이용 첫날부터 불안감이 가득했고 객실 내부도 텅텅 비어있었습니다 객실 자체는 괜찮았는데 객실 내부에 곰팡이가 너무 심했습니다 칫솔 치약 치약 등이 구비되어 있었습니다 칫솔 치약은 구비되어 있지 않았습니다 칫솔 치약은 구비되어 있지 않았습니다 칫솔 치약은 구비되어 있지 않았습니다 칫솔은 구비되어 있지 않았습니다 칫솔은 구비되어 있지 않았
TEST_0706,호텔 바로 인접해 거의 공사 중입니다 침대 매트리스로 도 닦기만 해도 5층에 누웠다면 침대가 큽니다 처음엔 뷰는 줄 알았습니다 환불 받고 싶은 마음이 굴뚝 같았습니다
TEST_0707,오션 뷰 너무 예쁘고 좋았어요  방이 조금만 넓어져서 더 좋았지만 전체적으로 만족합니다
TEST_0708,숙파 갔는데 옆이 바로 도보가 지저분해서요오토바이 소리 때문에 밤새 잠을 못 잤어요
TEST_0709,해운대를 방문할 숙소로 좋은 곳입니다 가격도 괜찮고 시설도 나쁘지 않은 곳이라고 생각합니다 다만 엘리베이터 타기가 좀 쉽지 않고 늦은 시간까지 기다려야 해서 불편했습니다
TEST_0710,내 생 최악의 호텔 부산은 생각지도 않고 생각 안 하고 가고 싶지 않은 곳의 대명사로 설욕하고 싶은 곳만 선택하겠습니다 절대 후회하지 않겠습니다
TEST_0711,저녁에 객실에서 쉬고 있는데 뷰는 남성 취향이 느껴지는 샤워가 이쁩니다 여관문 열리는 소리가 들리고 여관 소리 들립니다 살짝 시끄러운 소리도 들립니다
TEST_0712,들어오자마자자마자 아쉬운 점이 많은 곳 같음 다른 건 다 노후되어 전기가 왜 이렇게 약정하는지 침구 좀멍 전등이 왜 안 켜지는지 모르겠음
TEST_0713,* 롯데터널에서 담배 냄새 때문에 후 사용하신 분들 주차 클레임을 대리석으로 결제했더니 제한적으로 클레임을 체크하는 객실에 대해서는 주차비를 별도로 환불해 주겠다고 하더군요 ᄏᄏ
TEST_0714,30만 만에 처음으로 와봤습니다 ᄒᄒ 살다 살다 뷰 보고 싶었던 건 처음이네요ᄒᄒ
TEST_0715,위치는 정말 좋아요 부산 온다면 여기 다시 와도 좋을 것 같아요 투숙객이면 전 시티뷰는 안 했는데 주차장 건물이었고요 방은 복도 아니면 좋은 것 같아요 카운터 직원분들도 친절하시고 위치도 좋습니다
TEST_0716,룸 컨디션이 쾌적하고 룸 안에 화장실도 구비되어 있어서 편리합니다 속초 터미널 가까워서 차 없이도 접근이 가능합니다 주차장은 약간 협소해서 건물 내 주차장이 협소합니다
TEST_0717,가격은 저렴하게 되어 급하게 예약했는데 배정에 체크인하게 되어 걱정했어요 바로 문장과 전면으로 체크인에게 세심하게 신경 써주셨어요 주차도 편리하고 무엇보다 이용객들의 접근성이 좋습니다
TEST_0718,퓨릇취요 부산에 있는 숙소 호텔이다
TEST_0719,방의 위생 상태나 창밖의 뷰는 최고다 그런데 방음은 최악이다 물론 호텔을 다녀보았지만 옆방 테라스에서 샤워한 테라스 소리가 들리는 것은 처음이다 방음이 안 되는 건 단점일 수 있다 방음이 안 되는 건 단점일 수 있다 방음이 안 되는 건 단점일 수 있다 방음이 안 되는 건 단점일 수 있다 방음이 안 되는 건 단점일 수 있다 방음이 안 되는 건 단점일 수 있다 방음이 안 되는 건 단점일 수 있다 방음이 안 되는 건 단점임
TEST_0720,평창학캉스에 온 것 같은 느낌이고 편하고 좋았어요~
TEST_0721,이그제큐티브 라운지 시설 및 서비스 시설 및 음식이 만족스러웠습니다 이번 투숙객도 수영장을 무료로 이용해야 하는 것은 아쉬운 부분입니다
TEST_0722,오렌말라 호텔 뷰에 감탄 후 후기를 보고 부르게 되는 컨디션에도 불구하고 오션뷰를 선택했음 서울 어디서나 이 생김새가 이쁘게 보이는 것 같아 너무 좋았음
TEST_0723,지하철랑 가깝고 코엑스랑도 가까웠어요 빕스 비즈니스 호텔 여러 군데 다녀봤는데 만족합니다~
TEST_0724,가격 대비 시설이 좋았습니다 깔끔하고 분위기도 좋았습니다
TEST_0725,사장님이 친절하시고 내부는 깔끔해요 다만 3층 뷰는 전통시장이 보이는 점 참고하세요
TEST_0726,객실이 깔끔하고 시설이 매우 깔끔하였어요 ᄏᄏ
TEST_0727,외관이 낡아 걱정했는데 내부 인테리어를 새로 하셨나 봐요 헐쩍 깨끗하고 잘 쉬어 가요 스타일러도 있고요~ 뷰는 말할 것도 없어요~ 오랜만에 가족들과 즐겁고 잘 쉬었습니다
TEST_0728,조식 시원하게 괜찮아요 청음에는 너무 주차가 다 폐해 느낌이라 너무 괜찮은데 이런 늦잠을 잤는데 내키는 남자 해도 깨끗하게 정리되어 있고 오션뷰라 그런지 깔끔하게 잘 지내고 갑니다
TEST_0729,연기는 안 갔으면 좋겠다
TEST_0730,사진이 너무 예쁘서 방문했는데요 숙박 부스로 할인 받은 거 감사하더라고요 가성비가 너무 좋아서 놀았어요 감성적 숙소에서 진짜 만족하고 갑니다
TEST_0731,뭔가 힘서움 없이 많은 것 같은데 사실 제대로 된 게 하나도 없어요 침대는 너무 불편하고 방음이 안 돼 새벽 3시까지 미끄러져서 잠을 못 잤어요
TEST_0732,출장차 뷔페에 오게 되면 조금 먼 지방으로 출장하러라도 꼭 여기만 와요 뷰도 좋고 시설도 쾌적하고 다른 곳은 못 가더라도 잘 유지해주시구요~~~ 다음에 부산에 오면 또 여기서 묵을 예정입니다
TEST_0733,겋지 하나만으로도 다 먹고 올라가는 곳. 예전만큼은 아닐 듯하지만 그랩도 부스러기엔 조금도 변색 없는 곳 1998나인가 싶을 정도로 깨끗하고 쾌적합니다
TEST_0734,출장 갔면 여기부터 다녀오겠어요ᄏᄏᄏ
TEST_0735,별로 5 6번 출구로 나가면 바로 도착해요 직원분들도 친절하시고 객실도 깨끗했어요 정말 기분 좋게 머물렀어요
TEST_0736,저독 리뷰를 보고 방문했답니다 친절하신 사장님과 깨끗한 객실 및 오션뷰 그리고 스타벅스까지 멋진 방을 가진 사장님~ 감사했어요 내년에 다시 방문할 예정입니다
TEST_0737,제가 얼마진 않았으나 내부가 깔끔하고 직원분들이 친절했습니다 이번 여행 온 기분도 나고 그랬네요 ᄒᄒ
TEST_0738,글루스 뷔페를 먹으러 갔는데 먹을 게 없었음 수건에서 묵었는데 손님이 어떠한 안내도 없음 자는데 착오가 일어나서 방화 시간이 늦어져서 잤음 칫솔 치약 바디워시 바디워시 바디워시 바디워시 바디워시 바디워시 바디워시 바디워시 바디워시 바디워시 바디워시 바디워시 바디워시 바디워시 바디워시 바디워시 바디워시 바디워시 바디워시 바
TEST_0739,설악 하니 가격은 완장치리 도를 넘었나 봅니다 더럽다고 미쿡 미쿡 다른 사람들은 이미지를 해치려 했는데 왜 유리로 되어 있어서 그런지 모르겠네요 룸 컨디션도 나쁘지 않았습니다
TEST_0740,예뻐요 숙소 안경이 너무 이쁘게 잘 나왔어요 뷰가 이뻐서 숙박하기 딱 좋은 편입니다
TEST_0741,저희 가족 가족은 오랜만에 먹는 것도 좋아하고 인원수도 많아서 무조건 펜션만 찾으셨어요 ᄒ 율리아 리조트 엘시티를 알고 나서 예약했습니다 ᄒ 펜션이랑은 비교도 안 되게 넓고 쾌적합니다
TEST_0742,최고입입니다 시설도 좋고 주차도 넉넉합니다
TEST_0743,안 좋은 좋은 추억도 있네요 사장님이 꼼꼼하게 관리해서 저는 몇 번인가 방문했어요 호캉스도 아주 가깝고 펜션 숙소도 깨끗하면 카페도 예뻐요 그리고 창가 비우는 날만 예약할 수 있어요
TEST_0744,새로 오픈 후 호캉스를 즐기고 갑니다 또 올게요~
TEST_0745,접근성과성과 가성비는 좋지만 아직 큰 것 같아요
TEST_0746,침구류가 너무 따뜻했어요~ 전체적으로 깔끔하니 좋네요~
TEST_0747,일단 외관부터 실내 인테리어가 모던하고 깔끔합니다 가성비도 쾌 괜찮고 뷰도 좋은데 타올 향기가 매우 심해요
TEST_0748,취사 시설이 있어서 간단히 해먹기 좋음 해운대 바로 앞 초호화건이라 교통이 좋음 다만 체크아웃 시 엘리베이터를 천 년 만 년 기다려야 함
TEST_0749,최악임 뷰는 차도 주차도 제대로 안 되고 뭐 하나 침대 머리맡 잡아보면 별례 알 만한 것도 없고 후기들은 다 막혀서 아무 것도 안 쓰려고 하고 뷰는 정말 최악임
TEST_0750,오줌 장점인데도 침구류가 포숑표쏭하고 수압하지도 않고 너무 좋았어요
TEST_0751,서울 가 가보고 조용하고 좋았음 서울 숙소는 태평으로 괜찮았으나 방 바닥이 머리카락이 그대로 있고 청결 상태가 양호하지 않음 쒸네랑 멀어서 그런지 베개 커버에 머리카락이 그대로 있었음
TEST_0752,서비스는 친절하시고 시설은 좀 오래되었습니다 뷰는 만족스러운데 부족한 것은 아쉽네요
TEST_0753,예약하면 예약하면서 취소한 건데 왜 예약하지 않았을까요
TEST_0754,깨끗하고 다 좋아요~~~ 어메니티입니다
TEST_0755,조용한데 여기 입구에서 뜨거운 냄새가 나요 오션뷰보다는 오히려 먼지투성이인 것은 분명합니다 청소를 안 해줘요 약간 숫자로 해야 하는 시그니엘 침구류랑 침구류랑 침구류랑 침구류랑 침구류랑 침구류랑 침구류랑 침구류랑 침구류랑 침구류랑 침구류랑 침구류입니다
TEST_0756,리뷰에솝이 있다고 해서 걱정했는데 전혀 없었고 다만 단점이라면 엘리베이터가 너무 느린 것 말고 다 좋았어요
TEST_0757,도심 속 힐링하러 왔다가 우연히 들렀다가 잊을 수 없는 곳이다~
TEST_0758,9층 오션뷰 센텀에 투숙했습니다 날개가 펄럭이며 포근하고 뷰가 정말 좋았어요 직원분들도 친절하시고 숙소 옆에 먹거리 좋은 음식점도 있어서 너무 좋았습니다
TEST_0759,뷰 맛집이에요! 가족들이 친절하세요~ 호텔 내부에 필요한 물품들은 모두 있어요 단점이면 칫솔과 치약은 따로 구매하고 온수풀은 따로 구매해야 합니다
TEST_0760,문을 닫셨더니 하륨 쥐여서 급히 왔습니다 전화상으로 원하는 방이 예약 가능하다고 하더군요 전화로 문의 드렸더니 확인 문자로 왔습니다 이 방은 이불에 먼지가 묻어 있습니다 이불에 먼지가 묻어 있습니다 이불에 먼지가 묻어 있습니다
TEST_0761,친절하고 위치와 가성비가 좋은 호텔입니다
TEST_0762,짐이 있는 상태에서는 걸어서 못 갈 것 같아요 청소 상태였습니다 방음도 별로였고요 다른 곳에 잘 다녀와서 그런 것 같아요~
TEST_0763,입구부터 친절하시고 깨끗한 생화가 꽃무늬가 펼쳐지는 바다를 배경으로 합니다~~ 그리고 뷰도 핑크빛 불꽃 같았는데 고급스럽고 아늑하고 좋았습니다~
TEST_0764,영우 이케 넣어주려고 2시에 가서 체크인 했는데 5시에는 돼서 방에 들어갔습니다~뮐러 전화라도 해서 기다리라고 하더군요 하루를 시작했는데 계속 기다리라고 하더군요
TEST_0765,룸서비스는 정말 맛있어요 가격은 그닥 올피 반상 7000원인데 서비스는 그야말로 불만족스러움 너무 많이 들리고 있는데 객실로 들어오자마자 쿵쿵거리는 소리와 함께 쿵쿵거리는 소리와 함께 쿵쿵거리는 소리에 잠을 못 이루겠어요
TEST_0766,그냥 불친절해요 주차장도 크다고 하고 시설도 노후했어요
TEST_0767,생각보다 나쁘지 않음. 웰리턴과는 엄청 다를 듯 조식은 그냥 거기다
TEST_0768,묘한 뷰가 미쳤고 시설이 좋으며 실내 수영장이 예뻐서 잘 되어 있었는데 저쪽 모텔로 많이 들어가서 애기들이 많다는 것은 예뻐요
TEST_0769,- 연산장 ~ 40년 전 수학여행 때 사용했었는데 그때의 경험으로 수학여행이 어려웠던 곳이지만 그때도 부모님이나 누님들의 도움으로 갈 수 있었던 곳임
TEST_0770,카운터 사장님이신 것 같은데 사람이 불친절하고 사람을 무시하십니다 ᄏᄏᄏ 여기 다시 이용할 생각이 없습니다 여기 이용하실 분 중 선택하시길 바랍니다
TEST_0771,친절하고 시설이 좋아요요 욕조도 크고요 근데 이불에 얼룩이 몇 개나 있었어요 주변이 룸살롱이라서 애들 데리고 가기에는 조금 아쉬워요
TEST_0772,가격을 고려한다면 이 정도 리조트도 없을 듯합니다 물론 저희는 나이가 무난하게 시설은 별로입니다만 아이들을 데리고 이틀 묵고 가기에는 좋습니다 다만 여름에는 조금 더울 것 같습니다
TEST_0773,얼마 후 갔던 곳입니다입니다입니다입니다입니다입니다입니다입니다입니다입니다입니다입니다입니다입니다입니다입니다입니다입니다입니다입니다입니다입니다입니다입니다입니다입니다입니다입니다입니다입니다입니다입니다입니다입니다입니다입니다입니다입니다입니다입니다입니다입니다입니다입니다입니다입니다입니다입니다입니다입니다입니다입니다입니다입니다입니다입니다입니다입니다입니다입니다입
TEST_0774,겨울을 가족 여행으로 작년부터 월요일마다 1박 했는데 겨울인데도 따뜻하게 이용하고 조식도 제공되어 좋았어요~ 직원분들 모두 친절하시고 시설도 깨끗하고 좋았어요
TEST_0775,가족 호텔 모텔입니다 부모님 모텔입니다
TEST_0776,호텔 전망이 전망이 너무 좋아요! 노을 뜰 때 주변 풍경이 풍경을 바라보면서 LP를 들을 수 있네요~ 취학 라운지도 이번에 오픈했는데 너무너무 좋았어요
TEST_0777,뷰가 너무너무 좋았고요 룸 컨디션도 진짜 좋았어요 원룸에서 강추로 넘어가는 향기 셔틀이 말이 아니라면 방문하기 딱 좋은 시간이었어요 체크인 대기실도 너무 편하고 좋았습니다
TEST_0778,송도도 하고 와서 첫 여행으로 다녀왔는데 너무 좋았어요 ᄏ 여행부터 대박이었네요 ᄏᄏ
TEST_0779,부산에서는은 모든 호텔이 철조망이 쳐져 있어요 우리가 강추하려고 다녀온 후기에 무슨 일이 있었는지 몰라도 엄청 예민해져버렸고요 영도인가 남포인가 싶을 정도였어요
TEST_0780,샤워장 화장실 천국같은 곳이라 시설은 좋습니다 하지만 그 외엔 다입니다 외국인들이 붐비면 괜찮을 수도 있습니다 다만 침구에 곰팡이가 살짝 있습니다
TEST_0781,저렴하니 편히 광안리 뷰를 볼 수 있는 곳이에요 체크인할 때 보는 바다의 광안리를! 멀리 보이는 예쁜 광안리를! 그냥 힐링하기 좋은 곳이에요
TEST_0782,의외로 놀고 싶어서 갔다가 오기를 기대하고 2시에 도착했는데 체크아웃도 친절하게 응대해 주시고 너무 좋았어요 28층 카페가 너무 마음에 들었어요 조식도 너무 맛있었어요
TEST_0783,딱 지역에서 여행 온 이용객들은 가성비를 가리지 않고 좋아하는 맘도 있는데 부산에 사는 사람으로서 이곳을 이용해 본 호텔 중 가장 최악으로 평가받고 싶지 않은 호텔입니다
TEST_0784,예약자 하기 싫어 할 때 몇몇에 가봤는지 모르겠는데 생각만 해도 생각나는 게 좀 학교 다니라 이러면 여기서 대기 알몸이 되지 않을까 싶음 너무 추워서 잠을 못 잤음
TEST_0785,서울 시내에 없는 게 아쉽네요 부산까지 내려오시면 너무 멀다는데 그래도 또 왔네요 찜기도 깨끗하고 목욕탕보다 더 센 물줄기 나오더라고요
TEST_0786,에어컨이 좀 오래된 느낌이지만 그래도 뷰가 너무 많음
TEST_0787,예전에 비하면 직원분들이 많이 친절하셨어요 하지만 이불과 이불 사이에 곰팡이가 그대로 있고 그 옆에 하수구에 머리카락이 여러 개 발견되었어요 그 흔한 곰팡이 냄새도 안 나고요 이불에 곰팡이랑 먼지가 너무 많이 묻어 있었어요 이불에 곰팡이 묻어 있었어요 이불에 곰팡이가 묻어 있었어요 이불에 곰팡이가 묻어 있었어요 이불에 곰팡이가 묻어 있었어요 이불에 곰팡이가 묻어 있었어요 뷰 때문에 두 번 다시 방문하지 않을 것 같아요 뷰 때문에 두 번
TEST_0788,송년 뷰라서 몇 주 전에 예약했는데 있을 거 다 갖춰놓고 연박이라 가격이 올랐으니 미리 예약하라고 취소하라고 하더라구요 이 가격에 오션뷰라서 예약한 건데 오션뷰라서 그런지 뷰가 너무 예뻤어요
TEST_0789,뷰가 진짜 예뻐요 사장님이 굉장히 친절하며 관리하고 계셔서 객실이 깨끗하더라고요 일출도 볼 수 있어요~ 너무 이쁜 것 같아요
TEST_0790,오션뷰 사진입니다 사진입니다 사진입니다 사진입니다 사진입니다
TEST_0791,여행하기 좋은 곳인데 구령날 남산면이 주위의 환경을 고려하면 절대적인 것이 아닌 만족스러운 곳임
TEST_0792,맘에 1도 안 들어요 아침부터 들어가기 땜 아저씨한테 술 마시면 안 되고 내일 기차 타고 왔는지 환기할라 들어오고 에어컨 켜면 안 된다고 하네요 ᄏᄏ
TEST_0793,1. 켜플이면밋 따다 바디를 교체해 주셔서 좋음 2 방음이 잘 됨 3 깔끔함 4 사장님이 친절하심 5
TEST_0794,별침태에서 누워서 자고 일어나서 스케이트를 이용하고 4시에 체크인하니 딱 좋네요~~ 별침대입니다
TEST_0795,최악이었습니다 첫 번째 방문했습니다 첫 번째 입구가 신나게 소리를 질렀는데 방 상태가 엉망이었고 방도 못 바꿔준다 하고 그냥 나가버렸습니다 두 번째 방문했을 때 방음이 잘 안 되는 것 같았습니다
TEST_0796,1. 신라스테이 광안대교 뷰가 안 좋고 객실이 좁아요 저번 객실 1012는 더블실 더블룸 실외기가 샴푸로 무장한 듯한 느낌이 들어서 잠을 설쳤어요 룸 컨디션도 나쁘지 않았습니다
TEST_0797,뷰 맛집 낮에는 오션뷰 밤에는 광안대교 밤에는 파도소리바다
TEST_0798,저렴하고 시설도 편리하게 이용해서 다시 오고 싶은 곳이었어요 치학일 바로 앞이라서 교통도 편리했습니다
TEST_0799,공실 확인하고 가격 아깝지 않은 곳에 예약해서 방문했는데 예쁜 방이 나왔어요 싱글룸이 위치해서 트윈룸으로 이동하는 느낌이 들었습니다 그리고 사람이 붐비는 것 같지는 않습니다
TEST_0800,너무너 만족스러운 숙소였습니다 시설이 청결 상태가 너무 깔끔하고 좋았어요 뷰는 말할 것도 없어요 자주 생각나서 시간만 있으면 계속 이용할 수 있는 숙소입니다
TEST_0801,청결하고 침을 추릴 수 있게 참옻광 썬썬을 주신 것이 편리함과 가격도 저렴하니 계속 이용하였습니다
TEST_0802,친절하고 조용하며 침구류 수압 모두 좋았습니다! 근처 먹거리거리를 구경하기 좋은 곳입니다
TEST_0803,깨끗하고 뷰가 최고였어요 무엇보다 너무 친절하셔서 감동받았습니다~ 다시 또 놀러 갈게요~~
TEST_0804,튀김숙 후기 중에 가장 좋은 곳입니다~
TEST_0805,편히 집에 갔다가 묵고 왔는데 입구에 머리카락이 많고 10층에 층당 30개의 방이 있는데 엘리베이터는 두 개라 편찮고 주차가 어렵고 다신 안 갈 것 같아요
TEST_0806,호텔 직원은 친절한데 주차 공간이 너무 불친절해서 이의가 겁나서 호텔 체크인 후 묵는 내 인생이 좋지 않네요 그리고 옛날 라운지를 방문했을 때 룸 컨디션이 너무 좋았어요
TEST_0807,예전에 동했던 투숙을 다시 할 때 한 번 숙박하고 싶었는데 이번에는 우연히 여행하며 다시 들렸는데 숙박비도 저렴하고 주인분이 친절하시고 편히 쉬다 갑니다
TEST_0808,얼챠 관리인 불친절하고 까찔함 ᄏᄏ
TEST_0809,합리적인 가격에 가격에 넷플릭스 객실이 있어요. 해운대에서 가장 놀기 좋은 곳입니다
TEST_0810,오랜만에 호 호캉스였는데 서비스도 그렇고 만족스러웠습니다 ᄒ 무엇보다 이 큰 호텔이 더 좋네요
TEST_0811,예약 확 다 됐는데 당일 가서 체크인 하려니까 당일로 취소됐다고 통보하고 다음날에 전화해서 환불받으라고 합니다 카운터에 있는 직원분도 그냥 친절하십니다
TEST_0812,해운대에서 가격 대비 가성비는 좋으나 정말 비싸지 않고 깔끔하며 나름 괜찮은 호텔이에요 몇 번 숙소로 묵었는데 주중에도 다른 곳에 갈 일이 있으면 여기로 오시길 바랍니다
TEST_0813,깨끗하고 깨끗한 침구류와 뜨기 좋은 객실이 끝내줍니다 Artsbooksbook인데 너무너무 마음에 드는 곳이네요
TEST_0814,시설도 깨끗하고 사장님도 너무 친절해서 좋았어요
TEST_0815,독한 객실 구조로 뻑쩨를 컨셉으로 하여 침구 쪽이 넓게 넓은 공간에서 최고 호캉스를 즐기려고 한 것이 아닌가 싶을 정도로 좁긴 좁지만 서비스 퀄리티가 좋음
TEST_0816,알렙 후기에도 같은 내용이 있는데 생일 당일 방문이라 전화로 연락을 받더니 모자를 남겼다고 하니 체크인할 때 모자가 아닌 모자를 썼다고 하더군요 체크인할 때 모자가 아닌 모자를 썼다고 하더군요 체크인할 때 모자가 아닌 모자를 썼다고 하니 모자를 쓴 모자를 쓴 모자를 쓴 모자를 쓴 모자를 쓴 모자를 쓴 모자를 쓴 모자를 쓴 모자를 쓴 모자를 쓴 모자를 쓴 모자를 쓴 모자를 쓴 모자를 쓴 모자를 쓴 모자를 쓴 모자를 쓴 모자를 쓴 모자를 쓴 모자를 쓴 모
TEST_0817,기대 이상으로 기대하는 특급 호텔보다는 지긋지긋 서비스쿄쿄가 안 되는 특급 호텔보다는 더 큰 호텔이 될 것 같다
TEST_0818,"뷔뚜기 부산 기장 여행 중 지난 날 입실했던 해운대 뷰지 근처의 호텔입니다 비성수기 성수기라 65,000원 정도에 입실했고 직원분들도 친절하십니다"
TEST_0819,뷰도 좋고 힐링이라는 네임 밸룸도 있지만 불편한기도 해요 일단 외진 곳이라는 점 장점이기도 하고) 체크인이 10층이에요 그래서 왔다 갔다 할 때 힘들었어요
TEST_0820,상쾌한나는 가본 시설이 턱없이 부족한데 주차비조차 없어서 완전 미쳤고요 굿 다음에 오는 더 없이 환상적이었습니다 뷰가 이쁘고 이불에 먼지가 많이 묻어 있었습니다 뷰가 이쁘고 이불에 먼지가 많이 묻어 있었습니다 뷰가 이쁘고 이불에 먼지가 많이 묻어 있었습니다 뷰가 이쁘고 이불 사이즈도 이쁘고 이불 사이즈도 이쁘고 이불 사이즈도 이쁘고 이쁘네요
TEST_0821,엘피 업 객실은 피해서야 할 듯 ᄏᄏ 엘베에서 화재가 날 때마다 언제부터인가 할 거다 아아아~ 우아아~ 소리가 나는데 숙소에서 다 들림 ᄏᄏ
TEST_0822,오션뷰가 미쳤습니다 일성 짱인가요 신내 짱인가요 엄청 싸면 엄청 좋아요
TEST_0823,가격도 쌍방향으로 괜찮고 인테리어도 딱히 이상하지 않고 깔끔하게 청소가 잘 되어 있고 건물 자체가 청결도 괜찮고 전망도 좋아요 이 가격에 두 번 다시 방문하고 싶지 않아요
TEST_0824,수영장이 실내에 있어 너무 좋네요 오랜만에 수영하러 왔는데 너무 편안했어요 수건도 있어 너무 편했어요 건물과 주방이 분리되어 위치도 좋고 침구류도 깨끗했어요
TEST_0825,뷰풀바는 서울에서 친구들끼리 숙박하는 것이 가성비가 좋습니다 ᄏᄏ
TEST_0826,주차가 조금 휘청거렸지만 베개와 연필이 있어서 편리하고 시긴 좋음 수영장이 너무 뷰를 중시하고 우상향이 있고 온수 및 수압 조절이 잘 되어 있음
TEST_0827,간만에 동강 뷰를 칩 군도에서 해서 좋았는데 숟가락 뜨는 감정에 놀라고 오장이 망가지다고 하면서 번거롭게 하시는 사장님 완전 미쳤어요 ᄏᄏ
TEST_0828,H 슬따임. 혜화동으로 도보에 단념하지 않고 이 곳을 새로 오시는데 다시 발렛하러 온다면 다시 이용할 수 있어 ᄏᄏ 혜화동에 #폭스팟이 있습니다
TEST_0829,뷰도 좋고 깨끗해요! 채방문예요 ᄏᄏ
TEST_0830,가성비와 접근성이 좋은 호텔입니다
TEST_0831,청결하고 가격 대비 너무 좋았어요 더운 날에도 난방이 잘 되어 따뜻하게 지냈습니다 속초 시내까지 20분 걸어서 갈 수 있어서 좋았어요
TEST_0832,시설 내부 관리가 매우 우수합니다 사장님이 친절하고 젊은 사장 특유의 매너와 우렁찬 목소리가 인상적인 곳입니다 뚫린 창과 벽 틈새 틈새에 곰팡이가 껴 있습니다
TEST_0833,"오션뷰 아주 좋아요 방음은 잘 안 되고 뷰는 다소 부족한 편이에요  숙박 비용을 서성 52,000원에 잘 쓰고 갑니다"
TEST_0834,슬퍼기를 주면 바다가 보이는 석류가 정말 일품이었습니다 따뜻한 물로 문을 열고 고기를 구워 먹으면 녹초녹초하니 이게 무슨 말인지 알겠습니다
TEST_0835,뷰가 최고입니다 시설도 좋고 친절해요
TEST_0836,에어컨이을을 켜고 땀 흘리고 잤으며 뻐기는 곰팡이와 담배 냄새가 진동합니다
TEST_0837,"가격이 저렴하고 주인분이 친절하십니다 그리고 팩토리코인가, 겨자로 걸어가고 있는데 풍경이 좋습니다 모텔도 편하고 가격이 참 저렴하네요"
TEST_0838,여행을 5 만원으로 예약했는데 지인에게 취소하고 12만 원 내는 호텔이냐고 물어보니 8만원 전에 예약했다고 함
TEST_0839,신축이라 그런지 룸 컨디션도 좋고 화이트 톤의 내 가보고리 4 중에서는 화이트 톤보다 좋은 것 같습니다 바비큐는 프론트에게 추천드립니다
TEST_0840,다음엔 이용할 계획인가 싶습니다 역시 주차장 넓고 편리해요 저는 해운대 해수욕장이 가깝게 느껴져 추가했습니다 욕조 있는 방을 원했는데 생각지도 못한 넓은 패밀리 방에서 아이들이 뛰어놀 수 있어서 좋았습니다
TEST_0841,직원분 친절한 직원 응대를 받고 싶으시다면 이 방에서 무열 하시는지 시그니엘로 알 수 있는 대화도 가능할 것 같은 반타스틱한 방의 느낌입니다
TEST_0842,한 가지 낮은 호텔....... 가성비를 믿고 이런 여행을 하였는지는 모르겠지만 저녁 9시가 다 되어 엘리베이터 타기 시작했는데 현관 문이 열리자마자 쿵쾅거리는 소리와 함께 쿵쾅거리는 소리가 들립니다 쿵쾅거리는 소리에 잠을 못 이루겠어요
TEST_0843,숙박 기간에만을 리뷰를 쓰고 여기엔 안 서길래 좀 지저분만 리뷰 써봄 이제껏 본 모든 숙박업소 중 가장 최악임
TEST_0844,가성비 갑! 아침에 일어났을 때 따뜻한 실내에 수영장도 차츰차츰 물이 좀 내려가서 못 씻고 계곡 나왔지만 바닥에 물 온도를 올려주셨어요 너무너무너무 좋았습니다
TEST_0845,깔끔하고 친절하며 음식도 넘 맛있어요 디저트는 말할 것도 없고요
TEST_0846,진짜 최악이에요 미리 예약하고 강원도 와서 놀고 있는데 다음날 입실 시간이 지나서 다시 오니 방이 없다고 하더군요 3명씩 방을 바꿔 달라고 하더군요
TEST_0847,옆에 계곡물도 다 좋으나 텐트들이 너무 붙어 있어서 아말다 너무 추워 침구류 덮다가 살짝 걸어서 넘어가고 화장실도 그렇고 에휴 아말다 너무 추워요
TEST_0848,해운대에서에서 한 달 머물렀습니다
TEST_0849,빡장 뷰 음식도 좋고 서비스 또한 마음에 드는 확실함이 있었다~ 유린나서 모든 서비스의 이련을 가져보면 좋겠지만 그럴 일이 없는 듯
TEST_0850,뷰 말고는 안 좋은 부분이 많은데 3성급 취사는 좋습니다 3성급 생기고 싶어지면 만족합니다 단점은 객실에 후기가 없다는 점입니다
TEST_0851,일단 비비가 없는데다 혜여 들락날락하기도 없고 심지어 프론트에 전화하더니 전화가 먹통입니다 그리고 얼마 전에 없던 욕실 슬리퍼가 고장났습니다
TEST_0852,직원분이들이 친절하고 호텔이 깨끗해요~~
TEST_0853,해운대 해변 앞 이 정도 레벨의 숙소들 중에 휘닉스파크가 가본 숙소는 없습니다 조식 포함 내 식탁기나 건조기 같은 것들이 부족하며 룸은 넓직하고 욕조는 좁직합니다 샤워실과 샤워실이 분리되어 있고 샤워실과 샤워실이 분리되어 있습니다 샤워실과 샤워실이 분리되어 있습니다 샤워실과 샤워실이 분리되어 있습니다 샤워실과 샤워실이 분리되어 있습니다 샤워실과 샤워실이 분리되어 있습니다 샤워실이 분리되어 있습니다 샤워실도 분리되어 있습니다 샤워부스
TEST_0854,위치가 너무 좋아요 뷰뿐만 아니라 직원분들도 친절하세요 ᄏᄏ
TEST_0855,지금껏 일출을 본 적 없어서 너무 기대하고 갔는데 진짜 기대하고 갔던퍽이 들어갔어요 ᄏᄏ 여기서 볼려 하는 건가 씨쁠 정도였어요
TEST_0856,객실에 들어가자마자 너무 좋아요 ᄏ 청결하고 뷰가 굿이에요
TEST_0857,명절 후기에 친구들과 다녀왔습니다 저보다 근처라 이곳 너무 좋고 지리적이나 주변 오션뷰에 놀 곳도 많아서 좋더라고요 깨끗하게 잘 사용하고 온 것 같아요
TEST_0858,시설은 좋은데 일회용품은 영패네요 후기입니다 후기입니다 후기가 올라와서 밤에 너무 편했네요 일회용 먼지가 날이 더워서 더 편했네요
TEST_0859,호텔은 좋은데 주차장 인테리어가 너무 좁아서 대만족이 아닌 데를 택했습니다
TEST_0860,카라반 1박 2일 평일 이용: 카라반 1박 가격: 전화로 예약하시면 더 저렴한 가격으로 이용하실 수 있어요 개인적으로는 가격이 완전 저렴해요 추천 추천
TEST_0861,시설 너무 좋고 뷰도 최고입니다 조식도 너무 맛있어요~
TEST_0862,방이 깨끗하고 가격이 저렴하며 3-4만 원인데 주인 아저씨가 아주 친절합니다 주차장이 넓고 물이 따뜻해서 강추합니다
TEST_0863,환상적인한 오션뷰 객실에 머물렀는데 여긴 우와~~ 소음이쩌렁쩌렁 울리네요~~ Go and See~ 사진은 이 오션뷰에서 찍었습니다~
TEST_0864,통창과 일출과 일몰로 여행 갔는데 밤새도록 뷰가 장난이 아닙니다! 침대는 더블 2개 되어 있었는데 넓고 침구도 쾌적했어요~ 추천 안 해도 됩니다
TEST_0865,현관실은 오래돼서뼉치고 싶을 정도도 아니고 화장실도 안 되고 냄새도 나고 코에는 털이 많은 털이 안 나고 침구 상태는 매트리스가 오래된 건지 오래된 건지 오래된 건지 오래된 건지 오래된 건지 오래된 건지 오래된 건지 오래된 건지 오래된 건지 오래된 건지 오래된 건지 오래된 건지 오래된 건지 오래된 건지 오래된 건지 오래된 건지 오래된 건지 오래된 건지 오래된 건지 오래된 건지 오래된 건지 오래된 건지 오래된 건지 오래된 건지 오래된 건지 오래된 건지 오래된 건지 오래된 건지 오래된 건지 오래된 건
TEST_0866,해운대 해수욕장 뷰가 미쳤어요 ᄏᄏ
TEST_0867,가장 비싼 펜트하운드스 사용 후기입니다 저 먼지 한 가닥: 여러 호텔 광교 일루에서 사진으로 방을 확인하시고 저희 사진과 현실은 서로 다른 것 같지만 저희 사진과 현실은 다른 것 같습니다
TEST_0868,뷰는 좋으나 층간 소음이 여관 방 수준입니다 뷰가 미쳤어요 위치가 미쳤다는 소리가 다 들리고 대만족인 숙박객들이라 늦은 시간까지 소음이 들립니다
TEST_0869,엘리베이터에 대한 설명이 필요합니다 그리고 엘리베이터가 두 개인데 둘 다 전층 운행으로 운행하니까 다 층마다 있고 루프탑에서 무료로 이용할 수 있습니다 엘리베이터가 안 돼서 엘리베이터를 타지 못했어요 엘리베이터를 타지 못했어요 엘리베이터를 타지 못했어요 엘리베이터를 타지 못했어요
TEST_0870,사장님은 너무 친절하십니다 다만 노후된 시설과 이곳에서 나는 층간 소음은 심해요 화장실 물 내리는 소리까지 다 들리고 위아래 층간 소음이 너무 심해서 잠을 못 잤어요
TEST_0871,좀 오래된스러운 느낌이긴 하지만 뷰가 너무 예뻤어서 그 자체로 분위기가 있어요 직원분들도 친절하시고 객실 숙소가 많이 아늑하지 않아요
TEST_0872,숙소가장이 되어버렸고 사장님도 친절하셨어요 오늘밤으로 주중 방과 관이 모두 잘 먹었습니다~
TEST_0873,기본 88만원부터 아담하게 드롭탑 카페 건물이 모릅니다 카페도 잘 보이고요 물도 2개 주시고 주스도 2개 주시고 컵라면도 주셔서 너무 좋습니다
TEST_0874,디럭스 더블룸. 왠지클레는 샤워와 팝다 그리고 이쁘고 이쁘고 이쁘고 이쁘고 이쁜 느낌의 뷰와 바다에서 이쁨의 뷰를 볼 수 있는 곳입니다 룸 컨디션도 좋습니다
TEST_0875,객실 컨디션이 나쁘지 않고 뷰가 좋아서 여자친구랑 잘 자고 왔어요  주차장이 잘 되어 있어서 주차하기도 어렵지 않았어요
TEST_0876,식용원 스낵바입니다~ 4층입니다~
TEST_0877,깨끗하고 직원분들도 친절하세요~ 가성비 좋고요 그런데 주변에 편의점이 없어요요  조식 서비스는 매우 신선입니다
TEST_0878,뷰가 전혀 없고 윗층 샤워기에서 물방망이 톡톡 쳐지는 소리가 아래층 샤워기를 통해 크게 들렸어요 언어도 아니고 호텔에서 이렇게 말이 되는 호텔은 처음이에요
TEST_0879,잘 묵었습니다 이번 겨울에 좋은 추억 만들고 이번에 도보에 갔는데요 여기에도 특레호텔이 있더라고요 다음에 부산 오면 또 여기 올 것 같습니다
TEST_0880,10월에 방문했습니다 이번 여행은 이용하지 않을 것 같아요
TEST_0881,오픈한 중 가장 최악인 곳. 모텔과 다름 없는 숙소도 낯은 직원들. 너무 환하게 창문을 통해 창문의 후기를 작성합니다 1. 직원들의 태도가 매우 불친절합니다
TEST_0882,단점 신라스테이 중 제일 아쉬웠습니다 처음 올 때는 굉장한 일정이 있음 제일 좋은 룸을 예약해서 하루 묵었습니다 근데 도보로 이동하기에는 시간이 너무 오래 걸리고 룸 컨디션도 나쁘지 않았습니다
TEST_0883,너무너너무 이뻐요 깔끔하고 실내도 말참 일출도 보여서 너무 좋았어요 다음에도 또 이용하고 싶어요
TEST_0884,13층 루프탑에서 정말 파티를 했습니다 루프탑이 이용 시간은 오후 2시부터 새벽 1시까지이며 더블룸이라는 공간에 알차게 잘 꾸며져 있었습니다 저녁에는 루프탑에서 바베큐를 할 수 있어서 너무 좋았습니다
TEST_0885,아직 올 못한 것이 많은 것 같아요
TEST_0886,근처에 혹떼가 없어서 고급인지 아닌지 구분 없이 경치좋게 온 손님들이 먹고 자길 권장을 안 한다니까 호텔은 어디가 소소하고 경치 좋은지 모르겠다
TEST_0887,개국처럼 객실 안에 혼자 있고 싶어서 예약했더니 층간 소음에 시달리고 침구 하나는 아주 더러워요 깨끗하고 편안함이 남달랐고 룸 상태도 너무 좋았어요
TEST_0888,조용하고 시설도 깨끗하며 사장님도 친절하시네요~~ 바다 뷰 도한 예예요~~ 단체 수영장도 이용할 수 있어서 더 좋은 듯합니다
TEST_0889,너무 청하고 송정 해수욕장을 정 카운터에서 보는 뷰로 해수욕장 전체가 다 보여요~ 꼭 다음에도 방문하고 싶고 다른 사람들도 꼭 추천하고 싶어요
TEST_0890,무난해요 씻을 때 물 온도 조절기가 조금 난해합니다 샴푸는 아니에요 수영장과 피트니스 등등 꼭 이용하세요
TEST_0891,딸아이이가 왜 그런 줄 알았을까요
TEST_0892,1. 아티앤 뷰 부산 빌라쥬에서 2박 하였는데 옆방 방에 TV가 없어서 잤음 1박 후기 올림 2. 통창 때문에 방이 더워도 너무 더운데 여기에서 잤음 2박 후기 올림
TEST_0893,특급으로 찾아 묵었는데 특이 싱글 침대 매트리스 퀄리티가 조금 아쉽습니다 입실하자마자 화장실 변기가 막혀서 이용을 못하여 조금 아쉬웠습니다
TEST_0894,뿔 이용 시니 오후 4시부터 밤 11시까지 늦지 않음 전기를 켜는 취지는 이해하지만 11시 딱 되니 전기를 끄는 소리가 들림 룸 컨디션은 엄청 느린 편이고 룸 컨디션이 나쁘지 않음
TEST_0895,4인실을 예약했는데 이렇게 펜션형 방으로 업그레이드해 주셨어요~ 아이들이 너무 좋아하네요~ 굉장히 친절하시고 가격도 저렴하고 다음에 부산에 오면 또 이용할 것 같아요
TEST_0896,근처에 볼일 보러 왔다가 1박으로 데모 모텔을 이용했어요 후기도 좋고 가격도 저렴해서 기대했는데 직접 이용해서 너무 만족스러웠어요 뷰도 너무 예쁘고 룸 컨디션도 너무 좋았어요
TEST_0897,딸난엄마와 딸아이와 함께였어요~~ 어메니티입니다~ 어메니티입니다
TEST_0898,속초 이런 숙소는 아주 훌륭하다고 생각합니다 저녁도 훌륭하고 인테리어도 구비되어 매우 깔끔합니다 가격도 제일 마음에 들어요
TEST_0899,친구랑 부산 놀러 갔다가 하루 숙박했는데 최고였어요 ᄏ 묵었다가 오션뷰 맛집인데요
TEST_0900,히노큐헨일랑 글램핑 시설은 좀 낡았어요 바닷가 앞이라 너무 좋아요 파도 소리도 잘 들리고 뷰는 만점입니다
TEST_0901,성수기도 30만 원대라 너무 아담하고 쾌적함 화장실이 수압이 약하면 여기 머지 않을 듯 이불 냄새가 나고 수영장은 고즈넉하고 건조가 잘 안 되는 것 같음
TEST_0902,아침에 자고 자고 있는데 하우스키핑이 문을 열고 들어왔어요 두 번 다시 안 감
TEST_0903,401호에 머물렀는데 이제야 리뷰 남겨요~ 카페도 있고 방도 깨끗하고 오션뷰라서 너무 마음에 들었던 곳이에요
TEST_0904,시그러하게 노는 곳 말고 조용한 게 힐링하러 갔다가 바깥바다가 보여서 잘 잤음~~ 수영장도 깨끗하고 좋았어요
TEST_0905,방 안 안 분위기가 시끌벅적하고 종횡무진하며 무엇보다 주변 친절한 분이 좋았습니다 위층 관리도 잘하는데 흡연실임에도 불쾌하고 냄새가 전혀 나지 않았습니다
TEST_0906,지학철호랑 연동되어 있어서 편하고 수영장과 샤워가 좋습니다 뷰가 힐링 되었습니다
TEST_0907,남산 사장님이 엄청 친절하세요 지난번 발길 닿으러 왔다 갔다 하면서 편하고 방이랑 화장실도 깔끔해요
TEST_0908,친절하시고 깔끔해서 좋습니다 ᄒᄒ
TEST_0909,출장 갈 때 다녀왔는데 항상 친절하고 깨끗해요
TEST_0910,체크인 시간보다 20분 일찍 갔는데 아주 정비가 덜 되었다고 해서 기다렸는데 그때닥 30분을 초과해서 체크인했어요
TEST_0911,좋은 위치에 착실함은 괜찮은데 시설이 너무 엉망임
TEST_0912,시설이 깔끔합니다 뷰에 대한 서비스 막내가 최고예요
TEST_0913,지난 3월 5월 5일과 6일 2박을 예약한 사람입니다 그래서 예약금 10만원을 냈고 온 가족끼리 가족 여행을 야간에 다녀왔는데 4박째 숙박했습니다 한 달 전에 예약한 호텔이라 당황스러웠습니다 그런데 호텔 내부는 정말 깨끗하고 깨끗합니다 다음에 또 방문할 예정입니다
TEST_0914,굿알말이로 최악입니다! 주차비로 15만 원 받고 내려와요 6층 객실에 욕실 커튼은 곰팡이로 되어 있고 침실 커튼은 청소를 안 해서 머리카락과 먼지가 여기저기 널브러져 있네요
TEST_0915,객실은 깔끔하고 좋으나 뷔페는 절대 이용하지 마세요. 자주 여름 휴가 때 뷔페를 먹는데 여기는 달씨 차가 안 보이고 8시부터 직원분들이 친절하게 응대해 주셔서 좋았습니다
TEST_0916,친절하시고 따뜻하며 깨끗합니다~
TEST_0917,같이 갔고 싶고 주차는 기본이라 자기 하고 가야 함 욕조에 남자 머리카락 4개입니다
TEST_0918,찐친절하고 뷰가 좋네요ᄏᄏᄏ
TEST_0919,제 남 후기 후기를 보면 알겠습니다 젊을 때는 좋은 게 좋은 거 많고 좋아하는 사람입니다 그런데 이 호텔은 도쩌면 좋을 수가 없네요 여기 후기에 적힌 후기를 보시면 정말 실망스러웠습니다 ᄒᄒ 다음에 또 후기를 보고 싶네요
TEST_0920,정말 깔끔하고 친절하다~ 방은 작지만 뷰가 환상적이다~ 못 갈 것 같아요
TEST_0921,방도 크고 창도 크고 시원시원한 숙소였어요 LP판이랑도 너무 이쁘고 잘 되어 있는 곳입니다 똑바로 예약하세요
TEST_0922,"저렴한 가격점이 장점입니다 단, 가디언과 스쿠터는 있는데 가디언과 스쿠터도 없으니 올리 독채를 모두 준비해야 합니다 그리고 수건 상태나 수압이 너무 약합니다"
TEST_0923,최고의 호텔립니다~ 정말 좋은 호텔입니다~ 가본 호텔 중 최고입니다~
TEST_0924,숙소가 좋아도 너무 좋네요~ 저층 가격에 프리미엄으로 업그레이드해 주시고 감사합니다~ 진짜나쌩신 기념으로 온 가족 여행인데~ 어딜 가도 너무 좋을 것 같아요
TEST_0925,투숙객이 아니라면 모르는 척과 서비스 마인드로 대응하지 마세요 고층이낀 남산뿐 아니라 그런 곳으로 가야 할 것 같아요
TEST_0926,이동하기 불편한 위치 및 냄새 안 나는 깔끔한 객실 및 화이트 톤으로 깔끔하고 건조하지 않은 상태인 듯
TEST_0927,최악의 숙소를 경험하고 돌아갑니다. 선풍기 켜놓고 자야겠어요 잠옷 냄새까지 기특하네요 침대 시트는 언제 교체했는지 모르겠는데 머리카락이 한 무더기 있네요
TEST_0928,직원분들 다 친절하고 편했습니다 수영장 운영하기도 좋았고요 로비 관광지 객실이 진짜 맛있었어요
TEST_0929,기본적인 청 안 되어 있었습니다. 이것저것 신경쓰이지 못했고 엘리베이터가 없고 방음이 좋지 않아서 새벽에 밖에서 들리는 소리 때문에 잠을 설쳤습니다 룸 컨디션도 나쁘지 않았습니다
TEST_0930,여첸 마셨던 밀키트 기억나나요 밀키트는 단점이지만 만트는 나쁜 거렇지 않고요 2020넌 여름에 밀키트에서 틱키트로 갈아입으시길 추천드립니다
TEST_0931,바닷가 잘 보이고 깔끔하며 친절합니다
TEST_0932,서울 종로 코앞이고 서울 한복판이고 서울 한복판이고 서울 한복판이고 서울 한복판입니다
TEST_0933,직원분들도 친절하시고 별 침구도 잘 사용했습니다~ 뷰가 진짜 좋아요 좋은 추억 만들고 갑니다~ 추천합니다
TEST_0934,뷰가 너무 좋고 깔끔해서 최고였습니다
TEST_0935,항상 아 아늑한 호텔들은 믿음 많이 가지고 출장 때마다 이용하는데 이번에 부산에도 생겨서 가봤습니다 역시나 깨끗하고 직원분들이 친절하시고 너무 좋았어요~~
TEST_0936,리모텔링 해서 당황합니다 ᄏᄏᄏ
TEST_0937,싸게 예약하면 왜 나만 모르는지 방이 쌀쌀해지는 곳... 그 말 한 마디가 사기이군요 오늘 하루도 숙소가 아니라서 아쉽네요
TEST_0938,그냥 가지 가지 마세요 주차장도 없어서 기계식 주차를 이용하는데 체크아웃 시간이 되면 창 빼는데만 1시간이 걸리구요 여행 와서 아쉬운 점이 1도 없었고 프론트 직원도 친절하지 않았어요
TEST_0939,내부가 깨끗하고 쾌적하네요 단지 씨네에 있어서 접근은쉽네요 근처에 편의점 24시 근처도 근접라 괜찮아요
TEST_0940,화장실 문 저 저 혼자 들어갔음 긁어서 전화하니 대화하는 것도 없이 문을 열었던 걸 보니 잠금장치가 고장난 거 모르고 그런 것 같았음
TEST_0941,공용 중이었는데 시끄럽고 난방이 고장나서 주웠습니다 후기입니다
TEST_0942,바다가 위치 위치 미 시설이 깨끗하고 청결하게 관리되어 이용하는 데 용이하고 위치가 주변 식당가와 가까워 뷰가 좋고 위치가 좋습니다
TEST_0943,프론스 신나게 자던지랑 여행에 오게 되었는데 뷰도 너무 예쁘고 좋은 추억이 된 것 같아요! 특히 밤에 광안대교 야경이 너무 예뻐서 너무 좋았어요
TEST_0944,너무 큰편함과 디럭스룸을 경험했습니다 요즘 이렇게 윤택을 하시는지 모르겠네요 요청하는 샤워하다 안 된다고 하시고 씸지여 거국에 환불 요청도 제대로 해주지 않았습니다
TEST_0945,사장님께서께서 친절하게 대해 주셨고 좋은 곳에서 힐링하는 시간을 보냈습니다 바다도 너무 좋았어요
TEST_0946,정말 딱 여행 있는 호텔들 같아요 너무너무 습해서 자는 내내 윙윙 울음을 쉬는데 말도 맑고 입술은 깨물게 된 느낌이에요 뷰를 몇 번을 봐도 뷰가 너무 예뻐서 또 가고 싶네요
TEST_0947,가성비 좋아요 모텔과 호텔 간 거리가 얼마인지 모르겠어요 화려한 B 두 대와 큰 몬스터가 있고 욕조도 있어서 창문을 열면 햇빛이 들어오는데 너무너무 좋네요
TEST_0948,넓은 지에 9객실뿐이 없어서 조용하기도 하고 깔끔해서 좋아요 특히 춘천 다녀오는 너무 좋은 것 같아요
TEST_0949,오시뷰 뷰가 멋지긴 했지만 역시나 여긴 뷰만큼 만족스러웠어요 ᄏᄏ
TEST_0950,3월 18일 금요일 금요일 부산 가족 여행 와서 이그제큐티브 묵었는데요 호텔이 깨끗하고 묵었습니다 직원들도 너무 친절하네요 다음에 또 부산 여행 오려고요
TEST_0951,예약 전화 후 후기가 너무 많이 올라와서 당황스러웠습니다 해외 나들이 짐 좀 덜 주고 이용했지만 직원들의 역활이 너무 미쳤습니다
TEST_0952,불친절의 끝 그 자체 이렇게 불만족스러운 시설을 기대한 적이 없어서 확이 나서 리뷰 남깁니다 뷰 1 불친절한 사장님 뷰 때문에 예약 취소당했습니다 뷰 때문에 예약 취소당했습니다
TEST_0953,일단 뷰가 진짜로 사진보다 너무 예뻐서 진짜 잘 이용했습니다 방이 깔끔하고 넓어서 좋았습니다! 광안리 놀거리와 먹거리도 많구요~
TEST_0954,청결지일까봐 걱정했는데 다행히 물건이 청결했습니다  푹 잘 쉬다 갑니다
TEST_0955,로비에비엠 안마기 무료라서 완전 연소길 제대로 폈습니다 쬐곤 최고였습니다
TEST_0956,늦은 밤로 2박 이용했는데요 조식 시설은 아침 7~9시에만 운영한다고 연락했더니 하나같이 좋지 않은 곳이 있더라고요 아침도 코로나로 이렇게 고생하시는 분들도 계실 것 같아요 ᄒᄒ
TEST_0957,방은 깨끗했어요 냄새도 안 나고 좋았어요 전기를 틀어주시는 건지 복도가 멀리서 들려요 ᄏ 조식은 뷔페 음식이 아니더군요 ᄒᄒ 다음에 또 올 것 같아요
TEST_0958,기대 이상으로 이상으로 좋았던 곳! 화장실 오션만 된다면 더할 나위 없어요~
TEST_0959,비가 와 와도 숙소가 좋으니 잘 쉬다가요ᄒ 단점이라고 하면 3얼짜리 수영장을 이용 못해서 아쉽고 남일분들 먼지가 꼭 챙기시길 바랍니다ᄒᄒ
TEST_0960,출장할 때 좀 불편해 하고 왔는데 여기 빼곤 다 괜찮았어요
TEST_0961,평일 저녁 뷔페에 갔었어요 조금 아쉬움 덜컥하게 말한다면 음식만 따졌을 땐 3점이에요 전반적으로 서비스나 분위기 모두 만족스럽습니다! 6시에 입실했는데 조식도 너무 맛있었어요
TEST_0962,직원분들이 친절하시고 건물에 담배 냄새 같은 건 없어서 좋았습니다 침구와 수건도 깨끗하게 발라서 말린 듯 뽀송하고 청결합니다 테이블이 있는 것도 좋았고 조식도 맛있었습니다
TEST_0963,여성 고객을객을 위하는 숙소 건물이건요 숙소 내 샤워기 어메니티 챙겨서 빠지는 상황을 리셉션에 알렸는데 숙소의 청결과 위생은 완벽했습니다 특히 샤워기 수압이 너무 세서 샤워기 수압 조절이 잘 안 됩니다 샤워기 수압이 세면대 수압 조절이 안 됩니다 샤워기 수압이 세면대 수압이 세면대 수압 조절이 안 됩니다 샤워기 수압이 세면대 수압이 세면대 수압 조절이 안 됩니다 그리고
TEST_0964,솔직히 여기기 시설 나쁘지 않은데 문이 비스듬히 닫히지 않아서 불편하고 방음이 너무 안 돼서 잠옷 착기가 힘들었어요
TEST_0965,와 와 MT를 만나서 친숙했고 정말 후회합니다 일단 사장님이 술 마시고 응대합니다 1. 숙소에 문이 생략되어 사장님과 상의해보자고 말씀드렸는데 문이 잠겨 있더라고요 ᄒᄒ 다음에 또 올게요ᄒᄒ
TEST_0966,리뷰를 보고 문의했는데 겨울이라서 여행이라 늦은 시간이라 아쉬운 시기는 아니었네요~ 애완견은 못 데리고 오는 게 아쉽네요
TEST_0967,"야, 당일 만실이라고 10시 전에 도착했는데 대기 중 더워서 물 달라고 하니 물 내려서 막으라는 거고요 그래서 다시 물 내려는 거예요 직원분들도 친절하시고 잘 쉬다 갑니다"
TEST_0968,방이 깔끔하고 넓으면 뷰도 좋아요! 룸서비스로 뿔을 뽑고 샌드위치랑 카니발 바디워시를 쓰는데요 식전방과 자쿠지까지 챙겨주셔서 너무 좋았어요
TEST_0969,케이팝 레지던스에서는 빵이 아닌 수건이 나왔다
TEST_0970,부산의 뷰가 정말 공허합니다 외국인 전용 인원보다 더 많아서 그런지 한파에 보드게임은 안 틀었고 침구류는 고데기라 먹을 수 없어서 들고 갔더니 고데기랑 샴푸 린스 바디워시 바디워시 바디워시 바디워시 바디워시 바디워시 바디워시 바디워시 바디워시 바디워시 바디워시 바디워시 바디워시 바디워시 바디워시 바디워시 바디워시 바디워시 바디워
TEST_0971,일회 좀 다녀온 것 같습니다 햐~ 저 군데군데 군데군데 가고 싶지 않네요
TEST_0972,칫뜰 찰찰로 해 뜨려 놓고 예민한 손님 내쫓은 벌레들인가요
TEST_0973,뷰가 너무 좋아요~ 잘 쉬다 갑니다ᄒᄒ 혼자 오시는 분들에게 추천드리고 싶네요~
TEST_0974,조식은 미쳤어요 오늘 객실에 들어왔는데 담배 냄새가 나요 저는 피흡연자입니다 화장실 환풍기와 객실 예약에서 담배 냄새가 왈칵 났습니다
TEST_0975,다음에는에는 재방문 의사가 없습니다 왜 재방문하려는데 왜 나쁜지 모르겠네요
TEST_0976,이불도눅눅하고 이런 곳에 콘센트가 있나요 제 머리 커버 올라가다 잠도 하나도 못 잤네요 넷플릭스 보닌가 평점이 좋았던데 솔직히 이 가격에 콘센트가 없는 건 좀 아쉽네요 이 가격에 콘센트가 없는 건 좀 아쉽네요
TEST_0977,저도 모르게리 리뷰를 보고 놀랐습니다 방 크기는 아담하지만 크게 불편하진 않습니다 냄새는 본능적으로 못 느꼈는데 방음이 좀 느립니다 방음은 잘 안 됩니다
TEST_0978,가격이요 별점은 0점이지만 줄 수 있게 숙소가 안 되나요 더럽고 냄새 나는 후기를 보고 숙박을 취소하고 환불 요청했으나 환불하지 못했습니다 저희는 여기가 최악입니다
TEST_0979,"캠핑장 전혀 전하지 않은 채 창문, 방충망에도 먼지가 쌓여 있어서 굿여 있구요 침구류에서 먼지가 엄청나서 환기도 안 시키나 봐요 다른 곳은 깨끗한데 여기는 먼지가 너무 많아요"
TEST_0980,가성비 좋은 곳입니다
TEST_0981,내부가 생각보다 복잡해서 얼룩덜룩하고 가면 씻을 수 있음 방 안에서 일출이 이쁘게 잘 보여서 보는 것 추천 룸서비스 치킨은 평범함 룸서비스 치킨은 평범함
TEST_0982,코로나 계단이 이상해서 예약을 취소했다고 전화를 3번이나 했는데 다른 호텔 직원들이 다 알아서 전화 도리기만 하네요 ᄏᄏ 저번 겨울에 환불 요청했더니 환불 안 된다고 하더군요ᄒᄒ
TEST_0983,여기 애핑스테이 서울 뷰도 좋아요 너무 좋아요 ᄏᄏ
TEST_0984,뷰가 너무 예뻐서 바로 들어가기가 어려웠어요 ᄏ 좁을 줄 알았는데 생각보다 넓고 좋았던데요 조식도 맛있었고요
TEST_0985,날씨가 너무 너무 좋아서 딱 트윈 바다가 더 잘 느껴지더라고요 오 수소 푼 풀무로에서 뷰집합니다~
TEST_0986,6층 방 창문이 높고 보이는 풍경이 압권입니다 조식 서비스가 매우 좋은 편입니다 기본 4인 투숙이 가능한 방에 더블 침대 2개가 구비되어 있고 베개 커버도 예쁘게 꾸며져 있습니다 조식 서비스도 좋습니다
TEST_0987,연제 1박하고 마리나베이에 갔는데 이 호텔이 너무 좋았습니다 뷰도 좋고 좀 비싸긴 하지만 옆에 시장도 있고 토스트도 있어서 좋았습니다 다음에도 또 오고 싶습니다
TEST_0988,방음이 안 되긴 해요 근데 방마다 테라스가 있어서 옆방 사람들끼리 테라스가 올라와서 말하는 소리가 너무 잘 들리고 좋아요 근데 방음이 너무 안 됩니다
TEST_0989,온수 체크인을 오후 2시 40분에 리셉션에 도착했습니다 지금 3시 12분인데 대기 중입니다 혹시 나가나요 3주 전에 하려구요 그래도 두 번 다시 안 올 것 같아요
TEST_0990,"아난티 내부에 바이럴이 있는데 바이럴이 아니라서 비데 비데와 다양한 비데를 구비하고 이용할 수 있어서 좋았습니다 회견 1시간 전 숙박 150, 취침 30분 전에 체크인했어요 직원분들도 친절하셔서 좋았습니다"
TEST_0991,시설에 에어컨이 아깝고 작은 건물이 큰 건지 침구류가 습수되어 꽤 습한 상태였습니다 한 건물에 15층에 엘리베이터가 두 개 있고 2층에서 엘리베이터를 타야 합니다 엘리베이터를 타지 마세요
TEST_0992,오래된 호텔 때문에 욕실 만족도가 최고입니다. 욕조가 깊고 수압도 세고 밥도 맛있습니다 신관 지하에 아기 놀이터 시설도 좋습니다 카운터 직원분들도 친절하십니다
TEST_0993,여자 오심리야 여행 와서 산책로가 영글고 바다도 보여서 가기 좋았어요! 아난티코윤으로 겸재해서 오시면 카페나 레스토랑도 들를 수 있습니다
TEST_0994,스위트룸 뷔페는 너무 좁고 디럭스 더블은 좀 넓어서 아쉽지만 전반적으로 체크인이 훌륭하다 주차장 뷰 탕수 시설이 잘 되어 있어 좋음 조식 뷔페가 좀 아쉬웠지만 퀄리티가 좋음
TEST_0995,학창 때 친구와 출장 하나 남기고 싶어서 부산 여행을 왔는데 성수기라 호텔 가격이 어마어마하네요ᅲ 그런데 여기 호텔 1은 너무 비쌉니다 비싼 가격에 뷰도 너무 좋고 시설도 너무 깔끔합니다
TEST_0996,주차장이 너무 좁고 인테리어도 비좁고 가격도 비싸고 밤새 서성거려서 다른 데 다 드럽다고 소리 질러대고 밤새 서성거려서 잠을 못 잤어요
TEST_0997,이 가격에 미치지 않는 퀄리티의 숙소임 방 크기는 매우 작지만 따뜻하고 깨끗함 특히 바다가 온돌 바다이다
TEST_0998,여름 휴가 직원분들의 관리가 덜 되어서 늦은 밤이 되고 사람들이 모여서 놀러갔다가 기분 좋게 놀러 온 사람들이 불친절할 듯합니다 특히 여자분들이 너무 불친절할 것 같아요
TEST_0999,부산 여행을을 위해 저녁 일찍부터 체크아웃하면서 아담하던 중 리뷰가 가장 좋은 호텔이라 한 번 예약하고 써봤더니 생각보다 기대 이상으로 만족했고 다음에 부산 여행 오면 또 이용할 생각입니다
TEST_1000,던럴웜~ 뷰 같은 입버릇이 아니라 그냥 뷰면 어때요~ ᄏᄏ
TEST_1001,낡고 앗다 앗이다 앗이다 앗이다 앗이다 앗이다 앗이다
TEST_1002,친절하고시고 방도 아주 청결하고 좋아요~~ 중천도 편리하고요~ 너무 많이 이용하세요~~
TEST_1003,지금까지 총 총 6번 버스로 변경 요청했었는데 친절하게 잘 해주셔서 너무 감사했습니다 1박만 하고 혼자 지낼 때 블루투스로 변경해 달라고 요청했더니 블루투스로 변경해 주셨어요 엘리베이터가 2층에 있어서 엘리베이터를 타고 10분 내에 도착할 수 있었습니다 엘리베이터를 타고 10분 내에 도착할 수 있어서 너무 좋았습니다
TEST_1004,넓고 바다가 있어 좋았습니다 조식도 있습니다
TEST_1005,가성비 굿일 거 있을 땐 접근성이 너무 좋아요 큼도 기준 10만원에 7층 로비 6층). 습식입니다 추가 요금은 없으니 참고하세요
TEST_1006,삼척대교가 있어서 다녀왔는데 생각보다 괜찮았어요
TEST_1007,화장실에서 키다라 바다가 나왔어요 카운터에 전화하니 주인분이 차갑다고 큰 소리로 떠들어요 건물이 더 나을 것 같아요 그냥 묵고 싶을 정도예요
TEST_1008,깨끗하고 친절합니다 저변도 좋고 1층 편의점이 있습니다 주차 직원도 해주고 잘 쉬다 왔습니다
TEST_1009,바다 뷰가 예뻤어요 바다뷰가 예뻤어요 바다뷰가 예뻤어요
TEST_1010,부산역기라 있었는데 지금은 제가 가장 큰 장점이지만 많이 작진 않아요 10분은 걸어서 가야 하고 신주기기라 깨끗하고 좋았는데 앞에 정말 차갑고 뷰가 너무 예뻤어요
TEST_1011,작년에 오픈하자마자 다녀왔어요 좋은 점 1 객실 관리 상태가 좋습니다 2 직원분들 대부분 친절하고요 3 주변 먹거리도 다양합니다
TEST_1012,호화 뷰 때문에 밤늦게까지 서점을 검색하지만 퀄리티 완성도가 피용만쿰하게 좋은지는 모르겠다 시창 곳도 넓지 않고 확 넓었다눅눅한 편이다
TEST_1013,객실 청소가 잘 되지 않았습니다 LP판에 얼룩이 있을 수 있고 욕실엔 얼룩이 있을 수 있으며 창가에 먼지가 있습니다 샴푸 린스 바디워시 바디워시는 없습니다
TEST_1014,1. 성수일 20분 넘게 머물렀는데도 별도 안개의 방이 없고 로비로 스럽다가 물구나무 서서 기다리는 동안만 잤습니다. 후기 보니 휴가철임에도 불구하고 안개의 방이 없다고 하더군요 ᄒᄒ
TEST_1015,정말 깨끗하고 모던합니다 오션뷰보다 뷰가 좋아요 해 뷰의 전망이 너무나 훌륭합니다 그리고 지하철역과 가까워서 걸어서 공연 보러 가기 좋았어요
TEST_1016,오늘 부산 부산의 라마다에서 묵었습니다 부산역 라마다도 유명한 곳이라서 생각했는데 이 가격에 오고 난니 라마다가 끌리더라고요 가격 대비 너무 만족스러워요
TEST_1017,방이 깨끗하고 주차는 바로 옆에 있어서 괜찮음. 라운지 바 뷰도 괜찮음
TEST_1018,깨끗하고 침구가 좋아요 똥장 뷰라 사진 찍기도 좋고 아주 깔끔하고 신축인 듯요 창문 상태도 마음에 들었어요
TEST_1019,오션스 더 오션뷰입니다오션뷰입니다오션뷰입니다오션뷰입니다오션뷰입니다오션뷰입니다오션뷰입니다오션뷰입니다오션뷰입니다오션뷰입니다오션뷰입니다오션뷰입니다오션뷰입니다오션뷰입니다오션뷰입니다오션뷰입니다오션뷰입니다오션뷰입니다오션뷰입니다오션뷰입니다오션뷰입니다오션뷰입니다오션뷰입니다오션뷰입니다오션
TEST_1020,너무너 멋지고 오션뷰와 깔끔한 실내가 너무 좋았습니다 6층이라 조식도 문 앞에 나와서 편안하게 먹었습니다
TEST_1021,위치가 너무 좋습니다. 전망에서 바다도 알 수 있겠지만 해운대 바로 앞이라 산책하기도 좋고 물놀이도 좋았어요ᄒᄒ 저학년이랑 같이 놀러 와서 놀았는데 너무 좋았습니다
TEST_1022,프런트트 라운지 이용하기 편리함을 감안해서 6번째 방문했습니다 깔끔했습니다 라운지 이용 시간이 넉넉했고 조식 선택권이 주어지는 건 아니지만 정말 만족스러웠습니다
TEST_1023,객실이 저렴하고 깔끔해서 잘 쉬다 갑니다  헬스장도 있고 조식도 나쁘지 않아요
TEST_1024,가성비가 좋아요 깨끗해요 친절해요 8시에 왔는데 일행이 없었어요 ᄏᄏ
TEST_1025,여기가 호텔이면 여관도 호텔이다 그런데 여관에는 갈 때마다 오줌 누는 곳이 있더라구요 에어컨 더럽고 더러는 뺄 수도 없고 트윈룸이 침대 매트리스가 좀 작긴 한데 그래도 괜찮은 것 같음
TEST_1026,부산에 놀러 왔다가 고아원이 너무 편했어요 방도 깨끗하고 시설들도 깔끔해서 편하게 이용했습니다~
TEST_1027,와반 모텔보다 깔끔하고 그런지 오래된 느낌이나 그 느낌이 아니면 그 흔하지도 않은 관리자 느낌으로 선택했는데 화이트 실내 느낌은 여느 모텔보다 좋아요 룸 컨디션도 깔끔하고 방음도 잘 되어 있어요
TEST_1028,렌즈 최악 올드보이들 수하물 요구사항+동시에 물컵 들고 온 다있고 숙소 청소로 고생하면 될 듯.. 산속에 단골로 온 손님들이 너무 시끄러운 건 어쩔 수 없을 듯
TEST_1029,엄마랑 함께 수박을 받았는데 생수잔도 친절하시고 너무 맛있었고 즐거운 시간이었습니다 감사합니다~~
TEST_1030,바다뷰고 하룻밤에 예약해요 하만만 부산에서 접근성은 물론 가격이 좋아서 좋아요! 이거 차는 게 아까워요
TEST_1031,빡고 곱창쓴다는 후기들처럼 호텔입니다
TEST_1032,뷰와 시설은 훌륭하지만 수면을 이용한 호텔은 아닙니다
TEST_1033,여행하면서 이런 호텔은 처음이었어요 직원들의 놀이터도 여러 번 이용해 봤지만 아침에 이렇게 엉망인 서비스로 신라스에서 식사할 줄은 꿈에도 몰랐네요 ᄒᄒ 객실도 깔끔하고 객실 내부도 쾌적해서 좋았습니다
TEST_1034,우뚜부스에 개세카세요 하얏트 호텔입니다
TEST_1035,1층구부터 시작해서 쭉고 선풍기가 흔들림ᄏᄏ 어메니티입니다
TEST_1036,모든 게 만족이에요! 수영장과 바베큐 시설 및 조식 및 화창실 다 좋아요
TEST_1037,오픈 기념입니다입니다입니다입니다입니다입니다입니다입니다입니다입니다입니다입니다입니다입니다입니다입니다입니다입니다입니다입니다입니다입니다입니다입니다입니다입니다입니다입니다입니다입니다입니다입니다입니다입니다입니다입니다입니다입니다입니다입니다입니다입니다입니다입니다입니다입니다입니다입니다입니다입니다입니다입니다입니다입니다입니다입니다입니다입니다입니다입니다입니다입니다
TEST_1038,좀 오래된인데 너무 좋네요 다음에 또 올 것입니다~ 다음번입니다
TEST_1039,방은 작지만 리조트라 치약 구비되어 있어 깨끗하고 저렴하며 4인 가족이 이용하기에는 뷰가 좋은 방인 것 같습니다 다음엔 부산 여행 때도 꼭 이용할 예정입니다
TEST_1040,18층에는 해운대 전망을 감상하며 아메리카노 등 다양한 음료를 즐길 수 있는 루프탑이 있다 총 407개의 객실을 운영하고 있는 4성급 호텔이다 해운대 해수욕장 바로 앞에 위치해 있어 접근성이 좋다
TEST_1041,지저지 가본 호텔 중 제일 뜨끈뜨끈하고 기가 막힌 호텔이었어요 청결함은 물론 조금 쌀쌀한 남포동에 위치한 인피니티 풀의 따뜻한 물 온돌방! 자갈치 시장도 가깝고 주변에 맛집도 많아서 좋았습니다
TEST_1042,편히 쉬고 갑니다. 자세한 정보로 묶게 되었지만 급히 쓴 건 정말 편히 쉬기 위한 것이었습니다 저희의 친절함과 가성비 그리고 숙소 다 좋았습니다 다음에도 또 묵고 싶습니다
TEST_1043,우선 통이 하나로 되어 있어서 새벽부터 밤까지 야경을 하는데 볼 수 있다는 게 너무 좋았어요 광안대교가 보이는 흰색 뷰여서 인테리어로 되어 있어서 사진도 예쁘게 찍을 수 있었어요 ᄒᄒ
TEST_1044,너무너뷰가 예쁘고 방도 너무 예뻤어요 데크에서 바로 붙어 있어서 고급스러운 느낌도 들었고요 저녁을 마치면 식기 빼는 것도 맘에 들었어요
TEST_1045,밤 식 시간은 무책임합니다 ᄏ 민박은 낮 시간부터 알아봤어야 하는데 야지시 두 명과 조식 아이들 2명이 왔더라고요 그런데 민박을 좀 큰 소리로 틀어놔서 별 하나 뺐는데 별 하나 뺐는데 별 하나 뺐네요 별 하나 뺐는데 별 하나 뺐는데 별 하나 뺐네요 별 하나 뺐는데 별 하나 뺐는데 별 하나 뺐네요 별 하나 뺐는데 별 하나 뺐네요 별 하나 뺐는데 별 하나 뺐다
TEST_1046,제가 3점입니다 저희 새로 생긴 곳에 별점을 받고 싶진 않고 여기엔 사람이 많다고 생각합니다 가성비 좋은 사이트에 예약하지 않은 게 아쉬울 정도입니다
TEST_1047,부산 해운에 놀러왔는데 해운대 바다가랑의 거리도 엄청 가깝구요 저녁에는 걸어서 1분! 바다랑은 걸어서 3분이라더라고요 너무 좋았어요 조식도 너무 맛있었어요
TEST_1048,정말 최고였어요~ 뷰가 빵빵해요~ 조식도 훌륭하더라고요 사전기도 무료로 제공해 수영장 물도 따뜻해서 2윌을 이용했어요
TEST_1049,남산식 뷔페 되어 있고 딸아이들의 뷔페탕 느낌입니다
TEST_1050,난방이대 캡슐로 안게 되는 4성 호텔 국내 호텔 외국 호텔들과 동등 퀄리티 있어 전날 부모님과 함께 숙박했음 시신 발견 후 침구 상태가 너무 안 좋았음
TEST_1051,클럽하우스 그냥 여관입니다 6만 원인데 7만 원 주고 들어가서 10만 원에 들어왔네요 환불이라 한이 안 된다고 해서 그냥 돈 주고 다른 숙소 잡았습니다 속초에 숙소 잡으시길 바랍니다
TEST_1052,완전하고하고 가격도 저렴하고요
TEST_1053,일단 위치지가 좋아요~ 서면에서 놀 때는 구리고 주차장이 널뻐요 다만 방이 작은데 에어컨이 켜져 있어요 다른 사람들 시설이 미쳤음
TEST_1054,웬만해서 별 안 남기는데요 사장 마인드고 침구 시설 어딜 가나 고급이고 뭐라 할 말이 없을 정도로 고급이다 뭐니 뭐니 해도 이 정도면 만족하고 가요
TEST_1055,친구랑 부산 여행으로 해운대 바다 쪽에 있는 블라인드 호텔에 묵었습니다 가성비와 해수욕장 근처에 위치한 호텔이라서 내부는 큰 걱정 안 했는데 방이 넓어서 그런지 깔끔한 느낌은 아니었습니다
TEST_1056,좋은 편 편이고 다시는 오지 않을 것 같습니다 잘 모르겠어요
TEST_1057,지저 친절한 편이고 뷰가 좋으며 룸서비스가 의자로 되어 있습니다 그 외에는 별로입니다 특히 먼지와 이상한 냄새 같은 냄새가 코를 찌푸리게 합니다
TEST_1058,프론트 인피니티에서 한 키~ 부산 해수욕장 해수욕장 도보 1분 거리와 옥상 모두 즐긴 1박 2일입니다 ᄒᄒ 수건 리필 등도 체크인 전에 미리 준비해야 할 게 많아서 체크인 전에 미리 체크인할 수 있었어요~ 체크인 전에 미리 준비해야 할 게 많아서 체크인 전에 미리 준비해야 할 게 많아서 체크인 전에 미리 준비하지 못했습니다
TEST_1059,객실은 괜찮은데요 방음이 최악입니다 ᄏᄏ
TEST_1060,어디 어디 갔던 곳인가요 어디 갔던 곳인가요 어디 갔던 곳인가요 어디 갔던 곳인가요
TEST_1061,부산 1뷰가 예쁘다고 칭찬한다 나쁘지 않을 것 같다고 그냥 선택했습니다 체크인 직원분이 친절하시고 안내문에 1점이 포함되어 있습니다 해운대 오션뷰가 정말 멋있어요
TEST_1062,중장이 안 되고 한 겁이라 새벅지인지 쏙 들어가고 말 소리가 다 들려서 좀 시끄럽고 세심~ 인른 안찌는 온수가 안 나옴
TEST_1063,오렌온 객실인데지만 구석구석 청소 청소 하나 해주면 가성비 괜찮은 듯 해요
TEST_1064,숙소 시설이 좋고 편의시설은 별로 없습니다 그런데 방에 머리카락이 많고 욕조에도 머리카락이 많아요
TEST_1065,저 저 저 저 저 저 후 후 후 후 후 후 후 후기입니다
TEST_1066,저녁 시간 나가지 않고 서비스가 부족합니다 사장 차 옮길라고 건물 업게 주차하고 올라갔는데 아무말도 안 하더군요 에어컨이 노후되어서 잠을 못 잤어요
TEST_1067,바베뷰도 예쁘고 카운터도 안 주시고 해도 안 주시는 분이 한 번 더 말해서 주셨어요 가운에는 이불이 뚫린 있고 벌레가 날아와서 자려고 했는데 벌레가 날아와서 자려고 하니 벌레가 날아와서 자려고 하니 벌레가 날아와서 자려고 해서 자려고 했는데 벌레가 날아와서 자려고 하니 벌레가 날아와서 자려고 하네요 벌레가 날아와서 자려고 하니 벌레가 날아와서 자려고 하네요 벌레가 날아와서 자려고 하네요 벌레가 날아
TEST_1068,다신 안 감 이 가격에 에어컨을 중양 냉난방이라고 쓴 건지 안 쓴 건지 하루 종일 18층으로 해놨는데 아침에 더워서 깼다 더워서 잠을 못 잤다 그 외에는 다 좋았다
TEST_1069,여관 건물은 더럽고 좁다. 싼 줄 알고 간 게 바보다 ᄏ 여기 갔는데 같은 평점을 받으면 사장인지 누구인지 모를 말도 나오고 있음 ᄏᄏ 나만 그런 건지 모르겠다
TEST_1070,이판즈는 가격에 비해 별로임. 1. 침대가 엄청 낮음. 2. 침대 커버에 머리카락이 없음. 충전하면 문 옆에 있어야 함
TEST_1071,부산 살자마자 짜증 나는 호텔입니다 수영장이 없어서 좀 아쉽지만 수영장 옆 자갈치 이용 만족도로 높은 편은 아니었어요 조식은 특급 호텔 수준은 아니지만 그래도 만족합니다
TEST_1072,뷰가 정말 좋습니다 방도 깔끔하고 걱정했던 것보다 작아도 작아서 좋았어요 다음에 오면 조식도 굿입니다
TEST_1073,평장은 저그저 저그저 저그저 저예예요
TEST_1074,평창 동 때부터 선릉역 바로 앞이라 숙소로 사용하던 곳이어서 시설이 깨끗했어요 시설이 모두 섹션이라 좋았고 지하가 가능하니 근처에 이마트가 있으면 좋겠어요
TEST_1075,조식 숙박장 및 룸이 좋아요
TEST_1076,광안대교 정면에서 보이는 오션뷰 캡슐 호텔 중 가성비가 제일 좋은 것 같아요 짐 보관 서비스도 체크인 전에 무료라 좋고 잠잘 때 샤워실 문이 열리면 샤워실 문이 열리더라고요 룸 컨디션도 너무 좋았어요
TEST_1077,첫 번째은 화장실 개 샤워장 개수대는 여기가 아니다 관리 잘되는 곳이 없음 두 번째는 샤워실은 따뜻한 물이 잘 나옴 세 번째는 적당한 가격이고 두 번째는 룸 컨디션이 좋음
TEST_1078,프리미엄 리버풀을 이용해 이용했는데요 겨울인데도 보이는 광안대교와 저녁 뷰를 보고 너무 이뻐서 놀았어요~ 안마기와 청결해서 잘 쉬다 갑니다
TEST_1079,코로나로 조식을 뷔페식으로 못 먹은 게 아쉬웠어요 아침이 맛있고 직원들도 친절했습니다 이 가격에 수영장이 있는 호텔도 차츰 들썩여요 ᄒᄒ 다만 주차장이 기계식이라 간혹 쿵쿵거리는 소리가 들리는 게 좀 아쉬웠습니다
TEST_1080,뷰 진짜 예쁘고 위치도 좋아서 여행 잘 보내고 갑니다! 직원분들도 친절하셔서 다음에 또 방문할 예정입니다
TEST_1081,가족끼리 부산으로 여행 왔는데 오션뷰가 아담해서 아쉬웠지만 호텔 앞이다가 바로 바다라서 너무 좋았어요~~
TEST_1082,여러 기 모텔 다녀 봤지만 다 같은 호텔 못 가네요! 어느 모텔보다 매우 친절하고 하우스테일 서비스도 최근에 와서 기대했는데 너무 만족하고 갑니다
TEST_1083,오랜만에 호 호캉스 하나 다녀왔는데요 겨울에 새로 지은 호텔이라 보니 내부 내부는 좋습니다 깨끗하고 시원하구요 방도 화이트라 그런지 크고 깔끔해요 근처 호텔이라 프론트 직원분들도 친절하시고 조식도 맛있었어요
TEST_1084,깨끗하고 친절하고 예뻐요
TEST_1085,몰긴 20팡 물림 어제 창지 잘 안 됨 뷰 때문에 잘 안 됨
TEST_1086,강압랑 편해서 이용했어요 바베큐는 물론 끝을 제외한 방석 등 기본적인 용품들은 준비되어 있습니다 바다가 미끄러운 건 약간 아쉬워요 낮이든 밤이든 바베큐장이 엄청 아늑하고 쾌적해요
TEST_1087,가격이 저렴하고 깨끗한 컨디션을 유지하려고 있습니다 조금씩 안 좋아지고 있습니다
TEST_1088,고급진 강추!! 사장님 짱 친절하시고 숙소가 정말 깔끔하고 편안해요 1층 로비 들어갈 때 뷰가 너무 이뻐요 여기는 가볼 만한 곳입니다
TEST_1089,고양어입니다 고양이입니다 고양이입니다 고양이입니다 고양이입니다
TEST_1090,오래된 곳이에요 오션뷰입니다오션뷰입니다오션뷰입니다오션뷰입니다오션
TEST_1091,취장이 완전 불친절해요 뷔페에서 간판만 호텔로 바꾸고 10개월 전에 시설이 굳어진 게 하나도 없고 요금이 좀 비싸게 나와서 걱정했었는데 만족스러웠습니다
TEST_1092,해운대 바바의 가성비를 하루 종일 느낄 수 있어서 행복한 여행이었네요 뷰뿐만이 아니라 뷰도 너무 만족하시고 위치도 좋아서 가족들과 머물기에 너무 좋았어요
TEST_1093,남산 불라고 해서 잤다가 오긴 했는데 안 잤다 ᄏᄏ
TEST_1094,처음 가봤지만 주차장 진동로가 조금이나마 정돈되어 청결의 차이로 인해 이동하면 쉽지 않을 듯 싶습니다 뷰는 어떤 방인지 모를 정도지만 뷰가 있는 방은 괜찮았습니다
TEST_1095,체크인 5시쯤 갔는데 20분이나 기다렸어요 저희들은 룸 업그레이드 해주던데 저흰 안 해주시더라고요 조식 먹는 뷰가 최고였어요 조식 먹는 룸 컨디션도 좋았습니다
TEST_1096,참을 잘 숨김 없나요 보기 싫은 얇은 남색 벽지로 둘러싸인 듯해요 벽지 바닥이 다 치워지는 소리나 술 취한 행인이 끄는 소리 등 소음 때문에 잠을 못 잤어요
TEST_1097,스위트 친구가 와서 소개해 주셨는데 비즈니스 호텔이라 그런지 텐트조차 없이 깔끔하고 룸도 조용해서 매우 만족했어요 직원분들도 제 친구에게 와이파이 잘 잡으셨어요
TEST_1098,부산 에 갔다가 기차 여행이라 11월 9일 예약한 방을 취소해 달라는 건가요 왜 취소해 달라는 건지 모르겠어요 가격에 비해 파라다이스가 저렴해 놓고 취소해 달라는 건지 이해가 안 가요
TEST_1099,남자친랑 100일 여행으로 갔는데 저처럼 어린 뷰가 지갑입니다 제 1분 1초가 압권입니다
TEST_1100,조식 클래식 사진들 보고 여름휴가 5일 정도 짱팍 올라갔다 갔는데 야경에서 이불려 답사를 갔다가 엉망으로 가서 카펫이 넓어서 30분을 잤는데 이불에 곰팡이 묻어있고 곰팡이 묻어있고 곰팡이 묻어있고 곰팡이 묻어있고 곰팡이 묻어있고 곰팡이 묻어있고 곰팡이 묻어있고 곰팡이 묻어있고 곰팡이 묻어있고 곰팡이 묻어있고 곰팡이 묻어있고 곰팡이
TEST_1101,아 별 하루 잘 보냈는데 저는 서비스나 방 상태는 만족스러웠습니다 그런데 서비스는 좀 떨어져 있었고 베개는 뭔간 더러워 있었어요
TEST_1102,샤워지 뷔페와 스파만 이용했는데 기대 이상입니다 직원분들이 친절하시고 관리 엄청 잘해주셨어요 세심한 부분에서 아주 만족스러웠어요 다음에 부산 여행 오면 또 이용할게요
TEST_1103,호텔은 뷰가 예쁜데 뷰가 너무 별로예요
TEST_1104,최악의 서비스피스와 가성비 민박도 여기보단 깔끔할 듯 vs 지하에 담배꽁초 없음 폐투석도 밤새 못하는 청소업체가 있다니 말 다 했음
TEST_1105,풀빌션에 오션뷰가 아닌 오션뷰도 저조하게 느껴져서 다른 방 잡으려고 잠 잤어요
TEST_1106,4월 말에에 갔고 6월 초에 갔다가 6월 초라서 숙박객에게 토요일이짐 3박 4일에 32만 원이라는 건 말할 것도 없습니다 저는 택배 기사님들이 친절하게 대해주셔서 감사했습니다
TEST_1107,예전에 리모델링했던 투숙객 전용 라운지 음식은 절반 이상 추가됨 센텀시티도 제 옆에 없고 신라스테이 방도 전혀 없음 ᄏᄏ 그래도 객실 청결은 괜찮은 것 같아요
TEST_1108,1010쯤에 머물렀습니다 북쪽으로 테라스에서 바다뷰가 좋습니다 저와 동선이 비슷한데 그럴까요
TEST_1109,넓은 창으로 바닷가가 보이는 등 방 뷰가 환상적이었어요 직원들의 친절한 서비스와 청결도 만족스러웠습니다 2박 3일의 휴가가 되었습니다
TEST_1110,여러 캠핑장을 다녀왔다 보니 신라스테이 캠핑장 트레블에서 리뷰를 다시 남깁니다 일단 유명하다는 캠핑장은 카페 운영 예약을 하는데 저는 간단하게 카페 예약할 수 있어서 좋았습니다
TEST_1111,최악 서비스와 장사도 훌륭하다
TEST_1112,모기리 치고 싶네요 ᄏᄏᄏᄏ
TEST_1113,파크 하운드 오션뷰가 보이는 뷰 ᄒ 그런데 저는 입구에 좀 실망했어요 엘피 속옷은 턱하니 올려놓고 이불은 없고 뷰 안 보이면 벌레가 가득하네요
TEST_1114,객실이 깨끗하고 바다가 보여서 좋았습니다 방음도 잘 되어서 조용하게 잘 지내다 갑니다 관리하시는 분들도 친절하십니다 호텔 안에 있는 카페도 너무 좋습니다
TEST_1115,와이즈프와 장모님을 모시고 5윌 생일 보냈는데 좋았습니다
TEST_1116,서울 출장 주변 오천 주차 할인 요청 요청 후 취소합니다 ᄏᄏᄏᄏ
TEST_1117,청결하고 말이야 뭐라 했는데 들어오자마자 다 얘기하고 가자마자 당황했네요
TEST_1118,가족들과 동반 여행~ 친구 여행의 마무리가 참 좋았습니다~ 객실이 정말 깔끔해요~ 모텔 특유의 냄새도 없고 편안했네요~ 가족끼리 오기에도 너무 좋았습니다
TEST_1119,깨끗하고 가성비가 최고입니다 ᄒᄒ 조식 서비스로 샤워윌튼과 우뷰촉핑 모두 뷰가 좋으셨어요
TEST_1120,모조컨 스위트급부터 이용 추천 추천드립니다
TEST_1121,예약해 놓고 현장 손님한테 결제할 때 받는 거순 무슨씸인가요 ᄏᄏᄏ 손님이 혹평도 아니고 창가 주인의 땀 닦고 있습니다 이불에 먼지가 묻어 있고 화장실에 먼지가 가득합니다 화장실에 먼지가 많습니다 화장실에 먼지가 많습니다
TEST_1122,옛날 리뷰는 별로네요 그런데 향은 좋아요 객실 엄청 깨끗함. 바닥 어떻게 청소하시는지 간단히 정돈으로 해주세요 깨끗함 다음에도 오고 싶어요
TEST_1123,펜션 카페는 탈 좋은데 왜 일하시는 분이 너무 시끄럽십니까ᄏᄏ
TEST_1124,뷰와 인테리어 모두 너무 좋았던데 방음이 정말 별로였습니다 옆 방 대화 소리가 다 들립니다 그 외에 별로 예기하는 것도 아니었어요
TEST_1125,호텔 1에서 눈 뜨자마자 보이는 뷰예요 겨울이라서 그런지 좋아요 혼자 머물기 너무 좋고 시설도 깔끔해요 공용 샤워실이라서 완전 샤워헝가리가 가능해서 좋았어요
TEST_1126,시설과 후기가 매우 훌륭하네요 다음에 꼭 숙박하고 싶네요
TEST_1127,공짜 조식이랑 그런가 틱이 나옴. 디럭스 타임이면 뭐하나. 다음엔 데크 한 바퀴 돌기는 어려울 듯
TEST_1128,해수욕랑 바로 옆에 물놀이도 편하고 가성비 럭셔리 캠핑장도 좋고 무엇보다 조식이 없어서 기대하지 않았는데 맛있는 먹거리가 있어서 놀았어요~
TEST_1129,한주 예약 후 잠만 잘 거면 가도 되긴 한데 주인장이 신경 쓰여져요 여기 배달 음식도 못 시켜 먹고 술도 못 마시게 하고 너무 음식도 못 먹게 함
TEST_1130,방이 깨끗하고 넓고 좋은데 사장님도 친절해요
TEST_1131,일식과과 일출을 함께 보낼 수 있어서 너무 좋았습니다 뷰도 좋았고 쾌적하고 청결해서 이용하는 데 불편함이 전혀 없었어요 아침에 가습기 주시는 것도 좋았습니다
TEST_1132,프리미엄 오션 레프트로 9층을 이용했습니다 저녁엔 밤이든 광안리든 밤에 보여서 너무 좋았습니다~~ 바다가 도보로 5분 거리라 그런지 인테리어도 세련되었고 샤워실 샤워부스도 잘 갖춰져 있어서 불편함이 없었습니다
TEST_1133,침구는 좋아요 그런데 룸 컨디션이 별로 안 좋았어요  침대에 머리카락이 있고 선풍기인데 먼지가 많이 남아 있었어요
TEST_1134,위치나 뷰나 정말 너무 좋습니다 수영장이 작지만 따뜻해서 여름에도 가기 좋습니다 라운지 음식도 맛있고 와이파이와 와이파이도 편리하구요
TEST_1135,어플 예약 예약하였는데 당일 예약이 된 사오오오오오오오오오오오오오오오오오오오오오오오오오오오오오오오오오오오오오오오오오오오오오오오오오오오오오오오오오오오오오오오오오오오오오오오오오오오오오오오오오오오오오오오오오오오오오오오오오오오오오오오오오오오오오오오오오오오오
TEST_1136,컴팩트룸을 이용했는데 인덕션이 방마다 있는 게 아닙니다 층수로 한 층씩 있는 건지 너무너무 얇아서 영환도 제대로 볼 수가 없었어요 프론트에 전화하니 인덕션이 없다고 하더군요 프론트에 전화하니 인덕션이 없다고 하더군요 프론트에 전화하니 인덕션이 없다고 하더군요 프론트에 전화하니 인덕션이 없다고 하더군요 프론트에 전화하니 인덕션이 없다고 하더군요 프론트에 전화하면 인덕션이 없다고 하더군요 프론트를 통해
TEST_1137,편하게 쉬다가요  방 깔끔한 게 제일 마음에 들었어요~
TEST_1138,사장님은 친절하셨고 디럭스로 무료 업그레이드해주셨어요 인테리어도 완전 새것 스타일로 깔끔하고 예뻤어요 수압이 탁 좋았습니다 근데 아쉬운 점이 너무 적었어요
TEST_1139,시설은 다윈핑회와는 조금 떨어진데 3~4명에서 놀 때는 최고인 것 같아요 아침에 바다 뷰도 엄청 좋아요
TEST_1140,깨끗하고요 깨끗하고 위생성이 좋다
TEST_1141,1점 주려고 했는데 뷰가 후기 2점 드립니다 몇 년 된 건물인지 모르겠지만 시설이 노후되어 70여 년 된 호텔 느낌이에요 욕실에 수건이 안 된 것 같아요 방음이 안 되는 것 같아요
TEST_1142,언제부터도 가고 싶음 처음 와본 숙소인데 기대하지 않았던 곳임 1박에 11만원에 11만원도 안 되는 객실인데 프론트 직원의 거슬림에 속지 마세요
TEST_1143,토요코하마까지 노천에 떠다니는 곳 뷰가 예뻐요 청결 끝장판! 뷰가 끝내준다 ᄏ 굿굿
TEST_1144,서울타워터널에서 운영하는 숙소인가요 왜 이렇게 조용한지 답답했을 정도로 리셉션 알바 사람들이 엄청 몰려서 체크인 대기하는데요 제발 주차비 내야 해요
TEST_1145,아주 초 지인과 콜라를 잡았고 주말이라 방 구하기 힘들 것 같다 걸어서 이동해서 깨끗하고 드라이기도 좋은 곳에 일단 예약은 했습니다 다만 저녁 무렵 뷰가 조금 실망스러웠어요
TEST_1146,전반적으로 깔끔했지만 따뜻하였고 오션뷰였으며 특히 시설이 대만족했다
TEST_1147,되게 기대하고 갔는데 생각보다 진짜 별로였던 곳 그래서도 예약하고 갔는데 엉 별로고 나쁘지 않았다 싶을 정도로 뷰가 미쳤다
TEST_1148,서울에서서 샤워부스가 가장 마음에 들었고 생각했던 호텔 중 한 곳입니다
TEST_1149,스탠다드 더블이라 다른 공간보다 여유롭게 여유 있게 다녀왔습니다 화이트 톤의 화이트 톤이어서 오이 쭉쭉했는데 따뜻한 방에서 잘 말릴 수 있었네요 특히 너무 따뜻해서 좋았습니다
TEST_1150,저는 마라도 여행을 위해 처음으로 캡슐 호텔을 이용해봤는데 뷰도 시설도 너무 좋고 깔끔해요 팥유타월 펼로 있고 샤워 시설도 캡슐로 되어 있어서 너무 편해요 ᄒᄒ
TEST_1151,저번 저번에는 만족했지만 저번에는 더 아쉬웠습니다
TEST_1152,숙소가 깔끔해서 좋았어요 신라스테이만 생각했는데 좁을 걸옆 사람들로 간이 테이블이랑 식탁도 많고 에어컨에서 자갈치까지 시원한 물도 나오고 너무 좋았어요
TEST_1153,6주 체크인 하기 전 카운터에 알람도 없어서 로비에 안짜 음료를 마시러 갔어요 히터 시설도 좋고 음료도 주스로 먹을 수 있어서 그럭저럭 뷰는 좋았어요 근데 10분 전 체크인 시간이 조금 늦어서 체크아웃 시간이 늦어서 아쉬웠어요
TEST_1154,화장실에서 담배 냄새 나고 옆방 MT 왔는데 시끄러운 소리가 잘 들렸음 준맑 온천 풀빌라 직원은 앓아눕기가 쉽긴 했으나 서비스 정신이 별로임
TEST_1155,예약 응수가 셋이나 불친절한 곳이고 비추입니다
TEST_1156,별 하나도 하나도 아깝지 않아요 청소가 제대로 되지 않고 담배 찌든 냄새가 나는 기이한 방이었어요 창문이 부서져 있어서 제대로 열지도 못했구요 창문 열면 보이는 뷰가 너무 예뻐서 잠을 못 잤어요
TEST_1157,엄청 많은 객실을 다 경험하지는 않았지만 그 충에서 안죽 꿀잠 자는 듯합니다. 1. 욕실에서 머리카락 밑 얼룩을 발견했습니다 2. 전화 연결이 안 됩니다
TEST_1158,나마늬 공이 예쁜 곳입니다
TEST_1159,숙소 위치도 바다 바로 앞이라 이동하기 편했고요 직원분들이 친절해요 다른 곳보다 숙소 화장실이 전부 깨끗해서 다음에도 또 이용할 것 같아요
TEST_1160,지끔 보기 싫을 정도인데 평일 특가는 5만 원도 안 하네요 아님 다른 방인데 플랫폼보다 가격이 조금 더 비싸게 설정하나 보네요 그래도 프론트 직원은 친절하게 응대해 주셔서 좋았습니다
TEST_1161,조용한 위치라 좋았습니다. 친절하시기도 하고요 다만 청결에 조금 더 신경 써야 할 것 같네요 수건도 아닌 잠옷에 머리카락이 붙어 있고 베개엔 머리카락 뭉치가 있네요
TEST_1162,가성비 낡지 않은데요 그전에는 멀림도 안 갈고 더워서 지저분한데 지금은 마스크도 안 쓰고 모자랍니다 음식을 제공합니다 뷔페는 맛있었지만 칫솔과 치약은 아쉬웠습니다
TEST_1163,방음이 아깝습니다 휠체어 타고 와서 중간 중간 체크인하고 있네요 악어들이 있는 맨발 루프탑을 2층에 배정해 놓으시는 어이없는 시스템에 방음이 안 됩니다 방음이 안 됩니다
TEST_1164,깨끗하고 쾌적하고 예쁜 시설의 친절한 곳입니다
TEST_1165,엘리베이터 좀 개선해주세요!!~ 여러 호텔 다녀봤는데 엘리베이터 최악이네요 쫑 4시에 호울적으로 여행을 못하는 건지 바닷가가 엘리베이터에 갇혀서 꼼짝도 못 했어요
TEST_1166,별이 별이 저 별이 저 별이 왜 저래요 저 별이 저래요 ᄏᄏ
TEST_1167,가족끼리 너무 좋았고 와보자고 해서 왔습니다 풍경도 좋고 화장실도 넓고 수압도 좋고 군데군데 너무 뷰가 있어서 처음엔 당황했습니다 욕조도 있고 침구류도 깨끗해서 좋았습니다
TEST_1168,갓길에에 다녀온 5성급 중에서도 서비스 1급! 특히 체크인해 주신 남자 직원분 너무 친절하십니다 Ethan> 줄권 내에 체크인부터 완전 대박이었어요 중간중간 여쭤보니 친절하게 응대해주셔서 너무 감사했습니다 다음에 또 올게요
TEST_1169,위치가 좋고 내부도 깔끔하며 무엇보다 직원분들의 고객 응대 태도가 만족스럽습니다 방이 좀 좁고 뷰가 아쉬운 점은 있지만 재방문의사 있습니다
TEST_1170,인원 물건이 빈산하네요 ᄏᄏᄏ
TEST_1171,너무너 좋았어요 또 가고 싶어요 ᄏᄏ
TEST_1172,가성비가 좋아요 근데 연식이 좀 되어서 시설이 낡은 것은 조금 아쉬워요
TEST_1173,서울 시내거리로 하루 20만 원 이상이면 양양까지가 가능하다고뻥뻥 써두는 것 외에는 방법이 없을 것 같아요
TEST_1174,오션뷰는 아쉬웠지만 시설도 나쁘지 않았고 고층으로 배정되어 기분 좋았습니다 와일드성 좋은 호텔이었어요~
TEST_1175,여기 엘리리빙 시설은 매우 약점이 많은데 후기 후기 후기 내용을 통해 다른 곳으로 이동했다 하는 경유 예상보다 20분 정도 늦게 도착하여 당황스러웠습니다 이 가격에 객실 이용이 많으신 분들은 추천합니다
TEST_1176,좋은 추억은 아닙니다
TEST_1177,조식도 아주 맛있었어요ᄏᄏᄏ
TEST_1178,예약을 후기마담으로 취소하고 가격을 올려서 다시 보냈던 곳입니다
TEST_1179,깔끔하니 좋아요 야후에 왕복도 할 수 있고요 추가 요금도 부담하지는 않을까요
TEST_1180,3인실에서 찾습니다 뷰에 비해 커피가 다 치워져 있고 욕실에 곰팡이 냄새가 정말 심하고 파도 소리나요 오토바이 소리 등 소음이 다 들립니다 옆 건물 곰팡이 냄새 때문에 잠을 못 잤습니다
TEST_1181,아침을 복도 살짝꺽꺽꺽하긴 했는데 체크아웃하면서 살짝 냄새가 나는 것 빼곤 괜찮네요ᄏᄏ 근데 침구는 깨끗해서 굿굿도 마음에 들었어요 ᄒᄒ 그런데 침구류 상태가 너무 안 좋은 것 같아요
TEST_1182,토요코를 좋아하는 분 아시는 분입니다
TEST_1183,청결하고 내부 조용하고 아늑하고 침구 편하고 짱입니다
TEST_1184,깔끔하고 친절하며 조식도 만족합니다
TEST_1185,너무 좋아서 3번째 재방문했어요~ 조용하고 황홀해서 놀고 싶어서 여겅 보면서 와인 한 잔 하면 진짜 쉬는 기분일 하는 호텔입니다! 너무너무너무너무너무너무너무너무너무너무너무너무너무너무너무너무너무너무너무너무너무너무너무너무너무너무너무너무너무너무너무너무너무너무너무너무너무너무너무너무너무너무너무너무너무너
TEST_1186,아침에 달 들어오자마자 밤새 시끄러움 ᄏᄏ
TEST_1187,프리미엄 캡슐 오션뷰와 고층을 이용했습니다! 혼자 머물렀는데 오션뷰는 기대할 수 없고 다른 곳은 가기가 너무 부담스러워서 호텔 1 캡슐을 이용했습니다 룸 컨디션도 너무 좋았습니다
TEST_1188,청소하시는시는 분이 친절하셔서 좋았습니다 찜큐가 깔끔하고 깨끗합니다
TEST_1189,여기 연휴 예약하고 사장님이랑 예약 화이팅 통화가 되었는데 제가 당일날로 취소했고 다른 사이트에 가격 2~3배 올려서 취소했네요ᄏᄏᄏᄏᄏᄏᄏᄏᄏᄏᄏᄏ
TEST_1190,편안하게 잘 묵었어요 그런데 5성급 호텔이 욕조라는 생할 수 없는 곳임요 욕조 자체가 고장 나서 직원분을 더 부르게 해야 해요 가짓수가 몇 개인 호텔인지는 모르겠지만 가짓수가 몇 개인지는 모르겠지만 그럭저럭 괜찮았어요
TEST_1191,객실 비품만 있으면 최고일 것입니다
TEST_1192,군낭 후기입니다 후기입니다 후기입니다 후기입니다 후기입니다
TEST_1193,펑펑이 날 별이네 ᄏᄏᄏᄏᄏ
TEST_1194,오랜만에 서울 호캉스 하고 들렀는데 너무 좋았어요! 인테리어도 긴 안쪽에서 너무 잘 활용해서 커튼 사이로 엘피판까지 너무 예뻐요 엘피판도 너무 예뻐요
TEST_1195,호캉스로 다녀왔는데 아늑하고 아늑한 느낌이 드는 호텔이었어요 폰이 시설이 좋았어요 어메니티와 환기 시스템으로 체크하지 안으신 분들을 추천드립니다
TEST_1196,방음이가 진짜 최악이네요 ᄏᄏᄏ
TEST_1197,재방문 5번째입니다 사장님 인지도도 좋고 친절하시고 무엇보다 방이 청결하고 아늘까면 짐이 많아서 자주 찾게 됩니다 별 다섯 개예요
TEST_1198,체크인하고 5시간이 지나도록 따뜻하지 않아서 문의하니 방에는 27도까지 올라가지 않는다고 하더군요 이불이 전깃 반쯤인데 불이 켜져 있더라고요 불이 꺼진 지 얼마 안 돼서 그런지 창문도 안 열리고 창문도 안 열리고 창문도 안 열리고 창문이 삐그덕삐그덕 거려서 잠을 못 잤어요
TEST_1199,넓고 야경 산책로도 좋은데 놀 게 없어서 심심해요
TEST_1200,예약 기간에 도착 예정 시간을 감안하면 이틀 늦었는데 일찍 도착하고 예약했더니 예약이 완료가 되어서 10일까지 갔는데 첫날은 9시 입실이라고 안내해 주셨고 둘째 날은 9시 입실이라고 안내해 주셨는데 12시 입실이라고 안내해 주셨더니 12시 입실이라고 안내해 주셨네요 ᄏᄏ 다음 날 입실할 때 입실하자마자 입실 버튼을 누르라고 하더라고요 ᄏᄏ 다음 날 입실하자마자 입실 버튼을 눌렀어요 ᄏᄏ
TEST_1201,2박 3일 있었는데요 장점 1. 가격 대비 다른 곳보다 저렴하다. 2. 실내는 따뜻한 세 사람의 느낌이 있다. 3. 조식이 무료다
TEST_1202,사장님도 친절하시고 아이들이 방이 따뜻하고 강아지들도 좋아했어요 ~
TEST_1203,"이룸은 리모델링되었으나 리조트 내부에 편입 편입이 없음 뷰와 건물 외관, 개인들의 선택도 좋음"
TEST_1204,P완 J가 있으면 무조건 J가 나타나야 하는 곳입니다 J를 만날 때마다 객실로 들었습니다 많이 들리고 싶지만 아직까지는 가성비로 4점 드립니다
TEST_1205,직원분이들이 친절하시고 깨끗합니다~ 잘 쉬고 왔네요
TEST_1206,동래문 뷰가 훌륭하고 직원분들이 모두 예쁘고 행복한 분위기입니다 수영장이 작아서 만족스러웠어요
TEST_1207,뭐 물어 물어봤더니 같은 어학원의 학생도 안 하고 바로바로 똑같은 엉터리로 분청정진 답변을 해주더라구요 너무 불친절하다
TEST_1208,주차가 편하고 뷰가 좋으며 가격대가 적당하지만 침대에 물이 들었습니다
TEST_1209,1박 정말 주말에 잘 보내주고 왔으나 체크인 할 때 굉장히 불쾌한 경험을 했다 bungsu Lee라는 이름을 가진 직원 때문이었다 체크인할 때 불친절하게 응대하는 직원들 때문에 잠을 못 잤다
TEST_1210,뷰가 너무 좋고 산? 평일 낮에 위치해 있어서 공기도 좋은 편이다ᄏᄏ 바로 설계를 부탁해서 보내서 이해하기 편합니다 겨울에는 괜찮았지만 여름에는 좀 더울 것 같아요
TEST_1211,첫 번째부터 첫 번째 후 첫 번째 후 첫 번째 후 첫 번째 후 첫 번째 후 첫 번째 후 첫 번째 후 첫 번째 후 첫 번째 후 첫 번째 후 첫 번째 후 첫 번째 후 첫 번째 후 첫 번째 후 첫 번째 후 첫 번째 후 첫 번째 후 첫 번째 후 첫 번째 후 첫 번째 후 첫 번째 후 첫 번째 후 첫 번째 후 첫 번째 후 첫 번째 후 첫 번째 후 첫 번째 후 첫 번째 후 첫 번째 후 첫 번째 후 첫 번째 후 첫 번째 후 첫 번째 후 첫 번째 후 첫 번째 후 첫 번째 후 첫 번째 후 첫 번째 후 첫 번째 후 첫 번째 후 첫 번째 후
TEST_1212,전기가이 켜서 좀 아쉽긴 하지만 전망이 최고고 스파도 좋네요 챠는 그냥 도로에 두는 게 편하네요
TEST_1213,생일 주려고 산 여행이었는데 매니저와 함께 만족했습니다~
TEST_1214,시설 정말 깨끗하고 직원분들이 너무 친절합니다~ 호텔 안에서 호캉스 너무 좋았구요 하만만~~ 주차장 들어가는 입구부터 너무 좁아요 뷰가 너무 좋습니다
TEST_1215,커튼은 넓은데 안방이 주차장과 분리된 방이라 시끄러워요 샤워하는 동안 아무 소리가 안 들려요 모기가 너무 많아 불친절합니다 룸 컨디션이 너무 안 좋습니다
TEST_1216,평창실 핫슈트 냄새가 좀 나고 인피니트가 석 청결하지 않네요 그래도 하룻 숙박하는 데는 큰 문제 없습니다 온돌방은 적당하게 난방해서 쾌적하게 잘 쉬다 갑니다
TEST_1217,사장님 밤늦게까지 예약한 방을 취소한다는 게 말이 되는 건지요
TEST_1218,청주시에서 바베큐와 함께 해서 주차비 1만원만 받네요 카펫도 관리 안 해서 슬리퍼도 별로 없고 전자레인지도 있어서 탕일날 교체해서 교체로 받았습니다 대신 데스크에서는 직원분들이 친절하게 응대해주셔서 좋았습니다
TEST_1219,"수압 무제한 6만 원이라 해서 갔는데 입실할 때 입실금액을 못 준다고 해서 퇴실금액을 3,000원 한 줄 주고 들어와서 기분이 좋았습니다 조금 자는 게 마음에 들었는데 입실금액을 못 준다고 하더군요 다음에 또 올게요"
TEST_1220,명성이 3성급 호텔인데 어떻게 음식이 이렇게 좋을 수 있는지 모르겠습니다 깔끔한 건 너무 편안하고 좋은 건 너무너무 큽니다 다른 직원분들도 다들 친절하시고 잘 쉬다 갑니다
TEST_1221,엄청 조용하네요 객실 내부도 쾌 퀄리티가 괜찮았어요 츄전인가요
TEST_1222,진짜 오션뷰 하나만 보고 왔는데 직원분들도 너무 친절하시고 광안대교가 너무 이쁘게 잘 보여서 감탄했어요 근처에 식당이나 먹을 게 많아서 맛있게 먹었습니다
TEST_1223,정말 불친절하네요 멀쩡하면 한번 다녀와서 카운터에 문의하라고 함 쥔심 절대 가지 마세요
TEST_1224,잘 놀다 갑니다 ᄒᄒ 사장님의 베리와 세심함에 감동이었고 다음에 또 방문할 예정입니다
TEST_1225,완득프 여행 부산 이후 잠실 하루만 쉬고 싶고 성수역 주변 4성급 호텔이고 리뷰로 예약하고 가야 됨 지하를 조금만 더 가면 바다 뷰가 다 보여요
TEST_1226,사람은 참 가야 합니다 저도 여기 머물렀는데 이그제큐티브로 저녁 다 같이 먹고 아침도 어떻게든 먹어야 하고 무엇보다 저는 뷰를 보고 싶었는데 뷰가 너무 예뻐서 추천해요
TEST_1227,시설도 깨끗하고 조식으로 나오는 샌드위치가 신선하고 맛있었음 사우나분들도 모두 친절하셔서 매우 편하게 쉬고 왔어요~~
TEST_1228,물 씻 곳 정리가 안 되어 있는데다 별로 없어서 좀 불편해요 케리어가 많지 않아서 좋았고요
TEST_1229,캠핑장을 여러 군데 다녀봤지만 입실하자마자 중간에 사라지는 다 처음이네요 카라반 내부 상태도 지하에 옹기종기 수납이 안 된다고 안내해 주셨는데 너무 황당했습니다 룸 컨디션도 나쁘지 않았습니다
TEST_1230,이 정도 가격에 먼지 없는 이 정도 위치와 컨디션의 호텔은 부산에 몇 없다고 봅니다 그런데 카운터 직원분들이 매우 친절해요
TEST_1231,넓은 야외과 오션뷰의 시설을 편하게 이용할 수 있어 좋습니다 뷰는 최고입니다
TEST_1232,건물이만끔 룸도 청결하고 좋으나 욕실이 좀 작고 그런가보다였음 아침에 입구에 바다가 나오기 편하고 가성비 좋은 호텔임
TEST_1233,클럽 라운지를 이용하였고 호캉스는 괜찮았습니다
TEST_1234,뷰가 다 만족하지 못했습니다 뷰는 호텔답다는 리뷰가 강해요 방이 협소하고 매트리스가 오래되어서 이상한 냄새와 함께 매트리스가 좀 더러웠습니다 룸 컨디션도 나쁘지 않았습니다
TEST_1235,노을치는 바람에 광안대교까지 환상이었다~ 다음에 오면 더 큰 방으로 가보고 싶네요
TEST_1236,어메렉스도 해주시고 조식 어메니티까지 최고! 신축이라 깔끔해서 좋고 2번째 방문인데 이쁘네도 만족했어요
TEST_1237,사우나 보러 갔으면 안 되는 곳입니다
TEST_1238,여기가 갔다가 산 뷰 때문에 오게 되었어요 오늘에 입실 예약한 후 호텔 맞나요 ᄏᄏ
TEST_1239,스위트 디럭스룸이 객실 내부는 상당히 넓은 편입니다 어메니티의 새 것 같은 쾌 쾌적하고 침구류에서 강한 향기가 일체 나지 않습니다 객실 내부에 콘센트가 있고 샤워실과 샤워실이 분리되어 있습니다 샤워실과 샤워실이 분리되어 있습니다 샤워실과 샤워실이 분리되어 있습니다 샤워실과 샤워실이 분리되어 있습니다 샤워실과 샤워실이 분리되어 있습니다 샤워실이 분리되어 있습니다 샤워실과 샤워실이 분리되어 있습니다 샤워실과 샤워실이 분리되어 있습니다 샤
TEST_1240,아이들이 뛰어 놀 수 있는 그늘에 텐트를 설치한 걸 보니 좋아요 양쉬운 점이라면 클렘핑에 화장실이 없어서 화장실 문을 닫아 한다는 거 미리 확인해서 알았는데 냉장고에 물도 안 나옵니다 룸 컨디션도 나쁘지 않습니다
TEST_1241,좁지만만 남산대로 방도 넓고 편은 심심하지 않고 가성비 좋은 숙소임
TEST_1242,무료입니다! 전천후 호캉스를 계획하고 있다면 충분히 들리겠습니다
TEST_1243,저렴한 가격도 좋았어요 동국대신장 군부대라 접근성이 좋았구요 지하에서도 가깝고 볼거리가 다양해서 만족한 숙소였어요~
TEST_1244,해운대에 최고급 호텔입니다~~ 후기를 읽어보다가 부산으로 갔는데 룸 컨디션 조식 포함까지 완벽합니다
TEST_1245,새로 리되었어서 위치보다 훨씬 멋있었던 로데오 뷰와 한국의 옛스러움이 잘 어우러진 인테리어였다 룸 컨디션도 좋고 라운지 바도 마음에 들었다 스탠다드 더블 더블 더블 더블 더블 더블 더블 더블 더블 더블 더블 더블 더블 더블 더블 더블 더블 더블 더블 더블 더블 더블 더블 더블 더블 더블 더블 더블 더블 더블 더블 더블 더블 더블 더블 더블 더블 더블 더블 더블 더블 더블 더블 더블 더블 더블 더블 더블 더블 더블 더블 더블 더블 더블 더블 더블 더블 더블 더블 더블 더블 더블 더블 더블 더블 더블 더블 더블 더블 더블 더블 더블 더블 더블 더블 더블 더블 더블 더블 더블 더블 더블 더블
TEST_1246,객실이 넓은 편이라서 이용하기 편하고 좋았어요~ 번창하세요 ᄒᄒ
TEST_1247,욕실엔 금일봉지 출장이 있어 1박당 80만원짜리 필링하우스에 묵었습니다 체크인 후 객실 바닥에 물이 차서 씻을 수 없는 지저분한 냄새가 났습니다 샤워실 온도 조절이 잘 안 되어 있었습니다 샤워실 온도 조절이 잘 안 되어 있었습니다 샤워실 온도 조절이 잘 안 되는 것 같습니다 샤워실 온도 조절이 잘 안 되는 것 같습니다 샤워실 온도 조절이 잘 안 되는 것 같습니다 샤워실 문이 닫히는 소리가 들리고 있었습니다 샤워실 문이 닫히는 소리를 듣고
TEST_1248,곶 ᄏᄏᄏᄏᄏᄏᄏᄏᄏᄏᄏᄏᄏᄏᄏ
TEST_1249,혼자 있는데는데 룸 업그레이드까지 해주셔서 후기를 보니 어메니티를 받은 사람이 많더라고요 사진과 거의 흡사해요 호텔인 콜이 안쪽에 있어서 그런지 룸에 들어가면 뷰가 엄청나게 예쁘고 룸 컨디션도 좋습니다
TEST_1250,장모 못 먹고 별 다섯 개 1박 여행이라 엄청나게 감탄을 했는침 모르겠다 팍칸 후기 평점을 보고 기대를 다 했지만 별 다섯 개 방을 다 줄 수는 없을 듯
TEST_1251,관리하시는시는 분들도 친절하시고 모든 시설이 깨끗해요~~ 다음에 또 놀러 올 것 같아요
TEST_1252,주차비 따로 내는 호텔은 테라스에서 처음 봐요 호텔이 아니고 모텔이에요 직원 응대도 딱 그 정도예요
TEST_1253,유연하게 가봤는데 저번에 예약한 것보다 업그레이드되었어요
TEST_1254,완전 좋아해요 부산 해수욕장이 뷰가 있어서 2명으로 즐길 수 있고 신촌 호캉스라 깨끗해요~
TEST_1255,호텔도 너무 예쁘고 깨끗하며 직원 분들도 친절하십니다 저 역시 주시고 감사합니다 ᄏ 신나는 1층에다 벚꽃이 펼쳐지는 게 좀 불편하긴 했습니다
TEST_1256,정말 프리미엄입니다 깔끔하고 멋진 곳입니다 잘 쉬다 갑니다 다음 번엔 바로 10만원짜리 메리트를 찾아 가는 게 좋습니다
TEST_1257,모든 면에서에서 만족합니다 이제는 3번째입니다 ᄏᄏ
TEST_1258,바닷가와고 깨끗합니다 조식 서비스랑 커피도 맛있어요
TEST_1259,옥상에서에서 바베큐 꼭 해서 오세요 뷰가 기가 막혔습니다 방도 깔끔하고 수유한 팔레 스타일러까지 해주신 사장님의 친절함에 리뷰를 남깁니다
TEST_1260,트윈니룸 십대들 때문에 첫 방문인데 음식도 훌륭하고 뷰도 너무 좋았어요! 재방문의사 있습니다
TEST_1261,30분 전 전화가 없음 체크아웃 시간대를 넘어서 전화 넣으라고 바로 연락이 오게 됩니다 전화가 전화가 걸려오네요 저희는 불친절한 젊은 여성분들 때문에 잠을 못 잤어요
TEST_1262,객실도 좋고 직원분들이 너무 친절해요
TEST_1263,경치는은 식이고 풍경이고 공기는 좋았어요 샤워하기 너무 불편해요 욕실이 너무 좁았어요 샴푸량 취약일랑 틀린 수건 셋이 비치되어 있네요 베개 커버랑 샤워기 커버랑 샤워부스 커버랑 샤워부스 커버랑 샤워부스 커버랑 샤워부스 커버랑 샤워부스 커버랑 샤워부스 커버랑 샤워부스 커버랑 샤워부스 커버랑 커버랑 샤워부스 커버랑 샤워부스 커버랑
TEST_1264,부산역 팸플릿의 성지 모텔입니다
TEST_1265,사진 그대로 그대로 입히고 가격도 저렴하며 아주 잘 머물다 왔어요 다음에 가족들과 또 올 예정입니다
TEST_1266,"일반실 55000원짜리 뚝방 65000원짜리 뚝방 75000원짜리 뚝방과 토요코인은 5,000원이 추가 되고 3시에 입실 가능하네요 연박 가능합니다 여기가 아니라 다른 모텔도 이용 가능합니다"
TEST_1267,하프 디럭스 오션뷰에 뭉쳤음 100 오션뷰는 아니고 무료 건물에 살짝 가까운 오션뷰지만 경치를 즐기기에는 충분함 방은 넓고 깔끔하며 청결하고 쾌적함
TEST_1268,캠핑장에서 식사를 하는데 고양이 3마리짜리 객실 텍스블을 이용하며 알차게 이용하고 있음요 고양이가 객실 트리플인 남문 수영장 물을 먹으라고 시킨다고 하더라구요 ᄏᄏ 나만 그런 줄 알았음
TEST_1269,뷰는 나쁘지 않았습니다 하지만 생각보다 에어컨이 잘 나가지 않아서 아쉬웠습니다 뷰도 뷰가 좋아서 만족하고 갔습니다
TEST_1270,가격대가 합리적이어서 예약했는데요 신축이라서 내부가 청결해서 좋았어요 안경을 쓰면 뷰가 보일 텐데 왜 여기 안 쓴 건지 모르겠어요
TEST_1271,직원분들이 친절하시고 객실이 깔끔해요
TEST_1272,피시기 가격 대비 뷰가 더 좋은 데 가아치 같음
TEST_1273,트윈 금액만 원 되는 줄 알았는데 너무 좋았어요~ 전망이 너무 아름다워서 그럴 만한 가치가 있었어요 가보니까 카페도 적당하고 잠옷도 너무 편했어요
TEST_1274,2인실을 이용했습니다 조금 아쉬운 부분이 있지만 따뜻하고 깨끗하며 가격이 저렴합니다 아주 만족합니다
TEST_1275,시설이 깨끗하고 넓고 저렴해서 너무 좋았습니다 사장님이 너무 친절하시고 저희와 친구들이 밸런스 여행 중이었는데 방을 업그레이드해 주셔서 좋았습니다
TEST_1276,친절하게 반겨주시고 바락스가 있어서 좋았습니다 뷰도 아주 끝내주고 위치도 대만족 이용하기에 아성호필이에요 바다 보면서 힐링하고 싶었던 분들께 추천드립니다
TEST_1277,뷰 윌프 퀄리티 깨끗하고 직원들의 친절하며 아깐 루프탑 빼고는 전반적으로 일품이었다 조식 서비스도 흠잡을 데가 없으나 평일에 이 가격에 이 정도 퀄리티를 가진 호텔은 처음이다
TEST_1278,객실에서 보이는 뷰는 정말 최고임 호텔이 오래되었다 보니 전체적으로 노후되고 싶어서 예민해지는 것은 아쉽지만 관리를 청결하게 잘 해주고 있다 객실 내부는 깔끔하고 쾌적하며 침구류도 쾌적하다
TEST_1279,친절하셔서 적당히 기분 좋았습니다 어메니티 가성비가 너무 좋아요 레이션이나 칫솔이 마음에 들었습니다 물과 탄산수 물도 따뜻해서 좋았어요 안쪽으로 보이는 바다 풍경이 너무 좋아요
TEST_1280,겨울에 이용했고 사장님이 친절하셔서 좋았어요 다만 주말에는 주차가 불편하고 방음이 잘 안 됩니다 겨울에는 하루 종일 푹 잤어요
TEST_1281,인공 눈썹 땡기고 해서 완전 기대하고 갔었는데 너무 기분 나빠서 실망만 했네요 겨울에도 눈이 와서 더울 것 같네요
TEST_1282,직원들이들이 친절하고 수영장도 전반적으로 만족스러운 편입니다 뷰도 좋고 방 내부도 적당합니다 다만 샤워기는 비데가 없는 걸 추천합니다 샴푸 린스 바디워시 바디워시 바디워시 바디워시 바디워시 바디워시 바디워시 바디워시 바디워시 바디워시 바디워시 바디워시 바디워시 바디워시 바디워시 바디워시 바디워시 바디워시가 너무 좋진 않습니다
TEST_1283,친철하시곤 좋아요 뷔페식이랑 바베큐가 더 좋을 것 같아요
TEST_1284,객실이 깔끔하고 너무 친절했습니다 또 가성비도 굿! 재방문 의사 100입니다
TEST_1285,여기 전전긍긍하면서 이렇게 드려오는 건지 하룻밤 사이에 12점을 잡았습니다 호텔이 아니고 모텔임. 청소 상태도 불량해서 바가지 씌워 주셨는데 정말 죄송합니다
TEST_1286,처음엔 문을 열자마자 바로 앞이 오션뷰라 너무 만족스러웠습니다 광안리 바로 앞 위치여서 주변 맛집 갈 때도 여기 도보로 다 구경할 수 있어서 너무 좋았습니다~~
TEST_1287,어플로로 레일바이크 트윈에 묵었는데 어플리케이션 가격이 2/3 정도 보이는 정도 뷰입니다 숙소는 침대 면지도 다른 호텔에 비해 별로 낡지 않아 좋았고 청결 상태도 좋습니다
TEST_1288,세 번째 방문 뭐니 뭐니 해도 해피아워 가운 게 최고인 듯 이그제큐티브도 눈엔 안 보여요 호텔 내 수영장이 있어 매일 같이 나들이는 기분이에요
TEST_1289,여긴 그냥 계곡에 없네요 7만 원짜리 밥솥에서 화장실은 휴지가 없고 냄새도 나고 샤워기도 물을 놓을 때가 다 되어 있고 샤워기도 2개밖에 없고 샤워부스도 너무 좁고 샤워실도 너무 좁고 샤워부스도 너무 좁고 샤워실도 너무 좁고 샤워부스도 너무 좁고 샤워부스도 너무 좁고 샤워부스도 너무 좁고 샤워부스도 너무 좁고 샤워부스도 너무 좁고 짜증나서 텐트를 쳐서 텐트를 치고 자야 할 정도로 좁고 짜
TEST_1290,군대 다녀 다녀본 캠핑장 중에서 최고네요 뷰가 끝내줍니다 시설도 좋고 조용하니 앞이 신썰이라 나무랄 것은 없네요 아이들과 놀기에도 아늑합니다
TEST_1291,프라이빗 프리미엄 마운틴 룸에서 연박으로 묵었습니다 광안리 해변가 앞이라는 좋은 위치에 위치해 가성비가 너무 좋아 친구들과 좋은 추억을 만들고 왔습니다 아침에 조식도 제공되어 너무 좋았습니다
TEST_1292,가격 대비 훌륭하네요 시설도 깔끔하고 청결에도 신경 써 주세요~ 잘 쉬고 갑니다
TEST_1293,뷰가 정말 너무너무 멋져요~ 피워놓고 다른 것도 운치 있어요 직원분들 모두 친절하시고요 침구도 침구도 너무 편해요~ 침대에 누워도 뷰를 감상할 수 있어서 너무 좋았어요
TEST_1294,해수욕장과 가까운 곳에 아놀드에 올라와 있는 것 같아요 그런데 투숙객이 다른데 충분하지 않아서 불편했어요 전산과 주변으로 난방이 잘 안 되어서 그런지 엘리베이터가 좀 느린 것 같아요
TEST_1295,평점이 났을 때 예약했는데 우선 제 경험으로 위치적으로 너무 훌륭합니다! 제가 올 때마다 날씨가 흐리셔서 또 가야 될 것 같아요
TEST_1296,센스윅스 침구류 좋은 후천적인 후기입니다
TEST_1297,일출을 떼고 남산으로 방문했어요 리뷰도 좋고 바다와 가까운 곳으로 추천받고 다녀왔구요 외관과 로비가 깨끗해서 제가 너무 기대했던 것보다 훨씬 만족했어요 다음에 또 방문할게요
TEST_1298,깔끔함~~~~~ 욕조는 작지만 크도 넓고 쾌적하고 아숙궤장 바로 앞이라 편했음 근처 주변 맛집과 뷰도 좋음 다만 시설은 살짝 낡았고 방음도 안 좋음
TEST_1299,조식 판매입니다 근데 선풍기라 주차 시 입구가 없어서 안 보입니다 몇 년 후 다시 와서 알고 보니 대여는 아닌 듯 보입니다 저희는 따로 대여를 못 받았어요
TEST_1300,작년으로에 다녀왔다가 작년 겨울에 갔음. 코로나 방역 수건을 잘 치우더라. 온돈 체크아웃 겸 이벤트 개최 및 QR 콘트 이용하기 좋음
TEST_1301,오션도잇을 자주 이용하는 곳이고 시설이 그냥 낡았는데 부산역 2 이용할 땐 정말 최악이에요 화장실에서 냄새가 나요 에어컨 리모컨은 노후되었고 그래도 에어컨에서 냄새가 나요 와인바베큐도 너무 시끄럽고 조식도 너무 시끄러워요
TEST_1302,룸 컨디션도 완전 좋았고 침구류도 깔끔했습니다 체크인부터 체크아웃까지 전완쏙걸롱 팔이 친절하시고 전반적으로 서비스도 좋네요 다음에 부산에 오면 또 이용할 예정입니다
TEST_1303,혼자 출장 출장 갈 때 여기는 호텔이지만 외관은 모텔인 곳에서 가기가 어려웠던 곳이었음 그 당시보다 훨씬 좋았음 올드한 호텔이지만 내부 청소는 신경 쓴 것 같음
TEST_1304,성수역 출구에서 내려오면 바로 보여요 ᄒᄒ 포근성 대만족이었어요 주차장도 바로 있어서 편했습니다
TEST_1305,"부산 남역 근처에 위치하여 접근성이 좋습니다 옹주산 공원, 자갈치 시장, 남포동 도심 등 미화당 벡스코 등 여러 관광지가 도보로 5분 거리에 있습니다 접근성이 좋습니다"
TEST_1306,숙소 오션뷰는 정말 10점입니다 숙소 내부도 너무 깔끔하고 직원분들도 친절했습니다 특히 좋은 시간이 되었고 갑니다 칫솔은 통유리창이라서 먹기 편했어요
TEST_1307,서비스는 호나 다름없었는데 진심이 묻어나왔다 무엇보다 음식이기는 타인의 주차를 불허한다니까 맘에 들어요 단지 주차장 입장은 좀 그렇다 치더라도 객실 청결 상태는 정말 최악이다
TEST_1308,"최악 전 곳성 유료주차임. 참고로 준중형 SUV인데 기계식 주차가 불가능하다고 해서 주변에 18,000원 주고 주차함 2 호텔 내 슬리퍼도 없고 매트리스에 먼지가 가득함 3 모텔에 비해 객실이 좁고 방음이 안 됨 4 방음이 안 됨 5 방음이 안 됨 6 방음이 안 됨 6 방음이 안 됨 7 방음이 안 됨 6 방음이 안 됨 7 방음이 안 됨 7 방음이 안 됨"
TEST_1309,손님들이들이 친절하고 숙소도 깨끗합니다 특히 도미토리 4인인데 엘리베이터가 없다는 게 아쉬웠어요
TEST_1310,가격에 비해 직원들의 전화가 너무 많았습니다 넵뷰 인덕션 등은 인정해 줄 만하지만 후기들이 너무 많습니다
TEST_1311,숙소 뷰와 주니어 룸서비스 친절 모든 면에서 너무너무 만족스러웠던 곳입니다
TEST_1312,완벽하지 않은 게 하나도 없는 완벽한 후기를 보냈습니다 다음 날인가요
TEST_1313,5성급 호텔을 비즈니스 호텔이라 저렴하게 이용할 수 있어서 좋았습니다
TEST_1314,뷰짱입니다~ 직원분들도 친절하시고요 동성 친구들끼리 오기 좋습니다
TEST_1315,가성비가 아주 좋은 예뻤던 곳입니다 그런데 테라스에서 먹을 때 라이스를 뜯어가면서 조금 아쉬웠는데 냉장고에서 먹으니 라이스가 너무 예쁘게 나와서 기분이 좋았어요
TEST_1316,의자 걸어보려 갔습니다 완전히 기분이 망쳤습니다 분위기를 망치는 좀 씁니다 그리고 다른 뷰여서 직원들은 잘 모르겠지만 나름 만족했습니다
TEST_1317,멍불한 건지 오래되었지만 여전히 예쁜 뷰에 기분이입니다
TEST_1318,한가하게 한가하게 보내주셔서 감사합니다 땡큐 잘 쉬고 가요~~
TEST_1319,찍한 호텔이 이뻤음 예약할 수 있었어요 저는 여기에 1분 이상 있을 수 없었습니다 저는 화장실은 물을 내리지 않습니다 내 방 화장실에서 나는 냄새가 너무 심해서 잠을 못 잤어요
TEST_1320,청결합니다 가격대가 합리적입니다 저학년이랑 같이라 좋고 저학년이랑 더더욱 좋습니다 안 먹으면 손해! 방음이 잘 안 되는 게 단점입니다 근데 방음이 잘 안 되는 게 단점입니다
TEST_1321,"뷰도 좋고 깨끗해서 좋았습니다 다음 주초에 입교해야 하고 싶어 주차가 1박당 3,000원이 추가 필요합니다"
TEST_1322,깨끗한 시설 시설 관리 친절한 직원분들 그리고 넓은 수영장과 적당한엷은 어메니티~~ 굳이 명물이었던 펜션 중에 가장 최고라고 생각합니다~ 다만 뷰가 너무 예쁘고 방음이 잘 안 됩니다
TEST_1323,위치나 호텔 컨디션과 지인 친절 등 모든 것이 느껴져서 좋았어요 재방문 의사 완전 있습니다
TEST_1324,합리적인 가격에 가격에 가성비가 하룻밤 잘 묵었습니다! 시설도 나름 깨끗하고 어메니티도 충실하게 잘 갖춰져 있어요
TEST_1325,가격 대비용이 다앙합니다 츄잡비를 받는 곳은 처음 봅니다 프론트 직원 사모님이 요청합니다
TEST_1326,수영장은 잘 되어 있고 코로도 크고 옆에 내려와서 폭죽도 터뜨리려고 주역굴 쌓기 좋습니다 하지만 숙소에서 벌레가 잘 나와서 아쉽습니다
TEST_1327,뷰가 아주 좋습니다 조식은 보통 베이커리당 보통 베이커리로 나가는 것이 훨씬 좋아요
TEST_1328,머리카락이 냄새가 진동하고 객실에 입실 후 에어컨을 켜고 눈에 보이는데 손님들이 들어오지 않음 프론트에 들어가서 머리카락이 벗겨짐 왜 이리 더러운지 아냐
TEST_1329,객실 업그레이드도 해주시고 대리석도 잘 갖춰져 있고 친절하며 조식도 맛있었습니다
TEST_1330,가성비 짱인 호텔.. 다만 아쉬웠던 건 주차가 하차라 일행 중 한 명이 나가면 엘리베이터 때문에 머리가 아파 해요 엘리베이터를 타야만 해요
TEST_1331,청결하고 직원분들이 친절해서 좋았습니다 다음번에는 부모님들과 함께하고 싶습니다
TEST_1332,"짤랄 시설들을 고려하시고 요금을 받는 게 포인트입니다 전용으로 대신 15,000원을 사용하니 입실 가능합니다 더블기 대금 15,000원은 별도로 지불해야 합니다"
TEST_1333,아이들과오빠오빠오빠오빠오빠오빠오빠오빠오빠오빠오빠오빠오빠오빠오빠오빠오빠오빠오빠오빠오빠오빠오빠오빠오빠오빠오빠오빠오빠오빠오빠오빠오빠오빠오빠오빠오빠오빠오빠오빠오빠오빠오빠오빠오빠오빠오빠오빠오빠오빠오빠오빠오빠오빠오빠오빠오빠오빠오빠오빠오빠오빠
TEST_1334,친구랑 함께 넷이 가는 거라 체크아웃 시간을 이용했어요 저처럼 대리석으로 놀러 가는 분들을 위한 방이에요 진짜! 2층 침구 등 모든 게 맘에 들어요 ᄒᄒ
TEST_1335,온돌빠의 소릴 밤새 들리고 방음이 안 돼서 편하게 못   잤어요
TEST_1336,숙소 깨끗 깨끗하고 쾌적! 특히 환장한 다른 숙소에 비해 확실히 청결합니다 비즈니스 호텔이라는 이룸에 서비스와 청결도 매우 만족합니다
TEST_1337,4성 호텔이에요 아침에도 예뻤고 하객들도 여유로운 근처 움치트윈탕에 헬스 하지만 층수도 많고 넓어서 괜찮았어요 주차하고 1층 대로변에 주차할 수 있어서 편리했어요
TEST_1338,너무 귀하면 안 되는 숙소. 이룸 호텔에 갈만 하다 방 전체적으로 작고 침대가 오래되어 있음 모기가 많고 너무 커서 피해야 할 듯
TEST_1339,배정받은 방은 벽 뷰에 따라 다르게 배정되어 있고 화장실에 곰팡이 물로 되어 있었으며 샤워기는 고장 나 있고 세면대 수압이 약해서 세면대 수압이 약합니다 샤워실 수압이 약합니다 샤워실 수압이 약합니다 샤워실 세면대 수압이 약합니다 샤워실 세면대 수압이 약합니다 샤워실 세면대 수압이 약합니다 샤워실 세면대 수압은 약합니다 샤워부스 세면대 수압은 좀 약합니다
TEST_1340,이불과 같이 오게 되었네 ᄏᄏᄏᄏᄏ
TEST_1341,주인이랑 소파 테라스 냄새나 담배 냄새 그런 것 같습니다 그냥 예약 취소했어요 남산 사장인지 알바인지 모르겠는데 아미가 투숙객을 대하는 태도가 너무 안 좋은 것 같아요
TEST_1342,오래된 추억은 있지만 연식 대비 고급스러운 관리가 잘 되어있음 여름 내내 투숙했음 여름에는 동이 너무 시끄러워서 힘들었는데 겨울에는 더 따뜻하고 쾌적해서 좋았음
TEST_1343,후기에에 예약할 것을 잡아놓고 갔더니 객실이 없으니 다른 숙소에서 자야겠다고 하면서 숙박 예약을 취소해버리고 당황했습니다
TEST_1344,성수역에서에서 가까워서 자취가 어려웠는데~ 직원분들이 너무 친절하셔서 기분이 좋았습니다 객실도 깔끔하고 이불도 깨끗해서 너무너무 좋았습니다 잘 쉬다 왔습니다
TEST_1345,객실 주인의 침구류와 샴푸류 시설 및 컨시어지 뭐 하나 빠지지 않는 최고의 호텔이었습니다
TEST_1346,뚜벅에서 부산 집으로 오면서 하루 더 지낼 곳이 없어 아쉬움이 예약할께 되었습니다~ 홈이 너무 조용하고 시설도 깨끗했어요 어메니티 빵에 물 붓는 소리가 들릴 정도였어요 룸 컨디션도 너무 좋았어요
TEST_1347,프론트에서 겪은 핸들링 고장 난 핸들링 핸들링 도구들이 더 확감 하게 하는 최악! 고장 난 핸들링 없는 곳에 신경 쓸 곳도 없어서 CCTV 확인도 제대로 안 해본 건지 룸 컨디션도 나쁘지 않았음
TEST_1348,어메니티 외관이 너무 예쁘고 하셔서 예약한 건지 꽤 괜찮은 선택입니다 처음 305호에 투숙했는데 청소하면서 담배를 한 대 피웠는데 냄새가 너무 심해서 잠을 못 잤습니다 룸 컨디션도 너무 좋았습니다
TEST_1349,뷰이 10년째 호캉스입니다 이불과 한지를 세탁기에 사용하지만 세탁기는 세탁기도 유용합니다 정말 최악의 조식입니다 칫솔은 물로 씻을 수가 없습니다 칫솔은 1층에 따로 구비되어 있습니다 칫솔은 따로 구비되어 있습니다 칫솔은 따로 구비되어 있습니다 칫솔은 따로 구비되어 있습니다 칫솔은 따로 구비되어 있습니다 칫솔은 따로 구비되어 있습니다 칫솔은 따로 구비되어 있습니다 칫솔은 따로 구비되어 있
TEST_1350,후기기 냄새 좀 사라졌으면 좋겠어요ᄏᄏ
TEST_1351,19층에에 있었는데 창문이 바다 뷰가 보이고 저렴한 가격에 만족합니다 ᄏᄏ
TEST_1352,방 깨끗 깨끗함 직원분 친절함 뷰가 예뻐요
TEST_1353,조식 1시간 넘게 뷔페식이고 로비에 30명 넘게 머물 중입니다 피난민 수용소 같고 별로나 애프터 유러도 됩니다 안목 자체가 없는 분들은 괜찮을 듯합니다
TEST_1354,작은 방만 있어서 좁았지만 입구에 스타벅스랑 카페텔이랑 방에 컨시어지 및 조식 쿠폰이 걸려 있어 웃어보는 사장님도 친절하시고 방 컨디션도 좋습니다
TEST_1355,체주 바다뷰가 너무 예뻤다 바다뷰가 예뻤다 바다뷰가 예뻤다 바다뷰가 예뻤다
TEST_1356,곰팡에서 출장 때문에 방문했습니다 근데 강남쪽 호텔들은 가격이 비싼 편이라 성수기에서 강릉으로 이동하기도 편한 곳에서 예약했는데 가성비 짱이에요
TEST_1357,로맨틱 오션뷰로 잡았는데 너무 만족스럽네요 재방문 의사 100입니다 밤에 광안대교 보며 맥주 한 잔 딱 좋습니다 디너 뷔페에서 샴푸 린스 바디워시 바디워시 바디워시 바디워시 바디워시 바디워시 바디워시 바디워시 바디워시 바디워시 바디워시 바디워시 바디워시 바디워시 바디워시 바디워시 바디워시 바디워시 바디워시 바디워시 바디워시 바
TEST_1358,프론트 직원분들이 너무 친절했어요 가성비가 마음에 들었습니다 오션뷰로 정갈하신 분이 특히 ᄒᄒ 기분 좋게 다녀갔습니다~
TEST_1359,비포기 아쿠아리움에 샤워나 냉장고에 곰팡이 껴있는데 담배 냄새 때문에 가실 분들은 그냥 가지 않는 게 좋으실 겁니다 일단 저는 이 호텔 이용하기 위해 며칠 전부터 사우나를 이용했습니다 그런데 사우나에 곰팡이가 너무 심해서 잠을 못 잤습니다 룸 컨디션도 나쁘지 않았습니다
TEST_1360,실 방 보는 것 같아요 야~ 일단 뷰가 너무 좋더라구요 보통 뷰에 뷰 좋은 곳은 바다 정면 보여서 바다 보면 해돋이만쫙 보이고 아늑하니 좀 더워요
TEST_1361,캡슐 호텔 오션뷰 진짜 미쳤어요~ 그리고 시설이 다 깨끗해서 사용하면서 마음에 들었어요! 혼자 여행한다면 이 호텔을 꼭 선택해야 해요
TEST_1362,제가 묵었던 방은 복도에 먼지가 덜 청결한 느낌이 있었어요 그 옆이 에웬 압도적으로 위치하고 갑니다~ 내부 시설도 좋습니다
TEST_1363,비싼 만큼 많은 장소임에도 불구하고 뷰도 좋고 깨끗하며 직원들도 친절해요~ 가격 대비 만족합니다~
TEST_1364,스탠다드 더블 더블 더블 침구 및 침구 및 거실 뷰 모두 사월 할인 없음
TEST_1365,직원들이 친절친절했지만 다른 방음 리뷰에 비해 부실했습니다 시설과 어메니티는 다소 아쉬웠고요 뷰는 너무 좋았어요
TEST_1366,사장님과 직원분들이 너무 친절하시고 시설도 깨끗해서 기분 좋게 머물렀습니다 잘 지내다 갑니다
TEST_1367,셋이니 좋았어요 룸 컨디션이 별로였어요
TEST_1368,숙소소 가서 처음으로 호캉스를 했습니다 12시 넘어서 도착했어요 바다가 가깝고 둘레와 자고 있는데 복도에서 소음 소리가 났습니다 문이 닫히는 소리와 문 닫히는 소리까지 다 들립니다 문을 닫는 소리도 들립니다 문 닫는 소리도 들립니다 문 닫는 소리도 들립니다 문 닫는 소리도 들립니다 문 닫는 소리도 들립니다 문 닫는 소리도 들립니다 문 닫는 소리도 들립니다 문 닫는 소리도 들립니다 문 닫는 소리도 들립니다 문 닫는 소리도 들립니다
TEST_1369,투숙트 체크인은 했지만 방문할 곳은 아닙니다 하루 오션 뷰 C 객실을 이용했습니다. 장점은 오션 뷰를 가성비 있게 이용할 수 있다는 점입니다
TEST_1370,모처럼 많이 썰렁 썰렁 썰렁 썰렁 썰렁 썰렁 ᄏᄏᄏ
TEST_1371,여긴 절대 가지 마세요. 직원들 인내가 하나도 없어요 친절을 기대하지 마세요 ᄏᄏ
TEST_1372,번잡점도 바로 옆에 있고 해수욕장도 가까워서 좋았습니다 저 먼먼저행도 잠옷이 너무 편했어요~
TEST_1373,해운대 해수욕장과 뷰와 200밍의 거리에 있으면서 중번의 대형 호텔이 있어 편리하지 않고 조용합니다 바다뷰가 정말입니다
TEST_1374,최근에 청결되었는데 침대가 낡아서 매우 불편했어요
TEST_1375,직원분들이 친절하시네요 시설이 많이 노후되었네요 취중에 단골이랑 좋았습니다
TEST_1376,여긴 가성비를 안 하시는데 꼭 그것 말고도 있을 거 있어 작심합니다 우선 여기는 5성급 호텔입니다 지난번에 입실하자마자 먼지가 날 정도로 쌓여 있었습니다 룸 컨디션도 나쁘지 않았습니다
TEST_1377,코로나파워윌리스 예약 당시 사진과 달라서 편하네요ᄏᄏ
TEST_1378,아난티 뷰 맛집입니다~ 너무 만족스러웠어요~ 사람도 많이 부족하지 않고 직원분들도 너무 친절하셔서 기분 좋게 쉬다 갑니다~
TEST_1379,객실이 편한 누나를 만나서 좋았고 아침에 일어났는데 뷰 때문에 한 번 더 반함
TEST_1380,9시에 부산역앞에서 찍고 내려와서 내려오고 눈 치우고 입도 안 열었습니다 ᄏ 최악입니다
TEST_1381,휑성호텔 사우나호텔의 후기입니다
TEST_1382,친절하고 응대도 다 맛있고 시설도 뷰도 최고입니다
TEST_1383,분평형이라 언제부터 될지 모르는 곳입니다
TEST_1384,남자친랑 조용하게 쉬고 싶어서 자주 가고 싶어요 정말 공기 좋고 물 좋고 힐링하기 너무 좋아요~ 아침에 일어났는데 차 소리가 들립니다~~ 너무 좋았어요~
TEST_1385,쿡낵 3개 맛집이라는 것을 발견하게 됩니다ᄏᄏ
TEST_1386,신라스스호텔은 뭐지 좋아요 ᄏᄏ 은근 조식 서비스입니다
TEST_1387,미식 숙박업소입니다
TEST_1388,취학역장 코로나로 내려갔는데 최악으로 막혔습니다 휠 캡슐입니다 새 건물에 새 것 같네요 눈물 나네 겨울엔 추위도 있는데 너무 더워요
TEST_1389,건탕과 까페도 가격이 좋아서 편리했어요ᄏᄏᄏ
TEST_1390,저렴함 오션뷰 시설 청결함. 체크인은 늘림. 체크아웃 전 오전 시간대에 2시에 너무 청소가 필요했습니다 물과 전기를 사용할 수 없었습니다 그리고 샤워실과 욕조가 분리되어 있어서 샤워를 오래 기다려야 하는 불편함이 있었습니다
TEST_1391,급하게 예약하고 보니 환불 문제가 예민하게 되었고 부산 출장이 취소되어 예매한 금액을 취소하였는데 환불이 안 된다고 합니다 4박을 예약했는데 오전 10시에 환불 요청이 들어왔고 오후 1시 반에 환불 요청이 들어왔는데 오후 1시 반에 환불 요청이 들어왔고 오후 1시 반에 환불 요청이 들어왔습니다 오후 1시 반에 환불 요청이 들어왔는데 오후 1시 반에 환불 요청이 들어왔고 오후 1시 반에 환불 요청이 들어왔다고 합니다 오후 1시 반에 환불 요청이 들어와 환불 요청이 들어오자 환불 요청이
TEST_1392,여기 와서서 교통편이 편하고 주차가 좋음
TEST_1393,청초호 회원지 엽 스낵바의 10분 할인인데요 청결하고 시설도 깨끗하고 모텔인데도 불친절할 것 같아요
TEST_1394,멸림하게 면봉이 없어 침구류는 왜 이렇게 번해서 너무 더럽고 심지어 청소도 제대로 안 하는 것 같아요
TEST_1395,다른 건 건 다 좋은데 엘리베이터가 4인인데 1층에 40층까지 내려와서 더 놀랐어요 내려오는데만도 엘리베이터 예약도 안 됩니다 ᄏᄏ 다음에 또 올 것 같아요
TEST_1396,영월대교 건널목 앞 도로에 포장마차촌도 있어서 놀기도 좋아요 그리고 걸어서 이동할 수 있는 실내시장이나 자갈치시장이나 휘닉스파크 등등 호텔에서 즐기는 야경도 좋고 전망도 너무 좋아요
TEST_1397,"독특 고객끼리, 가성비 겸 깔끔한 호텔 서울도 숙박 기금으로 20만 원 정도 주고 이 정도 호텔이면 꽤 괜찮다고 생각합니다 이 가격에 조식이나 라운지 이용이 모두 가능한 호텔입니다"
TEST_1398,여기로기에 예약했던 모텔이 너무 낡아서 급히 여기로 예약했어요 40도 이상 떨어져 사장님이 아주 친절하시고 방도 너무 깨끗하고 깨끗했습니다~ 덕분에 잠옷도 잘 챙겨주셨는데 너무 만족했습니다
TEST_1399,조식 서비스 꽝입니다ᄏᄏᄏ
TEST_1400,여기는 가룸에서 4성의 하드웨어의 청결도가 5성은 좀 낡은 느낌이고 레지던스 룸 있는 건 멜론이나 프레지던트 안 가본 사람은 모르겠지만 호텔 자체는 괜찮은 것 같아요
TEST_1401,가족끼리 머물기 좋아요~ 청결 상태도 좋았어요~ 딱 입실했을 때 담배 냄새 안 나서 좋았는데 전체적으로 화장실에서 담배 피우는 냄새가 나서 찝찝했습니다
TEST_1402,시설은 깔끔하나 다소 낡았다 주차가 매우 불편합니다 비즈니스용으로 i30입니다 짝퉁이 높은 SUV들은 히터를 동한 히터를 켜야 하고 별동 비데를 사용해야 합니다 룸 컨디션도 나쁘지 않습니다
TEST_1403,신분증 블라인드 트윈으로 예약했는데 막상 짐을 받아보니 스위트 트윈이었음 진짜 실수로 실수로 고지를 당했음 ᄏᄏ 미리 예약해서 실수로 고지를 당했음 ᄏᄏᄏᄏᄏᄏᄏᄏᄏᄏᄏᄏᄏᄏ
TEST_1404,프론트 직원들의 전문과 서핑 때도가 엉망입니다 숙박 후기 작성자로 요청하면 무조건 1층 방으로 배정해주는데 3박퀘 객실 2개를 배정받으셨는데 객실 2개를 배정받으신 분들은 정말 친절하십니다
TEST_1405,- 불 뷰 때문에 전망 1인가 싶을 정도로 층고가 높지만 그래도 밤에 보는 전망은 짱입니다 전전만 생각하고 가는 곳입니다 뷰 때문에 예약했는데 뷰 때문에 예약했습니다
TEST_1406,최고의 펜션 주인의 빠르셔서 그런지 세심한 주의를 기울이는 듯 펜션 전체가 산뜻하게 디자인되어 있고 복층 구조의 객실과 깨끗한 침구 상태로 편안하게 지냈습니다 3객실이 있어서 바베큐장과 바베큐장이 분리되어 있어서 바베큐장과 바베큐장이 분리되어 있어서 바베큐장과 바베큐장이 분리되어 있어서 바베큐장과 바베큐장이 분리되어 있어서 바베큐장과 바베큐장이 분리되어 있어서 바베큐장이 분리되어 있어서 바베큐장과 바베큐장이 분리되어 있습니다 그리고 발코니 쪽에는 넓은 물로
TEST_1407,강릉 갈 때 갔다 오랜만에 예약해서 갔는데 고층에 위치해서 이동하기도 편리하고 조금만 걸어가면 식당이나 술집이 많아서 완전 유용하고 있습니다ᄒᄒ 청결 상태도 좋고 방 상태도 좋습니다
TEST_1408,수건 빌라에 숙박했는데 거실에서 수영장이 바로 눈앞에 있어서 좋았어요 뷰도 예뻐요
TEST_1409,직원 교육욱 똑바로 시킬게요 정말 만족스러운 호텔을 다녔지만 체크인 안 해주시고 체크인 시간 전에 프론트를 비워놓는 숙박업소들은 처음입니다 프론트 직원은 친절하지 않습니다
TEST_1410,깨끗하고 주차도 편하며 사장님도 친절하심만 아니면 절대 오지 않을 거예요  10시가 넘었는데 엄청 즐겁게 산대요
TEST_1411,뭐 이런 게 다 있나요 여기 데스크에 여자분 한 분인가요 예약 취소된 게 맞는지 확인하고 싶어서 전화를 드렸는데 좀 당황스러웠습니다 전화 연결이 안 되는 건지 체크아웃 시간이 늦어서 그런 건지 체크아웃 시간이 늦어서 그런 건지 체크아웃 시간이 늦어서 그런 건지 체크아웃 시간이 늦어서 그런 건지 체크아웃 시간이 늦어서 그런 건지 체크아웃 시간이 늦어서 그런 건지 체크아웃 시간이 늦어서 그런 건지 체크아웃 시간이 늦어서 그런 건지 체크아웃 시간이 늦어서 그런 건지 체크아웃 시간이 늦어서 그런지 체크아웃이 늦었는지
TEST_1412,평일에 혼자 다녀왔는데 너무 좋았어요. 장점: 뷰 짱짱 짱짱하게 지내시는 분들의 시그니엘 방띠는뇬뇨~ 사장님이 꼼꼼하게 신경을 많이 쓰시는 것 같아요
TEST_1413,합리적인 가격에가에 호캉스 겸 수영장 겸 욕조가 있어서 좋았어요 간식이나 난방도 너무 좋았고요
TEST_1414,너무와요! 신라스테이에서 무료 체험으로 해운대를 이용해봤는데 뷰도 너무 예쁘고 직원분들 친절하고 좋아요~ 자주 이용하고 싶어요
TEST_1415,서비스 정말 정말 좋아요 ᄏᄏᄏ
TEST_1416,카운터 2023. 05. 26 또 올 것 3시 ~ 10시 40분 40초 얽히고설킨 카운터의 애견 동반을 먹었으면 좀 먹은 남자한테 잃을 것 같음 닉네임 체크인 시 체크인 직전에 체크인 직전에 체크인 직전에 체크인 직전에 체크인 직전에 체크인 직전에 체크인 직전에 체크인 직전에 체크인 직전에 체크인 직전에 체크인 직전에 체크인 직전에 체크인 직전에 체크인 직전에 체크인 직전에 체크인 직전에 체크인 직전에 체크인 직전에 체크인
TEST_1417,방은 낡았지만 이불은 깨끗하고 청소도 잘 되어 있습니다 수건도 많습니다 특히 여름철 화장실 세제를 고른 곳도 있습니다 프론트는 친절하십니다
TEST_1418,췌공예요 ᄏᄏᄏᄏᄏ
TEST_1419,다른 앱에서 더 싸게 예약할 수 있는 곳을 찾아보다 가고 예약해서 방이냐 없냐에 따라 다르겠지만 1층에서는 호텔로 된 지 얼마 안 돼서 그런지 룸 컨디션이 안 좋더라고요 룸 컨디션도 나쁘지 않았어요
TEST_1420,위치와 상태는 좋은 편이나 서비스 수준이 매우 낮아서 여러 번 황당하네요 재방문 가능성 체크인했습니다 우선 소음이 너무 심해서 짐 보관하는 동안 소음이 너무 심했어요
TEST_1421,윗층에서 새벽 1시까지 호캉스 겸 급한 액체 튀는 소리를 중간 소음에 새벽 5시까지 옆방에서 놀래 짖는 소리를 들으며 밤새 쿵쿵거리는 소리에 잠을 못 잤어요
TEST_1422,바다 보이는 보이는 캠장 중에 누가 간 건지 찾기 힘든 곳입니다 옆에 편히 송지호 두 분 두 분 다 조용하고 가족 단위가 많았음 그래도 다른 곳보다 넓고 쾌적함
TEST_1423,지인들이랑 왔는데 시설이 참 깔끔했고 방 분위기도 깨끗하고 좋았어요 침구도 너무 편하고 잘 자고 잘 쉬었습니다
TEST_1424,광안대교 뷰라 좋아요 인피니티풀도 사람이 많아서 좋았어요! 에어컨도 아주 잘 되어서 좋았습니다 또 오고 싶네요
TEST_1425,부산 여행 갈 때마다 여기로 예약하고 있습니다 부산역이랑 가까워서 도보하기도 편하고 직원분들도 친절하시고 방도 깨끗해요~
TEST_1426,룸 컨디션이 호텔인지 여친과 갔어요 룸 컨디션도 깨끗하고 푹신했고 화장실이 깨끗한 것도 너무 좋았습니다 잘 놀다 갑니다
TEST_1427,혼자 머물었다가 다녀왔어요 조금 조용하고 가격이나 위치 모두 만족이 많은 숙소입니다 이 시간 또 묵고 싶어요
TEST_1428,오래된 곳이지만 깨끗하게 잘 되어 있네요 단점이나 칫솔 등은 우료 석빔술이라 게 아쉽지만 그래도 만족해요
TEST_1429,맘에 봐서 그런지 야경이 너무 멋있었습니다 5성급은 큰 창문의 창호지를 하는 건데 여기는 조식이 너무 괜찮았어요! 가짓수도 많고 먹을 것도 많아서 좋았습니다
TEST_1430,처휘 가짓을 원하시는 분들에게 최고의 선택입니다
TEST_1431,뷰 맛집입니다 부모님도 친절하셨고 부모님도 친절하셨습니다
TEST_1432,이잇 건물이 멀고 먼지가 많고 멋지다 시설도 깨끗하고 훌륭하다 그러나 바로 앞에는 주차장에 주차하고 수동으로 짐을 옮기는 게 힘들다
TEST_1433,갈 때마다 놓고 편안하면 역시 좋은 곳이에요 저 역시 주위에 많은 곳이예요
TEST_1434,사장님이 친절하세요. 객실 관리도 잘 되어 있었어요 깔끔해서 만족스러웠어요 뷰가 이뻐서 바다를 감상하는 아이들과 잘 놀았어요 주변에 이용할 만한 편의점이나 맛집도 많아서 만족했어요
TEST_1435,해운대에서 주오 관광지라 접근성이 좋았고 여행지로도 좋고 숙소가 좋은데 그냥 숙소 내에서 호캉스하기에도 최고였음
TEST_1436,장점: 동백섬 수영장이 있음 넓고 넓은 수영장도 있음. 실내 동백섬 풀장도 있음 밤에 분수가 좋음 조용함
TEST_1437,룸 컨디션 좋습니다! 제가 좁을 운지지라 주차하기 힘들었는데 사장님이 주시하는 거 빼고는 괜찮았습니다
TEST_1438,너무 충격스러워서 리뷰 남깁니다 별점 5점 리뷰만 올리는 게 아니라면서 별점 한 개 주는 처음 봅니다 얌전히 제대로 묵은 것 같아요 제발 예약 사이트에 올리지 마세요
TEST_1439,건물에 들어가자마자 눈이 떠졌어요 ᄏᄏ 가짓수랑 출경은 시간 낭비입니다 ᄏᄏ
TEST_1440,별 하나 보고 있는 곳인데 저번에는 모기가 많았는데 이번에는 모기가 너무 많아요 다들 엄청 많은 물이었구요 다른 별들도 많았는데 저번에는 모기가 너무 많았어요
TEST_1441,객실 상태는 나쁘지 않은데 저장 난 부분이 있지 않은 것은 잘 안 되어 있는 것 같음
TEST_1442,와중 이 설악산이라 너무 뷰는 휘어지고 전경은 뷰가 오륙도 뷰라 최고의 뷰인데 옆 건물들 뷰랑 똑같은 느낌이었음
TEST_1443,얼룩도 뷰가 이쁘고 마루 구조라 감성이 좋은데 엘리베이터 운영이 이상해서 한번 타면 5분 넘게 기다려야 함 룸은 깔끔하고 좋았음 단점은 객실이 너무 협소하고 룸 컨디션이 좋지 않음
TEST_1444,객실이 견고하고 먼지가 많은 편입니다 직원들은 친절한 편이군요 객실엔 관리가 안 되네요 객실을 놓고 왔는데 없다는 게 말이 되는지요 호텔에서 체크아웃 후 바로 룸을 이용할 수 있습니다
TEST_1445,차체 문제 때문에 여행을 망쳤다더라구요 ᄏᄏ 나만의 문제인가요 ᄏᄏ
TEST_1446,뚜벅 앞인데 너무 모텔 뷰라 투숙객도 별로 없었는데 가격이 좀 아쉽네요 뷰가 없는 것은 아니지만 경치나 뷰는 나쁘지 않았고 그냥 적당한 뷰가 아니었어요
TEST_1447,데이트 먼지 없고 욕실 청소 상태 안 좋고 욕조에 칫솔이 떨어져 피가 흐르네요 리모델링은 침구류는 작동을 안 해서 TV 켜야 하고 리모컨을 켜야 하고 샤워부스도 작동이 안 돼서 불편했어요
TEST_1448,서울 때문에 때문에 왔는데 요즘에 식사도 많고 번화가라 바다가 좋았다 또한 직원들한테는 안 좋은 친절하게 해주었다
TEST_1449,진할철로라 오션뷰였고 후기 편했어요
TEST_1450,방은 린넨베드가 있어서 옛날의 모텔과 다를 게 전혀 없고 내부가 인테리어 치장만 완벽했음 그리고 오션뷰에서 투숙했는데 방 크기가 작아서 방 크기가 작아서 방 크기가 작아서 방 크기가 작아서 방 크기가 작았음 방 크기가 작아서 방 크기가 작음 방 크기가 작음 방 크기가 작음 방 크기가 작음 방 크기가 작음 방 크기가 작음 방 크기가 작음 방 크기가 작음 방 크기가 작음 방 키가 작음 방 키가 작음 방 키 작음 키 작음
TEST_1451,청음 리조트 부산에 왔는데 만나는 옆집 아저씨가 인사해 주시고 도왔다고 하신 것을 포함해서 그동안 다녔던 호텔들 중 최고의 서비스를 경험한 곳입니다 조식도 정말 맛있었고 침구류도 청결해서 좋았습니다
TEST_1452,1박 강 뷰여서 행복한 시간이었습니다 다음에 또 기회가 되면 꼭 가기로 약속했습니다
TEST_1453,곰팡스산 펜션에서 1박을 넘 편안하고 즐기기 했어요 친절한 사장님의 센스가 숙소 안에 다 묻어 있어요 말도 너무 예뻐서 기분 좋게 놀다 갑니다
TEST_1454,저렴하고 위치도 좋으며 방도 깨끗하고 좋습니다 카페테리아도 친절했습니다 다만 바로 앞이 번화가라서 그렇지는 않을 듯요
TEST_1455,최악임. 우명해서 기대하고 갔는데 숙소에 묵는 동안 너무 끔찍했습니다 호텔은 전헛 아니고 중상등학생들이 묵을 만한 숙소인데 오션뷰 하나만 보고 가기에는 가격이 너무 비쌉니다
TEST_1456,창문이 엄청 크고 광안대교가 보이는 풍경이 아주 멋졌어요 직원분들도 친절하게 안내해 주시고 숙소 내부도 아주 깔끔했어요~ 하루 묵는 동안 너무 행복했어요~
TEST_1457,가성비가 진짜 좋은 호텔인 것 같습니다 시설도 깨끗하고 인테리어도 좋은 것 같아요
TEST_1458,객실에 1만원이상 호캉스 가서 가성비 있으면 여기는 거 아님 말 그대로 내가 손님이지라고 합니다 왜 바다 하나만 쳐다보냐고 합니다 바다 안 보이면 112를 쏘다니고 싶을 정도입니다 ᄏᄏ
TEST_1459,별로라고 불편한 방은 좁고 답답합니다 그리고 신축이라 깨끗한 느낌은 아니나 전반적으로 낡았고 오래된 느낌이 없습니다 모텔 수준으로 재방문하고 싶지는 않습니다
TEST_1460,좋습니다니다 위치나 탕수도 잘 수 있고 엷은 수영장도 있고요 후식이 좋아요
TEST_1461,신라스역행 다녀온 후기들이 좋은 기억하고 서비스까지 좋은 곳이었습니다
TEST_1462,전체적으로 좋았 좋았습니다~ 사장님도 친절하시고 뷰도 좋고~~
TEST_1463,SNS만 보고 처음 방문했는데 기대보다 깔끔하고 깨끗해서 좋았어요! 밤새 식당이나 직원분들한테 친절히 응대해 주시고 필요한 부분 챙겨주셔서 감사했습니다
TEST_1464,계곡 상 보이고 뭐 좀 물들어보려고 짱 5분 정도 주차장에 세웠습니다 주차장 내 자리도 엄청 많았고요 저희는 그냥 주차를 해본 게 아니라 주차장 안에 세면대가 있어서 세면대 세면대 세면대 세면대 세면대 세면대 세면대 세면대 세면대 세면대 세면대 세면대 세면대 세면대 세면대 세면대 세면대 세면대 세면대 세면대 세면대 세면대 세면대 세면대 세면대 세면대 세면대 세
TEST_1465,면질이이 많고 방음이 전혀 안 되네요 TV도 너무 없어서 놀랐습니다 뷰가 많이 낮습니다
TEST_1466,오션뷰 사우나가 완전 힐링하고 올 것 같아요 올 때마다 가고 싶어요 아뭇도 없는 옥탕에 푹 자고 바다를 보고 있으면 네 인생이 행복하게 된다
TEST_1467,셀프짐과 힐링에 최고예요~~
TEST_1468,직원 오션뷰에서 머물렀는데 바다를 즐길 수 있어서 정말 좋았어요! 시멘트는 안 되고 야외 수영장만 다녀왔는데 격식과 수압이 있어서 재방문 의사가 있습니다
TEST_1469,오렌만에 괜찮은 숙소를 선택하신 것 같아요 가격도 착하고 시설도 청결하고요 투숙객이 식객만 아니라 청소하시는 어산님들도 너무 친절하세요
TEST_1470,비즈니스 용으로 하는 것이 아닐까요 ᄏᄏ
TEST_1471,프리미엄 숙건에서 깨끗함이 느껴지고 뿔로 만든 의자로 정말 친절하십니다 주변에 모텔인원은 많지 않아요
TEST_1472,주인분님이 친절하시고 뷰도 너무 좋아요 ᄒᄒ
TEST_1473,음식은은 아쉬웠지만 객실 상태는 참 좋았습니다 ᄒᄒ
TEST_1474,최신식이라 시설이 매우 깔끔합니다 그리고 관리자분들이 매우 친절합니다 벡스코 시설이 잘 되어 있습니다
TEST_1475,부산에 있을 때 친구들이 오고 조용하고 깔끔한 실내에서 후기를 잘 했어요 다음에는 가족들과 오베쿠도 이용하고 싶네요
TEST_1476,횟집기도 하고 ~ 투숙객임에도 불구하고 나쁘지 않았음
TEST_1477,친구네 친구랑 와서 방을 2개 잡았는데 너무 마음에 잘 놀고 왔어요
TEST_1478,청결하고 관리가 잘 되는 곳입니다~ 주변 도로 소음이 조금 있습니다
TEST_1479,고데 센스 빵이 조금 작아서 불편할 수는 있지만 가성비가 너무 좋고 화장실과 샤워부스도 크고 세탁기도 구비되어 있어서 너무 좋아요 특히 화장실에 먼지 제거가 잘 되어 있고 침구류도 청결하게 잘 되어 있어요 침구류도 청결하게 잘 되어 있고 침구류도 청결하게 잘 되어 있어요 침구류도 청결하게 잘 되어 있고 샤워부스도 청결하게 잘 되어 있어요 그리고 캡슐 빵이 살짝 작아서 불편할 수 있지만 캡슐 빵이 조금 작아서 불편할 수는 있지만 가성비가 너무
TEST_1480,가성비 최고예요 완전 넓고 깔끔하고 고층이라서 뷰도 좋아요 다음에 또 부산 오면 숙소는 무조건 여기로 하려구요 그리고 주차가 좀 힘들 것 같아요
TEST_1481,샤워실 문이 없어서 세면대까지 물이 많이 긁히는 게 아쉬웠습니다 그런데 전체적으로 가성비가 괜찮고 깔끔하고 좋았어요
TEST_1482,일단 주비가 가능해서 좋았어요 근데 물로 조식 서비스나할 때 프론트 사용 가능 정도였어요 직원분들 친절하셔서 감사했습니다
TEST_1483,최근에 임용한 아주 저렴한 곳이라 기분이 좋았던 점: 뷰가 너무 좋았다 조금 안 좋았던 점: 바베큐가 향황 방식이어서 맛있게 먹었습니다 다음에 또 방문할 것 같아요
TEST_1484,너무 이이 별로였어요 일단 파타크는 웬만한 사람들이 뭘 원하는지 걸어서 가는 곳이라 그런지 청소를 안 하는 것 같아요 그리고 침대 시트에 있는 머리카락과 먼지가 너무 심해서 잠을 못 잤어요
TEST_1485,연휴여서 서울 호텔이 비싸서 고민하고 있었는데 저렴한 가격에 조식을 포함하여 가성비 좋게 머물다 왔어요 부산에서 차는 일주일 무료주차장을 찾아서 2박 해봤는데 너무 좋았습니다
TEST_1486,친구랑 하루 묶고 갔습니다 통창은 근처에서 놀고 술잔으로 이동할 예정이었는데 그 근처에 있는 곳의 주인이 지인 추천으로 근처 호텔에서 1박하고 왔어요 나쁘지 않은 퀄리티의 인테리어가 마음에 들었습니다
TEST_1487,전번에 방문하고 싶었던 드라이버를 구입하여 예약했습니다! 홈페이지에서 본 것보다 훨씬 객실이 좋았고 뷰가 진짜 멋있습니다 ᄒᄒ
TEST_1488,마! 더 이상 오지 마세요 ᄏᄏ 다음 여름에 돌아오지 마세요
TEST_1489,직원분들이 친절하시고 좋았어요~~
TEST_1490,룸 이렇게 불친절한 서비스는 기대 안 했는데요 뷰도 나쁘지 않았습니다 다만 주차 공간은 협소한데요 주차 공간이 꽉 차면 옆 건물 주차 공간에 주차하면 되는데 주차 공간이 협소합니다
TEST_1491,앞이 깨끗하고 가성비 최고입니다~ 대만족은 약간 편이지만 나는 만족합니다
TEST_1492,신고 정서가 투철한 사람 같긴 합니다 작년엔 직원이 둘이서 갔지만 두 번 다시 가고 싶지 않았고 지금은 어떤 분의 친필에 최악이라는 글을 남겨서 다시는 가고 싶지 않습니다
TEST_1493,아이들과 부모님 모시고 부모님 모시고 부모님 모시고 부모님 ᄏᄏᄏ
TEST_1494,주차 편하고 근처에 있어서 여행하면서 오기 편했어요 넵튠도 깨끗하고요 출장 오면 여기서 묵고 싶은 곳입니다
TEST_1495,착엽쟈가 작아 보이는 와중에도 삯과 한먀비 차이가 났다고 느끼는 게 호텔입니다
TEST_1496,가격이 높은한데 만족할 만한 서비스가 있을까요 조식은 저렴한 편이지만 내용은 별로였어요
TEST_1497,개인적으로 사우섬 오션뷰와 시티뷰였음
TEST_1498,제 위치상 이해도 안 되는 딱 돈값 하는 호텔이 아닌 듯 빼고 호텔 자리는 필수적인데 일단 주차가 안 돼 불편하고 주변 주차장과 인접해 주차하기가 쉽지 않은 곳입니다 주차장이 좁은 건 단점입니다
TEST_1499,와 이런 어떤 호텔을 가도 청소가 이렇게 안 된 곳은 처음이네요 바다에 빠져든 몇 시간이 지나서야 방을 바꿨습니다 뭐 먼지 방도 멀다고 몇 번이나 바꿔줬는데 청결하지 않더라고요 화장실도 깨끗하고 침구류도 청결해서 좋았어요 다음에 또 방문할게요
TEST_1500,바로 수영 수영장이 없어서 호캉스 하기도 애매하고 주위에 놀 곳도 없음 그냥 하루 살기 적당한 곳! 전반적으로 만족하지만 조식 서비스는 아쉬움
TEST_1501,"서울 올리브 4층에 묵어봤는데 더블로프 통창문이 방 크기가 100만 원에 3평데), 방 크기를 전혀 고려하지 않은 최악기 가쿠와 내부 컨시어지 등 시설이 엉망입니다 직원분들도 너무 불친절합니다"
TEST_1502,객실도 깨끗하고 직원분들도 너무 친절하고 특히 뷰가 아주 좋아요  제발문의사 완전 있어요
TEST_1503,직원들이 너무 친절하고 깨끗하지만 아쉽게도 맛있는 조식을 충분히 못 먹었어요요 다음에도 여기로 방문할 예정입니다
TEST_1504,일단 매우 오래됐고 아이들이 뛰어놀라도 가면 안 되는 곳에 들어가자마자 취학하고 나왔어요 몇 년 전에 갔던 방에 들었던 그런 습함 등 10푼도 안 되는 금액에 머물렀는데 너무 만족스러웠어요 다음에 또 올게요
TEST_1505,연인으로로 고고 갔어서 좋네요 ᄏᄏᄏ
TEST_1506,단점 20층 건물에 엘리베이터가 딴 1번째입니다. 기계식 주차입니다 내 방만 그런지 모르겠지만 3년 된 침대가 어떻게 해서 카운터가 푹 커버되었나 싶을 정도로 넓고 쾌적합니다 객실 내부에 샤워실과 화장실이 분리되어 있어서 샤워할 때 불편함이 없었고 샤워실 내부에 샤워부스도 있어서 샤워할 때 불편함이 없었습니다
TEST_1507,객실 상태 및 내부 서비스는 만족했으나 뷰실 구조가 의심될 정도로 약한 방음 옆 방에서 뭐 하는지 앙주 스테이크 사운드로 들림 조용한 편이라 좋았음
TEST_1508,찍어놓은 산 뷰를 손님이 치우게 함 뷰가 결함이 있음 칙언의 안내로 손님이 돈을 지불해야 하는 이상한 서비스 마인드
TEST_1509,아침과 산과 바다를 바라보며 토요코핑과 뷰 또한 가성비 최고예요
TEST_1510,스탠다드 더블로 예약했는데 입실료 대비 낮은 방으로 업그레이드해줬는데 처음에는 별 기대는 없었고 뷰는 볼 거 없고 실내에는 습하고 청결하게 잘 되어 있는 것 같았고 조식도 먹을 만하고 좋았음
TEST_1511,주차: 차 대기가 급탕해서 주차 타워를 이용할 수 있는 이용객이면 불편함이 없을 듯하나 우리 차 샤워주기가 큰 편은 아니어서 주차 타워를 이용해야 하는 불편함이 있습니다 주차 타워를 이용하려면 주차 타워를 이용해야 합니다 주차 타워를 이용하려면 주차 타워를 이용해야 합니다 주차 타워를 이용하려면 주차 타워를 이용해야 합니다 주차 타워를 이용하려면 주차 타워를 이용해야 합니다 주차 타워를 이용하려면 주차 타워를 이용해야 합니다
TEST_1512,여행을 위해 갔는데 체크인 제대로 잘 하고 짐 놓고 내려와서 잘 놀고 들어가라고 하니 도어록으로 안내해 주시고 새내 어메니티를 주셔서 기분 좋게 쉬다 갑니다
TEST_1513,넓고 깨끗한 뷰가 마음에 드는 뷰였어요~~
TEST_1514,평일 휴가 점수 보시면 알겠지만 절대 후기일 겁니다 1. 오션뷰가 아닙니다 2 광안대교 뷰입니다 3 전체가 뷰인 것을 알겠습니다 4층 카페를 보고 예약해야겠습니다 5층 카페를 예약해야겠습니다 6층 카페를 예약해야겠습니다 7층 카페를 예약해야겠습니다 7층 카페를 예약해야겠습니다 8층 카페를 예약해야겠습니다 8층 카페를 예약해야겠습니다 9층 카페를 예약해야겠습니다 10층 카페를 예약해야겠습니다 12층 카페를 예약하면 체크인이 안 됩니다 12층 카페
TEST_1515,주차 안에 못하면 공항주차장 근처에 관광지에 주차 가능했다 대중교통도 편했고 지하철이 전혀 안 돼서 깨끗했다 바로 이동하기 때문에 접근성도 좋았다
TEST_1516,장점은 뚜불을 무료로 빌려주십니다! 청소기와 전자렌지가 층마다 나뉘어 있어요 그 흔한 음식을 제공하겠습니다 건식은 없고 찰떡궁합인가 싶을 정도로 먼지가 가득합니다 샴푸 린스 바디워시 바디워시 바디워시 바디워시 바디워시 바디워시 바디워시 바디워시 바디워시 바디워시 바디워시 바디워시 바디워시 바디워시 바디워시 바디워시 바디워시 바디워시 바디워시
TEST_1517,위치와 시설이 다 만족하고 있습니다 가성비가 나쁘지 않고 굳 굳
TEST_1518,통유에서 2박을 했댜. 더블 스위트 1 : 사용하기 위해 5성 호텔을 잡았는데 야놀자와 온 투숙객들 때문에 고민했더니 더블 스위트라고 하더라구요 룸 컨디션도 좋았고 침구류도 깔끔하고 좋았어요
TEST_1519,최고의 장소! 추천합니다 ᄏᄏ
TEST_1520,이재면이 있는 곳과 없는 곳 뷰 차이나입니다 라운지 조식 가짓수는 적은지만 맛있고 맛있어요 침대는 편하고 뷰는 최상급이에요
TEST_1521,겨울이 문어발입니다ᄏᄏᄏᄏᄏ
TEST_1522,높은 층과 고급스러운 인테리어에 비해 바다까지 와~ 뷰가 별로예요
TEST_1523,깔끔하고 뷰가 예뻤습니다 뷰가 좀 끄긴 한데 뷰는 좋아요~
TEST_1524,부산 호텔뷰 짱입니다~ᄒᄒ 원래 3층짜리 한 침대인 방이었는데 주인 아저씨가 들어오셔서 방이 좁을 것 같다고 말씀드려 주셨어요 ᅲ 감사해요~
TEST_1525,주차는 불편하지만 깨끗하고 스타일러랑 공구청정기도 있어서 좋아요
TEST_1526,안내판도 없고 직원들이 길 안내도 제대로 안 해 주고 담배를 꽁꽁 뺍니다 너무 불친절한 경치였고요 여기 예약한 내 친구니 호캉스하고 싶을 정도였습니다
TEST_1527,뷰가 좋고 시설이 깨끗해서 너무 만족스럽습니다 다만 주변이 해변 근처라 근처에 자갈이 횡하니 더 편리하고요 부산역 바로 앞이라 접근성이 좋습니다
TEST_1528,룸 어메니티 바디워셔 좋아요 셔플이 압도적으로 좋고 라운지도 만족스러웠어요~ 어메니티입니다
TEST_1529,강원도 후기 중 여행 중에 오는 남포 뷰를 감상하고 뷰도 좋고 뷰가 좋다기에 처음 오는 곳과 좀 떨어져 있어서 일출을 보러 다녀왔는데 너무너무너무너무너무너무너무너무너무너무너무너무너무너무너무너무너무너무너무너무너무너무너무너무너무너무너무너무너무너무너무너무너무너무너무너무너무너무너무너무너무너무너무너무너무
TEST_1530,의식이이 너무 예뻐요 ᄒᄒ
TEST_1531,여기는 호텔이라고 뷰를 수 있을까? 그냥 오션뷰가 운유하는 민박인가? 여관? 그런 건가요 여긴 에스에프에 좋은 후기를 써주면 휴지통에 후기를 남깁니다
TEST_1532,위치가 좋고 친절하며 깔끔합니다
TEST_1533,방이 좁고 먼지가 창 가장 뷰는 별로예요 한강변 객실이랑 마주치고 싶고 한밤은 밝은 뷰와 같습니다
TEST_1534,너무너무너무 예뻤어요ᄏᄏᄏᄏᄏ
TEST_1535,위치는 별로일 것 같지 않음 ᄏᄏ
TEST_1536,시설도 좋았고 접근성도 괜찮았습니다 다음에는 여기가 있습니다~ 번창하세요~
TEST_1537,시성링에 인텔이었는데 모두 고급스럽고 깔끔해서 너무 좋아요~~!!!! 서비스도 좋아서 아주 편히 있네요ᄒᄒ
TEST_1538,잘 쉬었다 갑니다~ 아쉬운 점은 너무너무 부족한 주차장 ᄏᄏ
TEST_1539,바다가쿠 촌놈이고 안네해주시시는 사장님이 너무 친절하십니다
TEST_1540,이 지에 이 정도면 최고라고 생각합니다ᄏᄏ
TEST_1541,인생 첫 휴일인데 정말 휴일 없는 곳인가 봐요 재방문 의사 100% 인정되는 곳인가 완전 산길 외길 양양 별 볼일 다 있어서 괜찮은 듯
TEST_1542,가격은 저렴한데 예약하고 오정 쌀을 제대로 제공하지 않으면 나중에 건물이 낡아서 문제가 되는 광경을 체크할 수 있습니당
TEST_1543,호텔이라입니까는 대리석 대리석 같은 느낌이 강하신 곳입니다 내부로 들어가기를 원하는 가족 분들이 많습니다! 주변이 도로변이라 걸어서 10분 정도면 갈 수 있습니다
TEST_1544,가격 대비 너무 별로예요 진짜 황탕한 룸 컨디션.. 곰팡이 냄새와 이 뷰 안 나는 장빤 창문도 잘 안 터지고 더러운 의복에 먼지가 잔뜩 묻어 있었어요 뷰가 너무 예뻤어요
TEST_1545,친절했고시고 깨끗하셨고요 따뜻했습니다 다만 제가 바베큐 박딱인 걸 너무 힘들어해서 아쉽네요
TEST_1546,뷰도 예쁘고 다 흰세인데도 너무 깨끗하고 직원분들도 친절하세요 뷰 때문에라도 꼭 오고 싶습니다 ᄏᄏ
TEST_1547,입구는는 평범했는데 알차게 들어가서 너무 깜짝 놀랐습니다 딱 트인 바다와 넓은 광안대교 뷰 수영장 그리고 이쁘게 보이는 펜션 풍경이 참 좋네요 이번 여행은 일본에서 왔는데 대만족이었습니다
TEST_1548,아름다운 곳이었어요~ 방에서 일출도 편하게 보고 왔어요 오랜만에 오랜만에 여행하고 왔어요
TEST_1549,8개월 8월9일 302호에 묵었습니다 겨울 내내 사장님이셔서 여름휴가 주시고 계곡에서 따뜻한 방항에 냄새가 났다고요 방에 들어가니 너무 추워서 잠을 못 잤어요
TEST_1550,3/9 바베큐룸 예약하였던 분의 탈입니다 동생 생일 기념 친구들과 뒷퓨리 창으로 햇빛이 들어와서 예약했는데 막상 인원 2인 최고 10인 확인 안 한 게 너무 아쉬웠습니다
TEST_1551,오픈한 집 뷰는 너무너무 예뻤고 창문이 조금 더 깨끗했으면 좋겠어요 직원분들도 잘 쉬다 가셔야 하는데 에어컨을 틀 때 뷰가 너무 예뻐서 다음에 또 이용할 것 같아요
TEST_1552,시설이 좋은 편은 아니지만 깨끗하게 관리되어 좋습니다 옆방에 올 일이 있으면 꼭 여기서 쉬역입니다
TEST_1553,전 투큐어였는데 오늘 호텔 사장님이 손님으로 있습니다 그런데 그 분이 손님에게 손님을 하대하고 가격이 너무 높습니다 굳이 예약할 필요가 있을까 싶을 정도입니다
TEST_1554,침구적긴 했지만 통유리가 손님을 반겨줍니다 ATM기이고 생각한다면 뷰가 있어 보이나요 창문에서 내려다보이는 뷰가 너무 예뻐요
TEST_1555,8월 15일 다른 숙소 이용 불가로 방이 없어서 성수기에 바이올린 스위트룸에 묵게 되었는데 시설 관리를 안 하는 건지 알레르기로 엄청 고생했어요 직원들은 친절하시고 시설도 깨끗했습니다
TEST_1556,신라스수떼의 쌈성 오싹 오한들입니다~~
TEST_1557,직원분들이 친절하시고 오션 뷰가 좋았습니다~
TEST_1558,뷰가 너무 예뻐요! 광안리를 즐기기에 가장 좋은 선택이었습니다
TEST_1559,개미너들이 밤새도록 밤새도록 노는 건지 밤새는 건지 모라도 의자 가격거리는 소리가 들려서 잠을 설쳤다 자고 일어나 보니 다른 방에서 자는 소리가 들리더라고요 ᄏᄏ 방음이 안 되는 건지 방음이 안 되는 건지 ᄏᄏ 방음이 안 되는 건지 방음이 안 되는 건지 ᄏᄏ 방음이 안 되는 건지 ᄏᄏ 방음이 안 되는 건지 ᄏᄏ 방음이 안 되는 건지 ᄏᄏ 방음이 안 되는 건지 방음이 안 되는 건지 ᄏᄏ 방음이 안 되는 건지
TEST_1560,일단 위치가 너무 좋아요~~ 맛집도 많고 없던 것도 있을 수 있고 교통이 편하고 좋았네요 또 아찔하신 친절하신지 3번째를 했는데 방도 업그레이드해 주셔서 더욱 편하게 지낼 수 있었어요
TEST_1561,주변엔 아무 간판도 없어서 조금 아쉽긴 좀 아쉽지만 이 가격에 녹천탕을 편히 즐길 수 있는 것 같음 ᄒᄒ 시설도 깔끔하고 청결한데 주변에 히노키탕이 있어서 저렴한 가격에 먹을 수 있어 좋았음
TEST_1562,쩔은 남직원 고욱 저욱 좀 시끄러워요
TEST_1563,깔끔하고 조식도 먹고 생각보다 나쁘지 않습니다 잘 쉬다 갑니다
TEST_1564,악평이 많아서 걱정했는데 딱 거기에 민감하지 않으면 나쁘지 않아요 그냥 오래된 호텔이라 생각되고 오시면 좋을 듯
TEST_1565,최악 최악입니다 TV장 안에 머리카락이 나뒹굴고 침대 이 머리카락까지 정말 뷰를 하루 한 번 더 보게 되네요~~ 너무 무거워서 잠을 못 자겠어요
TEST_1566,친구랑 커플이 로맨틱 오션뷰 방에서 하루 지냈습니다 시설이 전부 깨끗하고 옥상 루프탑의 사진 찍기에 정말 좋았습니다 사장님도 친절하시고 직원분들도 너무 만족스러웠습니다
TEST_1567,하루만 묵었던 후 아쉬웠던 곳이에요 다음에도 2박 3일로 다시 오고 싶네요ᄏᄏ
TEST_1568,한강 뷰 맛집~~ 노랑효과는 포기할 테 착착뽁짝한테 역은 한가해서 좋았습니다~~
TEST_1569,아름다운 경뷰가 바로 앞에 펼쳐져 있어요 거미줄 사이로 바로! 무료 사용 가능 히터 타올 필요 없음 샤워실 없음 숟가락과 화장실이 있음
TEST_1570,뷰 톤 좋고 이쁜 편인데 뷰는 없는데 룸 컨디션이라 룸 컨디션은 좋았어요
TEST_1571,너무너무 더러워요 샴푸와 먼지 투성인입니다 샴푸가 너무 작아서 사용하기도 힘드네요
TEST_1572,방음이 1도 안 돼요 옆방 말이랑 물 내리는 소리가 다 들려요
TEST_1573,오랜만에 가 부산 여행 온다면 변기를 좋아할 것 같아서 약간 저렴하게 잡은 호텔인데요 1 오래된 객실 같다 균일인데 뷰가 나쁘지 않다
TEST_1574,룸 컨디션 좋아요~ 친절하시고 인테리어도 굿~ 잘 쉬다 왔어요 묽로 조식으로 나온 디저트도 맛있었어요
TEST_1575,영도나 남포동을 여행하였고 생각한다면 무조건 라마다호텔입니다 뷰 맛집입니다 가성비 높은 호텔. 남포동 영도 근처에서 이 정도 규모의 호텔은 처음 봅니다
TEST_1576,가족들과 함께 호텔과 아주아주 가까운 곳을 잘 이용했습니다 특히 시설이 아이들과 즐기기 좋습니다 물 온도도 민감하기엔 적당하고 여름에도 바다와 광안대교가 잘 보여서 좋았습니다
TEST_1577,진짜 별뷰 맛집도 아깝습니다 뷰도 예쁘고 별 하나 흠 잡을 수 없는 뷰입니다 이 리뷰 저 봐요
TEST_1578,7월 18일19일 402호에서 하루 묵었습니다 평일 저녁 차만 가득 차다가 당일로 속초 쪽으로 간 건지 엄청히 만족스러웠습니다 비성수기임에도 주차장도 넉넉히 마련되어 있어서 너무 좋았습니다
TEST_1579,깨끗하고 깨끗하고 직원들이 친절하네요 ᄏᄏ
TEST_1580,호텔 아니고 아니고 모텔! 좀 낡아서 리모델링 하나씩 하는 중 투숙객 펜 소음 어떡하나ᄒ 주차비 물 아넹캄ᄒ 주차 공간이 부족합니다 바로 주차비 받으나 타인 주차비 받음
TEST_1581,"일단 엄청 엄청 추워요 창문이 열려 있는데도 바람이 계속 들어와요 근처에 물 2개, 공기 2병이 있어요 2박 3일을 숙박해도 물은 얼룩도 없고 너무 추워서 잠을 못 잤어요"
TEST_1582,시설이나 고급스러운 시그니엘에 여행 조금 아쉬웠지만 직원들의 친절함이나 실외 수영장은 완벽했습니다 특히 수영장이 제일 마음에 들었어요
TEST_1583,작년에 왔고 올해도 왔지만 너무 좋네요~ᄒ 내년에 또 올 것 같아요
TEST_1584,"스위트가 스위트를 실었냐고 물어보니 와이퍼는 이중 틀을, 아침에는 가로틀을 씌워놓는데 믿지 않습니다 처음엔 청결인 숙소가 아닌 것 같았는데 시간이 지나면서 청결 상태가 좋아졌습니다"
TEST_1585,시티뷰 제일 산으로 근처에 큰 예약하고 갔는데 시티뷰가 아니라 오션뷰 뷰가 짱이네요ᄒᄒ 숙소는 작지만 잠만 자고 나니 괜찮아요~ 근데 물에서 냄새나거나 냄새가 너무 심했어요 룸 컨디션도 나쁘지 않았습니다
TEST_1586,친절하게 체크인도 도와주시고 무엇보다 초심이 좋았습니다 직원분이 친절하게 챙겨주셨고요 가격 대비 급하게 1박했습니다
TEST_1587,바다뷰 너무 예뻐요 예뻐요 요즘 아이들과 가고 싶을 정도로 좋았다는데요
TEST_1588,바다가 난방을 2시간 틀어놔도 안 따뜻했어요 샴푸도 전혀 안 나왔어요 샴푸를 받길래 좀 더 달라고 했더니 들어오자마자 한 번 더 달라고 하더군요 샴푸를 한 번 더 달라고 하더군요 샴푸 린스 바디워시 바디워시 바디워시 바디워시 바디워시 바디워시 바디워시 바디워시 바디워시 바디워시 바디워시 바디워시 바디워시 바디워시 바디워시 바디워시 바디
TEST_1589,여름에 시원한 계곡을 찾는다면 여기 추천할게요 계곡이 얼룩져 있어 시원하고 수압이 알싸하며 특히 아이들이 놀기에 딱입니다 시설도 좋아요 룸은 깨끗하고 쾌적합니다
TEST_1590,여기 바하고 문열어도 성의가 없고 심지어 오션뷰를 포기하는 악덕입니다 가지 마세요
TEST_1591,정말 더러럽습니다 시설도 지저분해요 산만 조금 후지다고 생각하고 가시면 됩니다 비데 리모컨도 안 빠져 있고 탁구대 청소한지도 모르고 침구류에서 냄새나고 샤워기에서는 물도 제대로 나오지 않네요
TEST_1592,주차 빼고는 다 좋은 것 같음
TEST_1593,친한 해외여행으로 나옴~~
TEST_1594,빼곤썬썬이 좋았네요 거실이나 바베큐장이 보이나 너무 만족스러웠어요 일출과 일몰을 보고 싶었지만 비가 와서 아쉬웠던 것 같아요
TEST_1595,치켜찍고 냄새 나는 오예 예뻐요 오션 터치더라고요 오션 터치입니다
TEST_1596,뷰픽션입니다ᄏᄏᄏᄏᄏᄏᄏ
TEST_1597,화장실에도 바로 후문이 있는 것만 빼면 다 좋았어요 화장실도 샤워실도 취사장도 다 넓고 깨끗하며 시설도 잘 되어 있어서요 아이들이 놀이도 할 수 있어서 좋았어요
TEST_1598,강추하는 곳입니다 부산역과도 가깝고 시설도 이 정도 가격에 아주 훌륭합니다
TEST_1599,공갈할 때 쓰는 것보다 저렴한 냄새가 났어요 쭈윈비는 아주 친절했어요
TEST_1600,룸 컨디션이 특히 특급 호텔답게 아주 깨끗하게 잘 관리되어 있어요 직원분들은 모두 친절하십니다
TEST_1601,1. 숙에 탈린 룸이 짝습니다. 샤실상 가족 모텔로 보는 게 좋습니다 수압이 매트리스 두 개를 합친 게 꽤 말짱입니다 4-5월까지는 잘 놀다 갑니다
TEST_1602,할 말이 많진만 하지 않았습니다 훗날 일출 보기 싫은 곳으로 보내둘게요 여사장의 말이 감동적입니다
TEST_1603,서비스 제로판임 방이 너무 지저분해서 레지던스 체크아웃 요청해도 방 딱 찾아서 안 된다고 함ᄏᄏ 다른 곳은 안 가는데 서울은 아니잖나
TEST_1604,비즈니스 호텔 호텔 크 자쳅입니다 뷰는 대만족이고 안에는 건물이 많은데 조식은 먹을 만 했는데 가격이 저렴하지 않네요
TEST_1605,깨끗하고고 친절하며 위치가 좋습니다
TEST_1606,ᄏ짱 치우기 좋아요~ 깔끔해요 ᄏᄏ
TEST_1607,캠핑 겸 펜션 같이 있었어요~~
TEST_1608,늦은 방 잘 안 되는 것 외에는 가성비 좋은 호텔입니다 침구류도 깨끗했고 프런트 직원분들도 친절했어요
TEST_1609,위치는 너무너무 좋아서 별 하나 더 춥니다 청소 상태가 불량하고 화장실에서 나는 냄새 같은 이상한 냄새 있습니다 화장실에 머리카락이 있고 샤워부스 안에 곰팡이가 있습니다
TEST_1610,8시간 윤전하고 가까운 오션뷰오션뷰까지 넉넉하게 챙겨주시는 사장님 사모님이 좋았습니다 수많은 돈이 들었지만 정말 깔끔하고 청결하며 큰 만족을 드렸습니다
TEST_1611,아이와 어디 가나 똑같은 뷰의 뷰입니다
TEST_1612,조식 포함 예약했는데 체크인할 때도 아무 말 없었어요 조식을 먹으러 갔더니 평일은 선택하라고 하네요 체크인 할 때 직원이 안내나오라고 하더군요 체크인 할 때 직원이 안내를 안 해줍니다 체크인 할 때 직원이 안내를 안 해줍니다 체크인 할 때 직원이 안내를 안 해줍니다 체크인 할 때 직원이 안내를 안 해줍니다 체크인 할 때 직원이 안내를 안 해줍니다 체크인 할 때 직원이 안내를 안 해줍니다 체크인 할 때 직원이 안내를 안 해줍니다 체크인 할 때 직원이 안내를 안 해
TEST_1613,"뷰는 말할 것도 없음명, 청결도 깨끗하고 최고의 숙소예요"
TEST_1614,호캉스를 하고 여기저기 구경하다가 딱딱하게 느껴질 정도로 걱정했는데 저 앞이라서 교통도 편하고 차 가지고 오는 분들도 잡기 쉽고 방도 그렇고 전체적으로 넓고 쾌적했어요 다음에 또 오고 싶네요
TEST_1615,루프탑에서 보이는 송정 뷰가 최고예요 그리고 직원분들이 친절하셔서 이용하는데 불편함 없이 잘 놀다 왔습니다
TEST_1616,호텔이라 예약하지 말고 꼭 모텔이라 생각하시면 어떨까요 뭐 여기 아니면 잘 곳 없어요 예약은 예뻐서 비싼 방만 가면 돼요 다음에 부산에 오면 또 예약할 거예요
TEST_1617,지금껏 가본 캠핑장 중에서 제일 최고입니다 저는 호캉스에서 캠핑하다가 후기처럼 자리가 없어서 포크로 들어갔어요 매점 주인한테 들키고 싶지 않습니다
TEST_1618,더럽다는 후기 많은데 전 더럽다는 말은 못 들었어요 수영장도 있는데 가성비가 너무 좋아요ᄒᄒ 수영장과 로비까지 있어서 너무 좋았습니다
TEST_1619,직원분들 친절하시고 얼룩 청소기가 있어서 편리함~
TEST_1620,다른 곳은 지은 지 얼마 되지 않아서 뷰가 캔버파크와 비슷하네요 오래된 건지 오래된 건지
TEST_1621,가격 대비 조금 저렴한 것 같아요
TEST_1622,바다가 보이는 부산 야경이 약간 멋있어서 누워 있을 때 창문이 좀 어두웠음 나가면 광안대교 보일러이고 바닷가 보여서 위치가 좋았음 방은 지하에 위치해 시설도 좋고 깨끗했음
TEST_1623,친구랑 같이 이용했는데 너무 좋았어요~ 저녁 식사는 커피를 못 먹는 건 아쉽지만 그래도 뷰가 만았던 호텔이었습니다~ 광안대교 뷰는 말할 것도 없고요 ᄒᄒ 다음에 부산에 오면 또 이용할 것 같아요
TEST_1624,준챠난이 발생함. 그런데 주변 주차장에서 바로 주차했음모두 하버뷰를 선택했는데 짜증도~~~ 룸은 방음이 잘 안 되었음
TEST_1625,부산 시하고 좀 떨어져 있지만 가격 생각보다 모든 게 용이한데요 주차장 넓고 직원도 너무 친절하시고 객실 크기에 비해 냄새가 안 나고 어메니티 퀄리티도 좋습니다
TEST_1626,침대가 푹신하고 이불이 포근해서 좋고 방에 준비된 커피 커피 커피 커피 3종류가 준비되어 있어요 호텔 시설도 좋지만 도보로 경복궁과 청계천을 걸어서 10분 정도면 도착할 수 있어요
TEST_1627,신관 방이 너무 깔끔하고 수영장 간식들도 너무 맛있었어요~~~
TEST_1628,너무 깨끗하고 뷰가 너무너무 좋아요 직원분들도 너무 친절하시고 저녁에 이용할 수 있어서 너무 좋아요
TEST_1629,코로나 때문에 고민했는데 다행히도 방역도 아주 깔끔하고 물이 따뜻해요 살짝 좁지만 만족스럽습니다
TEST_1630,별도도 없고 객실이 정말 깔끔하고 화장실도 너무 깨끗했어요
TEST_1631,최악의 방음 상태임
TEST_1632,호텔이 아주 깨끗하고 전망이 끝내줘요 짱짱입니다 직원도 너무 친절하구요 서울 부산에 오면 또 들릴 거예요
TEST_1633,깨끗하고 깨끗하고 가격도 괜찮고 만족해요 다음번에는 부모님들과 부모님들과 함께하고 싶습니다
TEST_1634,조용히 쉬하기 좋은 곳입니다~
TEST_1635,빈약한 느낌의 호텔을 출장 때마다 이용한 적이 다 있어봤는데 가격만큼의 만족은 없네요 무엇보다 디럭스로 밀리 선취급하고 있는데 또 가격 대비 너무 만족스럽습니다
TEST_1636,문을 열고 들어서자마자 보이는 바닥에는 떡볶이는 떡이 들어 있고 만지면 별이 어디 갔나 싶어지는데 물컵으로 한번 더 닦은 거 그냥 시끄러워지더라고요 샤워실 수압이나 샤워부스 온도 조절이 잘 안 되는 것 같아요 룸 컨디션도 좋습니다
TEST_1637,짧아 통행이 많지 않은 곳으로 해변 이동이 가능하며 앞익들과 산책하기 좋은 곳에 위치해 있어요 가격 대비로는 기대하는 것도 있어요 최고 시설은 아니지만 청결하게 관리되어 있어요
TEST_1638,낡았지만이 너무 좋아서 객실에서 보이는 소음에 잠을 설친 것은 하눌이랑 뷰가 너무 인상적이었어요
TEST_1639,스위트 스위트 호텔 운영하시는 사장님이 이 가격을 받으셨으면 합니다 호텔 운영하시는 분들은 모두 아시겠지요 사전지를 관리하시는 분들도 계시겠지요
TEST_1640,신쿠 캠핑장이라 깨끗해서 좋았습니다~
TEST_1641,객실이 넓고 넓으며 수영장도 깔끔하니 좋았어요~
TEST_1642,탁 트인 풍경이 너무나 아름답고 사장님이 매우 친절합니다
TEST_1643,출장 왔 가족들과 묵기에는 최고입니다 방이 깔끔하고 편안하며 가성비가 좋습니다
TEST_1644,깨끗한데데 좀 시끄럽네요ᄏᄏᄏ
TEST_1645,요즘 친구들과썸으로 방문했는데요 일단 가성비도 좋고 가성비도 좋았어요 아침 조식도 나쁘지 않았어요
TEST_1646,바닷가 이용하기 좋았어요 ᄏᄏᄏ
TEST_1647,친절하고 깨끗하고 좋아요 다만 주변에 식당이나 커피숍이나 카페 등이 부족하다는 점이 아쉽습니다 바로 앞에 편의점이 있어서 다행이네요
TEST_1648,위치가 좋고 방도 깨끗한데 방음이 짱입니다
TEST_1649,수건 사진만 보고 예약했는데요 엄청 오래된 건물레핥기 냄비나 욕조도 장난이 아닙니다
TEST_1650,부산역이이라 가성비 좋은 편이고요 뷰가 좋고 방이 깔끔하고 호캉스하기 좋아요 다만 로비가 조금 답답하지 않은 분위기인 건 아쉬워요
TEST_1651,깔끔하고 위치가 좋고 친절해서 푹 쉬다 갑니다~ 해운대에서 가까워서 가기 편하고 지하철도 바로 앞이라 이동하기도 좋아요~ 주방도 있어서 조금 더워도 잘 쉬다 갑니다
TEST_1652,장점은 취사인이 매우 불친절하고 시설이 깔끔합니다 단점은 룸 안에 소음이 다 발생합니다 조금만 더 들어도 다 들립니다 주차장은 조금 협소합니다
TEST_1653,다 좋았는데 체크아웃 시간에 엘리베이터가 부족해서 애매한 층 사람들이 엘리베이터를 이용하지 못했어요 3층에도 엘리베이터를 30분 기다려야 하는데 엘리베이터를 타지 못해서 엘리베이터를 타지 못했습니다 엘리베이터를 타지 못해서 엘리베이터를 타지 못했습니다 엘리베이터를 타지 못해서 엘리베이터를 기다렸는데 엘리베이터를 타지 못해서 엘리베이터를 타지 못해서 엘리베이터를 기다리다가 엘리베이터를 타지 못했습니다 엘리베이터를 타지 못해서 엘리베이터를 타고 엘리베이터를 기다렸네요 ᄏᄏ
TEST_1654,수영장 다녀온 곳입니다
TEST_1655,라온호텔에 대한 리뷰는 꼭 남기시고 싶으셨습니다 웬만하면 송정에서 가장 가까운 곳에 배정받아서 좋았습니다 리셉션에 있는 여자 직원분은 매우 친절하셔서 방문했을 때 기분 좋게 놀 수 있었습니다
TEST_1656,추천해서서 예약하고 왔어요 별로 1점만 있었지만 너무 만족했습니다 인테리어도 하얗게 깔끔하고 예쁘게 되어 있고 창가도 오션뷰라 너무 좋았어요
TEST_1657,가성비 호텔이라고 해도 그렇지 않은 것 같은데 호텔 가운도 없고 칫솔도 없고 칫솔도 없음
TEST_1658,동해 좋은 곳에 하루 묵고 싶습니다~~ 친절하시고요~~ 저도 숙소 내에 홍보할 게 있어 주셨어요~
TEST_1659,호텔 전체적으로 전체적으로 인테리어가 묘한 느낌인데요 특히 화장실이 너무너무 깔끔해서 좋았어요 여기 오시면 지하 라운지 꼭 이용하세요
TEST_1660,단쳬 숙박도 하였습니다ᄏᄏᄏ
TEST_1661,너무너쉔뷔페에 왔는데 너무 쾌적한 방을 경험했어요ᄒᄒ 벡스코도 가깝고 주차와 시설 모두 만족스러웠어요~
TEST_1662,9월 10일일 70대 할머니인 탑니트 룸에서 식사 후 방문한 중식집 중식이 낮아서 고민하다가 응급실에 계셨고 와이파이를 켜서 CT를 시청하는 일이 있었습니다 와이파이를 켜니까 와이파이가 울렁거렸습니다 와이파이가 울렁거렸습니다
TEST_1663,발렛을 끄는 어린 딸의 울음 소리에 놀랐다 하지만 호텔에서는 발렛이 큰 금액을 지불한다고 생각된다 아이가 이불이 없는 곳인가 싶을 정도다
TEST_1664,정말 실망온천이네~~
TEST_1665,시설이 많이 지어진 느낌입니다~ 웬만하면 뷰가 아닌 것 같아요 ᄏᄏ
TEST_1666,방이 깨끗해서 좋았어요 ᄏᄏᄏ
TEST_1667,오션뷰로 넓은 창으로 광안대교가 보여서 너무너무 힐링되고요 조식도 광안대교를 보면서 먹을 수 있어 좋았습니다~~ 다음에도 광안대교를 보러 오려고요~
TEST_1668,청소 상태가 깨끗하다는 점 빼고는 진짜 믿기지가 않네요 제가 가본 방만 그런 것 같습니다 들어가니까 그냥 자기 쉬기 정도로 더러워져 있고 화장실에 곰팡이가 껴있고 샤워실 샤워부스 샤워부스 샤워부스 샤워부스 샤워부스 샤워부스 샤워부스 샤워부스 샤워부스 샤워부스 샤워부스 샤워부스 샤워부스 샤워부스 샤워부스 샤워부스 샤워부스 샤워부스 샤워부스 샤워부스
TEST_1669,최근 12일 출장 나가면 바로 위치하고 있어서 위치의 편리했습니다 우선 객실은 깨끗하고 편안하며 주변에 음식점과 카페가 많고 좋았습니다 가성비가 좋은 편인 것 같아요
TEST_1670,후기윈을 반대하는 프론트 ~ 도태첸 고욱을 어떻게 보냈지
TEST_1671,방은 아담하네요 마흔에 들었습니다~~ᄒ 가성비 방에 있는 선풍기가 마흔에 안 들어요 ᄏ 나이는 언제쯤에 들었을까요
TEST_1672,오랜만에 부모님윈과 여행 온 부산~ 신라스테이가 바다 전망 케시가 아주 좋습니다
TEST_1673,또 갈 갈 일인 듯요 체크인 2시간 전에 뷰는 처음이네요 로비에 사람이 적은 게 아쉬울 정도입니다 그런데 호텔 내부는 엄청 깨끗하고 쾌적합니다
TEST_1674,바닷가는 뷰가 멋지고 중간 소음이 심하고 칫솔은 좀 주고 샤워 하고 싶은데 이게 무슨 5성 호텔인가요
TEST_1675,쿱뽀 친절한 직원들과 노천이 낀 곳이라서 좋았습니다 이번 연휴로 힐링했어요  침대는 매우 푹신하고 위생 치약이 제공되어 시설들이 깔끔하고 좋았습니다
TEST_1676,청소기 더 되어 있어서 이게 약인가요~ 냄새도 냄새지만 실내에서 담배꽁초가 너무 많고 치워지는 소리가 너무 많아요 그냥 산에서 그럴 수 있음
TEST_1677,싼밤 구매 때문에 환불 요청했다가 어처구니없어했습니다 사장님이 고객을 포용할 수 있을 만큼 마음에 들어하시길 원하시던데 못 가서 죄송합니다
TEST_1678,기대 안 않고 갔는데 완전 대박이네요 ᄏᄏ 뷰는 어쩔 수 없었지만 들어가자마자 오션뷰에 오션 컨디션까지 덤이었어요 물놀이 겸 오션 뷰를 즐기기엔 너무 좋았어요
TEST_1679,라마다투 숙소 이용했는데요 여기 진짜 진짜 뷰 맞나요~ 날씨가 흐려도 광안대교 야경이 너무 예쁘고 만족스러웠어요 화장실이랑 샤워실은 좁긴 하지만 큰 문제는 없었어요~
TEST_1680,신어서라 방 사진을 제대로 못 찍었는데 너무 깔끔하고 아늑하고 매너있었어요 지하에서 유난히 선 시티뷰여서 여기는 묵어봐야겠다고 생각했어요 직원분들이 친절하시고 청소도 잘 해주셔서 너무 좋았습니다
TEST_1681,사장님께서께서 친절하시고 여행객들을 위한 배려를 잘 해 주십니다~
TEST_1682,엘리베이터너부터 너무 누워서 10만원씩 주고 있어요 짱난바다인가요
TEST_1683,미포향 뷰 15층은 바다가 바로 보여서 너무 만족스러웠어요 ᄒᄒ 친절하시고요 수영장 조식 루프탑 수영장 등 너무 만족스러웠어요
TEST_1684,일회 5만 원이고 프론트에 6만 원짜리 복도 소음에 취약할 수 있습니다 방도 넓고 화장실도 깨끗합니다 주인인지 알바인지 젊고 친절합니다
TEST_1685,일단 방은 이쁘고 패달 음식은 지저분해서 저녁에는 룸서비스랑 조식으로 먹었는데 음식은 다 맛있었음 근데 엘리베이터 문이 진짜 꽉 막혀서 잠을 못 잤음
TEST_1686,이만하면 후기 안 쓰겠습니다 후기입니다 후기입니다 후기입니다 후기 중에 후기를 쓸 만한 것이 없는지요
TEST_1687,발렛 후 후기 작성하지 않았는데 직원분들이 친절하시고 2박 머무르는 동안 객실도 다 청소해 주셨습니다 아침 조식도 괜찮아서 가볍게 먹었어요
TEST_1688,친구끼리랑 로맨틱룸에서 투숙했는데 넓기도 넓고 일출 볼 것도 많아서 좋았어요 친구끼리랑 파티 니트도 스타일링 하는 게 재밌었어요 계단으로 올라가서 걷기 좋아요
